raw_station,line_code,rows,cleaned_name,line_hint,location_type,station_code,method,fuzzy_target,fuzzy_score
KENNEDY BD STATION,BD,10349,KENNEDY,BD,station,BD_KENNEDY,alias,,
FINCH STATION,YU,10006,FINCH,,station,YU_FINCH,alias,,
KIPLING STATION,BD,9939,KIPLING,,station,BD_KIPLING,alias,,
BLOOR STATION,YU,8070,BLOOR,,station,YU_BLOOR_YONGE,alias,,
EGLINTON STATION,YU,6969,EGLINTON,,station,YU_EGLINTON,alias,,
WILSON STATION,YU,5672,WILSON,,station,YU_WILSON,alias,,
WARDEN STATION,BD,5666,WARDEN,,station,BD_WARDEN,alias,,
SHEPPARD WEST STATION,YU,5297,SHEPPARD WEST,,station,YU_SHEPPARD_WEST,alias,,
VICTORIA PARK STATION,BD,5014,VICTORIA PARK,,station,BD_VICTORIA_PARK,alias,,
YONGE BD STATION,BD,4882,YONGE,BD,station,BD_BLOOR_YONGE,alias,,
KEELE STATION,BD,4777,KEELE,,station,BD_KEELE,alias,,
ISLINGTON STATION,BD,4644,ISLINGTON,,station,BD_ISLINGTON,alias,,
COXWELL STATION,BD,4372,COXWELL,,station,BD_COXWELL,alias,,
VAUGHAN MC STATION,YU,4349,VAUGHAN MC,,station,YU_VAUGHAN_MC,alias,,
UNION STATION,YU,4348,UNION,,station,YU_UNION,alias,,
DUNDAS STATION,YU,4340,DUNDAS,,station,YU_TMU,alias,,
ST GEORGE YUS STATION,YU,4235,ST GEORGE,YU,station,YU_ST_GEORGE,alias,,
DAVISVILLE STATION,YU,4020,DAVISVILLE,,station,YU_DAVISVILLE,alias,,
ST CLAIR WEST STATION,YU,3933,ST CLAIR WEST,,station,YU_ST_CLAIR_WEST,alias,,
ST GEORGE BD STATION,BD,3783,ST GEORGE,BD,station,BD_ST_GEORGE,alias,,
YORK MILLS STATION,YU,3594,YORK MILLS,,station,YU_YORK_MILLS,alias,,
LAWRENCE STATION,YU,3512,LAWRENCE,,station,YU_LAWRENCE,alias,,
ST CLAIR STATION,YU,3512,ST CLAIR,,station,YU_ST_CLAIR,alias,,
COLLEGE STATION,YU,3385,COLLEGE,,station,YU_COLLEGE,alias,,
WELLESLEY STATION,YU,3384,WELLESLEY,,station,YU_WELLESLEY,alias,,
SHEPPARD STATION,YU,3256,SHEPPARD,,station,YU_SHEPPARD_YONGE,alias,,
DUNDAS WEST STATION,BD,3245,DUNDAS WEST,,station,BD_DUNDAS_WEST,alias,,
YONGE UNIVERSITY LINE,YU,3210,YONGE UNIVERSITY LINE,,line_wide,,rule,,
JANE STATION,BD,3206,JANE,,station,BD_JANE,alias,,
GREENWOOD STATION,BD,3192,GREENWOOD,,station,BD_GREENWOOD,alias,,
BROADVIEW STATION,BD,3131,BROADVIEW,,station,BD_BROADVIEW,alias,,
QUEEN STATION,YU,3065,QUEEN,,station,YU_QUEEN,alias,,
MAIN STREET STATION,BD,2971,MAIN STREET,,station,BD_MAIN_STREET,alias,,
OSSINGTON STATION,BD,2898,OSSINGTON,,station,BD_OSSINGTON,alias,,
SPADINA BD STATION,BD,2872,SPADINA,BD,station,BD_SPADINA,alias,,
BATHURST STATION,BD,2772,BATHURST,,station,BD_BATHURST,alias,,
BLOOR DANFORTH SUBWAY,BD,2607,BLOOR DANFORTH SUBWAY,,line_wide,,rule,,
PAPE STATION,BD,2597,PAPE,,station,BD_PAPE,alias,,
WOODBINE STATION,BD,2592,WOODBINE,,station,BD_WOODBINE,alias,,
EGLINTON WEST STATION,YU,2584,EGLINTON WEST,,station,YU_CEDARVALE,alias,,
ROSEDALE STATION,YU,2575,ROSEDALE,,station,YU_ROSEDALE,alias,,
DONLANDS STATION,BD,2564,DONLANDS,,station,BD_DONLANDS,alias,,
ROYAL YORK STATION,BD,2550,ROYAL YORK,,station,BD_ROYAL_YORK,alias,,
DON MILLS STATION,SHP,2533,DON MILLS,,station,SHP_DON_MILLS,alias,,
CHRISTIE STATION,BD,2531,CHRISTIE,,station,BD_CHRISTIE,alias,,
SHERBOURNE STATION,BD,2516,SHERBOURNE,,station,BD_SHERBOURNE,alias,,
OLD MILL STATION,BD,2395,OLD MILL,,station,BD_OLD_MILL,alias,,
SPADINA YUS STATION,YU,2341,SPADINA,YU,station,YU_SPADINA,alias,,
LAWRENCE WEST STATION,YU,2340,LAWRENCE WEST,,station,YU_LAWRENCE_WEST,alias,,
KING STATION,YU,2263,KING,,station,YU_KING,alias,,
YORKDALE STATION,YU,2246,YORKDALE,,station,YU_YORKDALE,alias,,
DUPONT STATION,YU,2235,DUPONT,,station,YU_DUPONT,alias,,
DUFFERIN STATION,BD,2224,DUFFERIN,,station,BD_DUFFERIN,alias,,
NORTH YORK CTR STATION,YU,2139,NORTH YORK CTR,,station,YU_NORTH_YORK_CENTRE,alias,,
BAY STATION,BD,1979,BAY,,station,BD_BAY,alias,,
YONGE-UNIVERSITY AND B,MULTI,1950,YONGE UNIVERSITY AND B,,line_wide,,rule,,
MCCOWAN STATION,SRT,1895,MCCOWAN,,station,SRT_MCCOWAN,alias,,
QUEEN'S PARK STATION,YU,1873,QUEENS PARK,,station,YU_QUEENS_PARK,alias,,
CHESTER STATION,BD,1843,CHESTER,,station,BD_CHESTER,alias,,
ST PATRICK STATION,YU,1837,ST PATRICK,,station,YU_ST_PATRICK,alias,,
SHEPPARD-YONGE STATION,SHP,1823,SHEPPARD YONGE,,station,SHP_SHEPPARD_YONGE,alias,,
SUMMERHILL STATION,YU,1775,SUMMERHILL,,station,YU_SUMMERHILL,alias,,
CASTLE FRANK STATION,BD,1732,CASTLE FRANK,,station,BD_CASTLE_FRANK,alias,,
ST ANDREW STATION,YU,1728,ST ANDREW,,station,YU_ST_ANDREW,alias,,
HIGH PARK STATION,BD,1701,HIGH PARK,,station,BD_HIGH_PARK,alias,,
MUSEUM STATION,YU,1686,MUSEUM,,station,YU_MUSEUM,alias,,
OSGOODE STATION,YU,1665,OSGOODE,,station,YU_OSGOODE,alias,,
GLENCAIRN STATION,YU,1608,GLENCAIRN,,station,YU_GLENCAIRN,alias,,
LANSDOWNE STATION,BD,1549,LANSDOWNE,,station,BD_LANSDOWNE,alias,,
RUNNYMEDE STATION,BD,1468,RUNNYMEDE,,station,BD_RUNNYMEDE,alias,,
KENNEDY SRT STATION,SRT,1416,KENNEDY,SRT,station,SRT_KENNEDY,alias,,
YONGE SHP STATION,SHP,1323,YONGE,SHP,station,SHP_SHEPPARD_YONGE,alias,,
LESLIE STATION,SHP,1309,LESLIE,,station,SHP_LESLIE,alias,,
FINCH WEST STATION,YU,1289,FINCH WEST,,station,YU_FINCH_WEST,alias,,
BAYVIEW STATION,SHP,1196,BAYVIEW,,station,SHP_BAYVIEW,alias,,
HIGHWAY 407 STATION,YU,1039,HIGHWAY 407,,station,YU_HIGHWAY_407,alias,,
PIONEER VILLAGE STATIO,YU,970,PIONEER VILLAGE,,station,YU_PIONEER_VILLAGE,alias,,
VMC STATION,YU,943,VMC,,station,YU_VAUGHAN_MC,alias,,
DOWNSVIEW PARK STATION,YU,886,DOWNSVIEW PARK,,station,YU_DOWNSVIEW_PARK,alias,,
LAWRENCE EAST STATION,SRT,785,LAWRENCE EAST,,station,SRT_LAWRENCE_EAST,alias,,
YUS/BD/SHEPPARD SUBWAY,MULTI,771,YUS BD SHEPPARD SUBWAY,,line_wide,,rule,,
GREENWOOD YARD,BD,721,GREENWOOD YARD,,facility,,rule,,
BESSARION STATION,SHP,703,BESSARION,,station,SHP_BESSARION,alias,,
YORK UNIVERSITY STATIO,YU,656,YORK UNIVERSITY,,station,YU_YORK_UNIVERSITY,alias,,
YONGE UNIVERSITY LINE,BD,580,YONGE UNIVERSITY LINE,,line_wide,,rule,,
SCARB CTR STATION,SRT,532,SCARB CTR,,station,SRT_SCARBOROUGH_CENTRE,alias,,
MIDLAND STATION,SRT,500,MIDLAND,,station,SRT_MIDLAND,alias,,
SCARBOROUGH CTR STATIO,SRT,478,SCARBOROUGH CTR,,station,SRT_SCARBOROUGH_CENTRE,alias,,
ELLESMERE STATION,SRT,448,ELLESMERE,,station,SRT_ELLESMERE,alias,,
TMU STATION,YU,424,TMU,,station,YU_TMU,alias,,
YONGE UNIVERSITY LINE,MULTI,414,YONGE UNIVERSITY LINE,,line_wide,,rule,,
WILSON YARD,YU,358,WILSON YARD,,facility,,rule,,
KENNEDY SRT STATION TO,SRT,357,KENNEDY SRT STATION TO,,segment,,rule,,
SCARBOROUGH RAPID TRAN,SRT,283,SCARBOROUGH RAPID TRAN,,line_wide,,rule,,
CEDARVALE YU STATION,YU,277,CEDARVALE,YU,station,YU_CEDARVALE,alias,,
DAVISVILLE YARD,YU,266,DAVISVILLE YARD,,facility,,rule,,
WILSON HOSTLER,YU,246,WILSON HOSTLER,,facility,,rule,,
YUS/BD/SHEPPARD SUBWAY,YU,232,YUS BD SHEPPARD SUBWAY,,line_wide,,rule,,
TORONTO TRANSIT COMMIS,SHP,222,TORONTO TRANSIT COMMIS,,line_wide,,rule,,
MCCOWAN STATION TO KEN,SRT,219,MCCOWAN STATION TO KEN,,segment,,rule,,
GREENWOOD WYE,BD,168,GREENWOOD WYE,,facility,,rule,,
TORONTO TRANSIT COMMIS,SRT,167,TORONTO TRANSIT COMMIS,,line_wide,,rule,,
BLOOR DANFORTH LINE,BD,150,BLOOR DANFORTH LINE,,line_wide,,rule,,
YONGE UNIVERSITY SUBWA,YU,124,YONGE UNIVERSITY SUBWA,,line_wide,,rule,,
TORONTO TRANSIT COMMIS,MULTI,120,TORONTO TRANSIT COMMIS,,line_wide,,rule,,
WARDEN STATION,YU,119,WARDEN,,station,BD_WARDEN,alias,,
SRT LINE,SRT,112,SRT LINE,,line_wide,,rule,,
WILSON CARHOUSE,YU,109,WILSON CARHOUSE,,facility,,rule,,
KEELE YARD,BD,101,KEELE YARD,,facility,,rule,,
GREENWOOD CARHOUSE,BD,100,GREENWOOD CARHOUSE,,facility,,rule,,
KENNEDY STATION,BD,100,KENNEDY,,station,BD_KENNEDY,alias,,
SHEPPARD STATION,SHP,93,SHEPPARD,,station,SHP_SHEPPARD_YONGE,alias,,
MCCOWAN YARD,SRT,91,MCCOWAN YARD,,facility,,rule,,
UNION STATION TO KING,YU,91,UNION STATION TO KING,,segment,,rule,,
ST GEORGE YU STATION,YU,90,ST GEORGE,YU,station,YU_ST_GEORGE,alias,,
TORONTO TRANSIT COMMIS,YU,86,TORONTO TRANSIT COMMIS,,line_wide,,rule,,
UNION STATION TO ST AN,YU,82,UNION STATION TO ST AN,,segment,,rule,,
DAVISVILLE HOSTLER,YU,76,DAVISVILLE HOSTLER,,facility,,rule,,
YONGE/UNIVERSITY AND B,MULTI,69,YONGE UNIVERSITY AND B,,line_wide,,rule,,
FINCH STATION PLATFORM,YU,68,FINCH,,station,YU_FINCH,alias,,
GREENWOOD PORTAL,BD,68,GREENWOOD PORTAL,,facility,,rule,,
KENNEDY BD STATION - P,BD,59,KENNEDY,BD,station,BD_KENNEDY,alias,,
YONGE UNIVERSITY AND B,MULTI,58,YONGE UNIVERSITY AND B,,line_wide,,rule,,
YONGE-UNIVERSITY SUBWA,YU,58,YONGE UNIVERSITY SUBWA,,line_wide,,rule,,
KIPLING STATION - PLAT,BD,57,KIPLING,,station,BD_KIPLING,alias,,
YUS/BD/SHEPPARD SUBWAY,BD,57,YUS BD SHEPPARD SUBWAY,,line_wide,,rule,,
DAVISVILLE BUILD UP,YU,56,DAVISVILLE BUILD UP,,facility,,rule,,
KENNEDY SRT TO LAWRENC,SRT,55,KENNEDY SRT TO LAWRENC,,segment,,rule,,
EGLINTON STATION (MIGR,YU,53,EGLINTON,,station,YU_EGLINTON,alias,,
FINCH STATION (PLATFOR,YU,50,FINCH,,station,YU_FINCH,alias,,
LINE 2 BLOOR DANFORTH,BD,50,LINE 2 BLOOR DANFORTH,,line_wide,,rule,,
EGLINTON STATION (APPR,YU,49,EGLINTON,,station,YU_EGLINTON,alias,,
YONGE UNIVERSITY SUBWA,MULTI,49,YONGE UNIVERSITY SUBWA,,line_wide,,rule,,
YONGE-UNIVERSITY AND B,YU,48,YONGE UNIVERSITY AND B,,line_wide,,rule,,
KENNEDY BD STATION PLA,BD,47,KENNEDY,BD,station,BD_KENNEDY,alias,,
YONGE UNIVERSITY LINE,UNKNOWN,47,YONGE UNIVERSITY LINE,,line_wide,,rule,,
YONGE-UNIVERSITY LINE,YU,46,YONGE UNIVERSITY LINE,,line_wide,,rule,,
LINE 1 - YONGE-UNIVERS,YU,45,LINE 1,,line_wide,,rule,,
LINE 1 YONGE UNIVERSIT,YU,45,LINE 1 YONGE UNIVERSIT,,line_wide,,rule,,
DAVISVILLE CARHOUSE,YU,44,DAVISVILLE CARHOUSE,,facility,,rule,,
TORONTO TRANSIT COMMIS,BD,42,TORONTO TRANSIT COMMIS,,line_wide,,rule,,
BLOOR DANFORTH SUBWAY,UNKNOWN,41,BLOOR DANFORTH SUBWAY,,line_wide,,rule,,
WARDEN STATION (APPROA,BD,41,WARDEN,,station,BD_WARDEN,alias,,
YONGE SHEP STATION,SHP,40,YONGE,SHP,station,SHP_SHEPPARD_YONGE,alias,,
KIPLING STATION (PLATF,BD,39,KIPLING,,station,BD_KIPLING,alias,,
SPADINA STATION,BD,38,SPADINA,,station,BD_SPADINA,alias,,
BLOOR STATION,BD,37,BLOOR,,station,BD_BLOOR_YONGE,alias,,
KENNEDY BD STATION (PL,BD,37,KENNEDY,BD,station,BD_KENNEDY,alias,,
SPADINA STATION,YU,35,SPADINA,,station,YU_SPADINA,alias,,
GREENWOOD YARD,UNKNOWN,34,GREENWOOD YARD,,facility,,rule,,
ST GEORGE BD STATION,YU,34,ST GEORGE,BD,station,BD_ST_GEORGE,alias,,
DANFORTH DIVISION,BD,32,DANFORTH DIVISION,,facility,,rule,,
FINCH STATION - PLATFO,YU,32,FINCH,,station,YU_FINCH,alias,,
KIPLING STATION PLATFO,BD,31,KIPLING,,station,BD_KIPLING,alias,,
VMC STATION (PLATFORM,YU,30,VMC,,station,YU_VAUGHAN_MC,alias,,
WARDEN STATION,MULTI,30,WARDEN,,station,BD_WARDEN,alias,,
YONGE BD STATION,YU,30,YONGE,BD,station,BD_BLOOR_YONGE,alias,,
YONGE STATION,BD,30,YONGE,,station,BD_BLOOR_YONGE,alias,,
YU/DB/SHEPPARD SUBWAY,MULTI,30,YU DB SHEPPARD SUBWAY,,line_wide,,rule,,
BLOOR DANFORTH LINE 2,BD,29,BLOOR DANFORTH LINE 2,,line_wide,,rule,,
YUS/BD/SEPPARD SUBWAY,MULTI,29,YUS BD SEPPARD SUBWAY,,line_wide,,rule,,
KENNEDY BD STATION,YU,28,KENNEDY,BD,station,BD_KENNEDY,alias,,
UNION STATION (TOWARDS,YU,28,UNION,,station,YU_UNION,alias,,
GREENWOOD CARHOUSE,UNKNOWN,27,GREENWOOD CARHOUSE,,facility,,rule,,
SHEPPARD LINE,SHP,27,SHEPPARD LINE,,line_wide,,rule,,
UNION TO ST ANDREW,YU,26,UNION TO ST ANDREW,,segment,,rule,,
WILSON CARHOUSE,UNKNOWN,26,WILSON CARHOUSE,,facility,,rule,,
YONGE UNIVERSITY SPADI,YU,26,YONGE UNIVERSITY SPADI,,line_wide,,rule,,
LINE 1 - YONGE UNIVERS,YU,25,LINE 1,,line_wide,,rule,,
YONGE-UNIVERSITY AND B,UNKNOWN,25,YONGE UNIVERSITY AND B,,line_wide,,rule,,
FINCH STATION,UNKNOWN,24,FINCH,,station,YU_FINCH,alias,,
KIPLING STATION (APPRO,BD,24,KIPLING,,station,BD_KIPLING,alias,,
LINE 2 - BLOOR-DANFORT,BD,24,LINE 2,,line_wide,,rule,,
UNION STATION TOWARDS,YU,24,UNION,,station,YU_UNION,alias,,
GREENWOOD SHOP,BD,23,GREENWOOD SHOP,,facility,,rule,,
KENNEDY BD STATION,UNKNOWN,23,KENNEDY,BD,station,BD_KENNEDY,alias,,
LAWRENCE EAST TO KENNE,SRT,23,LAWRENCE EAST TO KENNE,,segment,,rule,,
LINE 1 YONGE-UNIVERSIT,YU,23,LINE 1 YONGE UNIVERSIT,,line_wide,,rule,,
LINE 3 - SCARBOROUGH R,SRT,23,LINE 3,,line_wide,,rule,,
NORTH YORK CENTRE STAT,YU,23,NORTH YORK CENTRE,,station,YU_NORTH_YORK_CENTRE,alias,,
SPADINA YU STATION,YU,23,SPADINA,YU,station,YU_SPADINA,alias,,
BLOOR STATION,UNKNOWN,22,BLOOR,,station,YU_BLOOR_YONGE,alias,,
BLOOR-DANFORTH LINE,BD,22,BLOOR DANFORTH LINE,,line_wide,,rule,,
DAVISVILLE BUILD-UP,YU,22,DAVISVILLE BUILD UP,,facility,,rule,,
KIPLING STATION,YU,22,KIPLING,,station,BD_KIPLING,alias,,
SHEPPARD-YONGE STATION,YU,22,SHEPPARD YONGE,,station,YU_SHEPPARD_YONGE,alias,,
UNION STATION (TO KING,YU,22,UNION,,station,YU_UNION,alias,,
VMC STATION PLATFORM 2,YU,22,VMC,,station,YU_VAUGHAN_MC,alias,,
UNION TO KING STATIONS,YU,21,UNION TO KING STATIONS,,segment,,rule,,
BLOOR-DANFORTH SUBWAY,BD,20,BLOOR DANFORTH SUBWAY,,line_wide,,rule,,
YONGE-UNIVERSITY & BLO,MULTI,20,YONGE UNIVERSITY AND BLO,,line_wide,,rule,,
EGLINTON MIGRATION,YU,19,EGLINTON MIGRATION,,facility,,rule,,
KENNEDY BD STATION (AP,BD,19,KENNEDY,BD,station,BD_KENNEDY,alias,,
KENNEDY SRT TO LAWREN,SRT,19,KENNEDY SRT TO LAWREN,,segment,,rule,,
LINE 1- YONGE UNIVERSI,YU,19,LINE 1 YONGE UNIVERSI,,line_wide,,rule,,
LINE 2 - BLOOR DANFORT,BD,19,LINE 2,,line_wide,,rule,,
BLOOR-DANFORTH LINE 2,BD,18,BLOOR DANFORTH LINE 2,,line_wide,,rule,,
ISLINGTON STATION (APP,BD,18,ISLINGTON,,station,BD_ISLINGTON,alias,,
LINE 1,YU,18,LINE 1,,line_wide,,rule,,
SPADINA BD STATION,YU,18,SPADINA,BD,station,BD_SPADINA,alias,,
UNION TO KING,YU,18,UNION TO KING,,segment,,rule,,
VMC STATION PLATFORM 1,YU,18,VMC,,station,YU_VAUGHAN_MC,alias,,
YONGE AND BLOOR,YU,18,YONGE AND BLOOR,,segment,,rule,,
BLOOR DANFORTH SUBWAY,YU,17,BLOOR DANFORTH SUBWAY,,line_wide,,rule,,
DAVISVILLE BUILDUP,YU,17,DAVISVILLE BUILDUP,,facility,,rule,,
UNION TO ST ANDREW STA,YU,17,UNION TO ST ANDREW,,segment,,rule,,
DAVISVILLE YARD,UNKNOWN,16,DAVISVILLE YARD,,facility,,rule,,
EGLINTON (MIGRATION),YU,16,EGLINTON,,station,YU_EGLINTON,alias,,
FINCH TO EGLINTON STAT,YU,16,FINCH TO EGLINTON,,segment,,rule,,
GUNN BUILDING,UNKNOWN,16,GUNN BUILDING,,facility,,rule,,
LINE 2 BLOOR-DANFORTH,BD,16,LINE 2 BLOOR DANFORTH,,line_wide,,rule,,
LINE 3 SCARBOROUGH SRT,SRT,16,LINE 3 SCARBOROUGH,SRT,line_wide,,rule,,
ST GEORGE YUS STATION,BD,16,ST GEORGE,YU,station,YU_ST_GEORGE,alias,,
VMC STATION - PLATFORM,YU,16,VMC,,station,YU_VAUGHAN_MC,alias,,
YORK MILLS STATION (AP,YU,16,YORK MILLS,,station,YU_YORK_MILLS,alias,,
GREENWOOD SHOPS,BD,15,GREENWOOD SHOPS,,facility,,rule,,
SHEPPARD WEST TO WILSO,YU,15,SHEPPARD WEST TO WILSO,,segment,,rule,,
ST GEORGE STATION,YU,15,ST GEORGE,,station,YU_ST_GEORGE,alias,,
MCBRIEN BUILDING,YU,14,MCBRIEN BUILDING,,facility,,rule,,
QUEEN STATION,UNKNOWN,14,QUEEN,,station,YU_QUEEN,alias,,
KIPLING STATION (ENTER,BD,13,KIPLING,,station,BD_KIPLING,alias,,
LAWRENCE TO ST CLAIR S,YU,13,LAWRENCE TO ST CLAIR S,,segment,,rule,,
MCCOWAN CARHOUSE,SRT,13,MCCOWAN CARHOUSE,,facility,,rule,,
OSSINGTON CENTRE TRACK,BD,13,OSSINGTON CENTRE TRACK,,facility,,rule,,
SHERBOURNE STATION,YU,13,SHERBOURNE,,station,BD_SHERBOURNE,alias,,
SPADINA YUS STATION,BD,13,SPADINA,YU,station,YU_SPADINA,alias,,
ST. GEORGE STATION,YU,13,ST GEORGE,,station,YU_ST_GEORGE,alias,,
UNION STATION (TO ST A,YU,13,UNION,,station,YU_UNION,alias,,
WARDEN STATION (LEAVIN,BD,13,WARDEN,,station,BD_WARDEN,alias,,
DUNDAS STATION,BD,12,DUNDAS,,station,YU_TMU,alias,,
LINE 2 - BLOOR - DANFO,BD,12,LINE 2,,line_wide,,rule,,
ST. CLAIR STATION,YU,12,ST CLAIR,,station,YU_ST_CLAIR,alias,,
TRANSIT CONTROL CENTRE,YU,12,TRANSIT CONTROL CENTRE,,facility,,rule,,
UNION STATION - ST AND,YU,12,UNION,,station,YU_UNION,alias,,
UNION TO KING STATION,YU,12,UNION TO KING,,segment,,rule,,
VICTORIA PARK TO KENNE,BD,12,VICTORIA PARK TO KENNE,,segment,,rule,,
WILSON SOUTH HOSTLER,YU,12,WILSON SOUTH HOSTLER,,facility,,rule,,
WILSON STATION (APPROA,YU,12,WILSON,,station,YU_WILSON,alias,,
BAY STATION,YU,11,BAY,,station,BD_BAY,alias,,
DANFORTH DIVISION,UNKNOWN,11,DANFORTH DIVISION,,facility,,rule,,
DON MILLS STATION,UNKNOWN,11,DON MILLS,,station,SHP_DON_MILLS,alias,,
DON MILLS STATION (LEA,SHP,11,DON MILLS,,station,SHP_DON_MILLS,alias,,
FINCH STATION,BD,11,FINCH,,station,YU_FINCH,alias,,
KIPLING STATION,UNKNOWN,11,KIPLING,,station,BD_KIPLING,alias,,
LINE 2,BD,11,LINE 2,,line_wide,,rule,,
QUEENS PARK STATION,YU,11,QUEENS PARK,,station,YU_QUEENS_PARK,alias,,
ROYAL YORK STATION,YU,11,ROYAL YORK,,station,BD_ROYAL_YORK,alias,,
ST CLAIR STATION TO SH,YU,11,ST CLAIR STATION TO SH,,segment,,rule,,
ST. ANDREW STATION,YU,11,ST ANDREW,,station,YU_ST_ANDREW,alias,,
UNION STATION,UNKNOWN,11,UNION,,station,YU_UNION,alias,,
WARDEN STATION,UNKNOWN,11,WARDEN,,station,BD_WARDEN,alias,,
WILSON DIVISION,YU,11,WILSON DIVISION,,facility,,rule,,
YONGE-UNIVERSITY/BLOOR,MULTI,11,YONGE UNIVERSITY BLOOR,,line_wide,,rule,,
DON MILLS STATION (APP,SHP,10,DON MILLS,,station,SHP_DON_MILLS,alias,,
DONLANDS STATION,YU,10,DONLANDS,,station,BD_DONLANDS,alias,,
EGLINTON MIGRATION POI,YU,10,EGLINTON MIGRATION POI,,facility,,rule,,
FINCH STATION (APPROAC,YU,10,FINCH,,station,YU_FINCH,alias,,
FINCH STATION TO EGLIN,YU,10,FINCH STATION TO EGLIN,,segment,,rule,,
INGLIS BUILDING,UNKNOWN,10,INGLIS BUILDING,,facility,,rule,,
KEELE STATION (LEAVING,BD,10,KEELE,,station,BD_KEELE,alias,,
LINE 1 - YONGE - UNIVE,YU,10,LINE 1,,line_wide,,rule,,
LINE 2- BLOOR DANFORTH,BD,10,LINE 2 BLOOR DANFORTH,,line_wide,,rule,,
MAIN STREET STATION,YU,10,MAIN STREET,,station,BD_MAIN_STREET,alias,,
SCARBOROUGH CTR STATIO,BD,10,SCARBOROUGH CTR,,station,SRT_SCARBOROUGH_CENTRE,alias,,
SHEPPARD WEST MIGRATIO,YU,10,SHEPPARD WEST MIGRATIO,,facility,,rule,,
ST. CLAIR WEST STATION,YU,10,ST CLAIR WEST,,station,YU_ST_CLAIR_WEST,alias,,
TRACK LEVEL ACTIVITY,MULTI,10,TRACK LEVEL ACTIVITY,,facility,,rule,,
UNION STATION TO ST. A,YU,10,UNION STATION TO ST A,,segment,,rule,,
YONGE STATION,YU,10,YONGE,,station,YU_BLOOR_YONGE,alias,,
YONGE-UNIVERSITY AND B,BD,10,YONGE UNIVERSITY AND B,,line_wide,,rule,,
YONGE/UNIVERSITY/SPADI,YU,10,YONGE UNIVERSITY SPADI,,line_wide,,rule,,
CHRISTIE STATION (APPR,BD,9,CHRISTIE,,station,BD_CHRISTIE,alias,,
DAVISVILLE STATION (AP,YU,9,DAVISVILLE,,station,YU_DAVISVILLE,alias,,
EGLINTON STATION,BD,9,EGLINTON,,station,YU_EGLINTON,alias,,
EGLINTON TO BLOOR STAT,YU,9,EGLINTON TO BLOOR,,segment,,rule,,
FINCH STATION - PLAT 1,YU,9,FINCH,,station,YU_FINCH,alias,,
GREENWOOD COMPLEX,BD,9,GREENWOOD COMPLEX,,facility,,rule,,
KENNEDY TO LAWRENCE EA,SRT,9,KENNEDY TO LAWRENCE EA,,segment,,rule,,
KIPLING STATION (LEAVI,BD,9,KIPLING,,station,BD_KIPLING,alias,,
LAWRENCE STATION,BD,9,LAWRENCE,,station,YU_LAWRENCE,alias,,
OLD MILL STATION (ENTE,BD,9,OLD MILL,,station,BD_OLD_MILL,alias,,
SHEPPARD WEST TO ST CL,YU,9,SHEPPARD WEST TO ST CL,,segment,,rule,,
SPADINA STATION,UNKNOWN,9,SPADINA,,station,YU_SPADINA,alias,,
ST GEORGE BD STATION (,BD,9,ST GEORGE,BD,station,BD_ST_GEORGE,alias,,
VMC STATION - PLAT 1,YU,9,VMC,,station,YU_VAUGHAN_MC,alias,,
WELLESLEY STATION,BD,9,WELLESLEY,,station,YU_WELLESLEY,alias,,
WILSON STATION,UNKNOWN,9,WILSON,,station,YU_WILSON,alias,,
YONGE- UNIVERSITY AND,MULTI,9,YONGE UNIVERSITY AND,,line_wide,,rule,,
YONGE-UNIVERSITY-SPADI,YU,9,YONGE UNIVERSITY SPADI,,line_wide,,rule,,
YONGE/UNIVERSITY LINE,YU,9,YONGE UNIVERSITY LINE,,line_wide,,rule,,
YUS/BD/SHEPPARD SUBWAY,UNKNOWN,9,YUS BD SHEPPARD SUBWAY,,line_wide,,rule,,
BATHURST STATION,YU,8,BATHURST,,station,BD_BATHURST,alias,,
BAY STATION,UNKNOWN,8,BAY,,station,BD_BAY,alias,,
BROADVIEW CENTRE TRACK,BD,8,BROADVIEW CENTRE TRACK,,facility,,rule,,
BROADVIEW STATION,UNKNOWN,8,BROADVIEW,,station,BD_BROADVIEW,alias,,
CASTLE FRANK STATION,YU,8,CASTLE FRANK,,station,BD_CASTLE_FRANK,alias,,
DUFFERIN STATION,YU,8,DUFFERIN,,station,BD_DUFFERIN,alias,,
DUNDAS WEST STATION,YU,8,DUNDAS WEST,,station,BD_DUNDAS_WEST,alias,,
EGLINTON STATION,UNKNOWN,8,EGLINTON,,station,YU_EGLINTON,alias,,
GUNN BUILDING,YU,8,GUNN BUILDING,,facility,,rule,,
JANE TO OSSINGTON STAT,BD,8,JANE TO OSSINGTON,,segment,,rule,,
KEELE STATION (APPROAC,BD,8,KEELE,,station,BD_KEELE,alias,,
KEELE TO HIGH PARK,BD,8,KEELE TO HIGH PARK,,segment,,rule,,
KENNEDY BD STATION- PL,BD,8,KENNEDY,BD,station,BD_KENNEDY,alias,,
KENNEDY TO VICTORIA PA,BD,8,KENNEDY TO VICTORIA PA,,segment,,rule,,
KING STATION,UNKNOWN,8,KING,,station,YU_KING,alias,,
KING STATION TO SPADIN,YU,8,KING STATION TO SPADIN,,segment,,rule,,
LINE 3 SCARBOROUGH,SRT,8,LINE 3 SCARBOROUGH,,line_wide,,rule,,
LINE 3 SRT,SRT,8,LINE 3,SRT,line_wide,,rule,,
MCBRIEN BUILDING,UNKNOWN,8,MCBRIEN BUILDING,,facility,,rule,,
NORTH YORK CENTRE,YU,8,NORTH YORK CENTRE,,station,YU_NORTH_YORK_CENTRE,alias,,
PAPE STATION,YU,8,PAPE,,station,BD_PAPE,alias,,
ST CLAIR TO LAWRENCE S,YU,8,ST CLAIR TO LAWRENCE S,,segment,,rule,,
ST GEORGE TO BROADVIEW,BD,8,ST GEORGE TO BROADVIEW,,segment,,rule,,
VAUGHAN MC STATION PLA,YU,8,VAUGHAN MC,,station,YU_VAUGHAN_MC,alias,,
VICTORIA PARK STATION,YU,8,VICTORIA PARK,,station,BD_VICTORIA_PARK,alias,,
VICTORIA PARK TO WARDE,BD,8,VICTORIA PARK TO WARDE,,segment,,rule,,
WOODBINE STATION (APPR,BD,8,WOODBINE,,station,BD_WOODBINE,alias,,
WOODBINE STATION (LEAV,BD,8,WOODBINE,,station,BD_WOODBINE,alias,,
YONGE BD STATION,UNKNOWN,8,YONGE,BD,station,BD_BLOOR_YONGE,alias,,
YONGE UNIVERSITY SPADI,MULTI,8,YONGE UNIVERSITY SPADI,,line_wide,,rule,,
YORK MILLS TO ST CLAIR,YU,8,YORK MILLS TO ST CLAIR,,segment,,rule,,
BAY LOWER,BD,7,BAY LOWER,,facility,,rule,,
DON MILLS STATION,YU,7,DON MILLS,,station,SHP_DON_MILLS,alias,,
DUPONT STATION (APPROA,YU,7,DUPONT,,station,YU_DUPONT,alias,,
FINCH STATION- PLAT 1,YU,7,FINCH,,station,YU_FINCH,alias,,
GREENWOOD CAR HOUSE,BD,7,GREENWOOD CAR HOUSE,,facility,,rule,,
GREENWOOD SHOP,UNKNOWN,7,GREENWOOD SHOP,,facility,,rule,,
KENNEDY BD STATION (LE,BD,7,KENNEDY,BD,station,BD_KENNEDY,alias,,
KENNEDY TO MCCOWAN,SRT,7,KENNEDY TO MCCOWAN,,segment,,rule,,
KIPLING STATION ( PLAT,BD,7,KIPLING,,station,BD_KIPLING,alias,,
KIPLING TO ISLINGTON,BD,7,KIPLING TO ISLINGTON,,segment,,rule,,
LINE 1 YUS,YU,7,LINE 1,YU,line_wide,,rule,,
MAIN STREET STATION,UNKNOWN,7,MAIN STREET,,station,BD_MAIN_STREET,alias,,
OSGOODE POCKET,YU,7,OSGOODE POCKET,,facility,,rule,,
PIONEER VILLAGE TO VAU,YU,7,PIONEER VILLAGE TO VAU,,segment,,rule,,
ROSEDALE STATION,BD,7,ROSEDALE,,station,YU_ROSEDALE,alias,,
ROYAL YORK STATION (AP,BD,7,ROYAL YORK,,station,BD_ROYAL_YORK,alias,,
SHEPPARD WEST TO FINCH,YU,7,SHEPPARD WEST TO FINCH,,segment,,rule,,
ST CLAIR WEST TO ST AN,YU,7,ST CLAIR WEST TO ST AN,,segment,,rule,,
UNION STATION - KING,YU,7,UNION,,station,YU_UNION,alias,,
UNION STATION TO FINCH,YU,7,UNION STATION TO FINCH,,segment,,rule,,
UNION STATION TOWARD S,YU,7,UNION,,station,YU_UNION,alias,,
VICTORIA PARK STATION,UNKNOWN,7,VICTORIA PARK,,station,BD_VICTORIA_PARK,alias,,
VMC STATION PLATFORM #,YU,7,VMC,,station,YU_VAUGHAN_MC,alias,,
WARDEN TO KENNEDY,BD,7,WARDEN TO KENNEDY,,segment,,rule,,
WOODBINE TO KENNEDY,BD,7,WOODBINE TO KENNEDY,,segment,,rule,,
YONGE - UNIVERSITY AND,MULTI,7,YONGE,,station,BD_BLOOR_YONGE,alias,,
YUS,YU,7,YUS,,line_wide,,rule,,
BAY LOWER,YU,6,BAY LOWER,,facility,,rule,,
COLLEGE STATION,BD,6,COLLEGE,,station,YU_COLLEGE,alias,,
COLLEGE STATION,UNKNOWN,6,COLLEGE,,station,YU_COLLEGE,alias,,
COXWELL STATION,YU,6,COXWELL,,station,BD_COXWELL,alias,,
DAVISVILLE STATION,BD,6,DAVISVILLE,,station,YU_DAVISVILLE,alias,,
DUNCAN SHOP,UNKNOWN,6,DUNCAN SHOP,,facility,,rule,,
DUNDAS STATION E/S,YU,6,DUNDAS,,station,YU_TMU,alias,,
DUNDAS WEST STATION,UNKNOWN,6,DUNDAS WEST,,station,BD_DUNDAS_WEST,alias,,
DUNDAS WEST STATION (L,BD,6,DUNDAS WEST,,station,BD_DUNDAS_WEST,alias,,
DUNDAS WEST STATION -,BD,6,DUNDAS WEST,,station,BD_DUNDAS_WEST,alias,,
EGLINTON BUS TERMINAL,YU,6,EGLINTON BUS TERMINAL,,facility,,rule,,
EGLINTON STATION TO CO,YU,6,EGLINTON STATION TO CO,,segment,,rule,,
FINCH STATION ( PLATFO,YU,6,FINCH,,station,YU_FINCH,alias,,
FINCH STATION- PLATFOR,YU,6,FINCH,,station,YU_FINCH,alias,,
FINCH TO SHEPPARD STAT,YU,6,FINCH TO SHEPPARD,,segment,,rule,,
GREENWOOD SHOPS,UNKNOWN,6,GREENWOOD SHOPS,,facility,,rule,,
ISLINGTON STATION (ENT,BD,6,ISLINGTON,,station,BD_ISLINGTON,alias,,
ISLINGTON STATION (LEA,BD,6,ISLINGTON,,station,BD_ISLINGTON,alias,,
JANE STATION,YU,6,JANE,,station,BD_JANE,alias,,
KEELE STATION,YU,6,KEELE,,station,BD_KEELE,alias,,
KEELE STATION (ENTERIN,BD,6,KEELE,,station,BD_KEELE,alias,,
KING TO UNION,YU,6,KING TO UNION,,segment,,rule,,
KIPLING TO JANE STATIO,BD,6,KIPLING TO JANE,,segment,,rule,,
LAWRENCE STATION,UNKNOWN,6,LAWRENCE,,station,YU_LAWRENCE,alias,,
LAWRENCE STATION (APPR,YU,6,LAWRENCE,,station,YU_LAWRENCE,alias,,
LINE 2 BLOOR DANFORTH,UNKNOWN,6,LINE 2 BLOOR DANFORTH,,line_wide,,rule,,
LINE 3,SRT,6,LINE 3,,line_wide,,rule,,
MCCOWAN STATION TO KEN,UNKNOWN,6,MCCOWAN STATION TO KEN,,segment,,rule,,
MCCOWAN YARD,UNKNOWN,6,MCCOWAN YARD,,facility,,rule,,
OSSINGTON STATION,UNKNOWN,6,OSSINGTON,,station,BD_OSSINGTON,alias,,
OSSINGTON STATION,YU,6,OSSINGTON,,station,BD_OSSINGTON,alias,,
QUEEN STATION,BD,6,QUEEN,,station,YU_QUEEN,alias,,
SHEPPARD STATION TO EG,YU,6,SHEPPARD STATION TO EG,,segment,,rule,,
SHEPPARD TO EGLINTON S,YU,6,SHEPPARD TO EGLINTON S,,segment,,rule,,
SHEPPARD WEST PORTAL,YU,6,SHEPPARD WEST PORTAL,,facility,,rule,,
SPADINA BD STATION,UNKNOWN,6,SPADINA,BD,station,BD_SPADINA,alias,,
SPADINA YUS STATION,UNKNOWN,6,SPADINA,YU,station,YU_SPADINA,alias,,
ST CLAIR STATION,UNKNOWN,6,ST CLAIR,,station,YU_ST_CLAIR,alias,,
ST CLAIR WEST STATION,UNKNOWN,6,ST CLAIR WEST,,station,YU_ST_CLAIR_WEST,alias,,
ST CLAIR WEST TO UNION,YU,6,ST CLAIR WEST TO UNION,,segment,,rule,,
ST. GEORGE STATION,BD,6,ST GEORGE,,station,BD_ST_GEORGE,alias,,
ST. PATRICK STATION,YU,6,ST PATRICK,,station,YU_ST_PATRICK,alias,,
UNION STATION (ST ANDR,YU,6,UNION,,station,YU_UNION,alias,,
VMC STATION - PLAT 2,YU,6,VMC,,station,YU_VAUGHAN_MC,alias,,
WARDEN STATION (ENTERI,BD,6,WARDEN,,station,BD_WARDEN,alias,,
WILSON CAR HOUSE,YU,6,WILSON CAR HOUSE,,facility,,rule,,
WILSON GARAGE,YU,6,WILSON GARAGE,,facility,,rule,,
WILSON STATION,BD,6,WILSON,,station,YU_WILSON,alias,,
WILSON TO SHEPPARD WES,YU,6,WILSON TO SHEPPARD WES,,segment,,rule,,
WILSON YARD,UNKNOWN,6,WILSON YARD,,facility,,rule,,
YONGE UNIVERSITY/BLOOR,MULTI,6,YONGE UNIVERSITY BLOOR,,line_wide,,rule,,
YONGE- UNIVERSITY SUBW,YU,6,YONGE UNIVERSITY SUBW,,line_wide,,rule,,
YONGE-UNIVERSITY-SPADI,MULTI,6,YONGE UNIVERSITY SPADI,,line_wide,,rule,,
BATHURST STATION,UNKNOWN,5,BATHURST,,station,BD_BATHURST,alias,,
BLOOR TO EGLINTON,YU,5,BLOOR TO EGLINTON,,segment,,rule,,
BROADVIEW STATION (LEA,BD,5,BROADVIEW,,station,BD_BROADVIEW,alias,,
BROADVIEW STATION TO W,BD,5,BROADVIEW STATION TO W,,segment,,rule,,
CHESTER CENTRE TRACK,BD,5,CHESTER CENTRE TRACK,,facility,,rule,,
CHESTER STATION (APPRO,BD,5,CHESTER,,station,BD_CHESTER,alias,,
COXWELL STATION,UNKNOWN,5,COXWELL,,station,BD_COXWELL,alias,,
DAVISVILLE STATION (BU,YU,5,DAVISVILLE,,station,YU_DAVISVILLE,alias,,
DUNDAS STATION,UNKNOWN,5,DUNDAS,,station,YU_TMU,alias,,
DUNDAS STATION (APPROA,YU,5,DUNDAS,,station,YU_TMU,alias,,
DUNDAS STATION W/S,YU,5,DUNDAS,,station,YU_TMU,alias,,
DUNDAS WEST STATION (A,BD,5,DUNDAS WEST,,station,BD_DUNDAS_WEST,alias,,
EARLY ACCESS CLOSURE -,BD,5,EARLY ACCESS CLOSURE,,line_wide,,rule,,
EGLINTON TO FINCH,YU,5,EGLINTON TO FINCH,,segment,,rule,,
FINCH STATION - PLAT 2,YU,5,FINCH,,station,YU_FINCH,alias,,
FINCH STATION TO ST CL,YU,5,FINCH STATION TO ST CL,,segment,,rule,,
HIGH PARK TO KEELE,BD,5,HIGH PARK TO KEELE,,segment,,rule,,
ISLINGTON STATION ( AP,BD,5,ISLINGTON,,station,BD_ISLINGTON,alias,,
KENNEDY BD STATION,SHP,5,KENNEDY,BD,station,BD_KENNEDY,alias,,
KENNEDY SRT STATION (A,SRT,5,KENNEDY,SRT,station,SRT_KENNEDY,alias,,
KIPLING STATION TO ISL,BD,5,KIPLING STATION TO ISL,,segment,,rule,,
KIPLING STATION- PLAT,BD,5,KIPLING,,station,BD_KIPLING,alias,,
KIPLING STATION- PLATF,BD,5,KIPLING,,station,BD_KIPLING,alias,,
KIPLING TO KEELE,BD,5,KIPLING TO KEELE,,segment,,rule,,
LEASIDE STATION,BD,5,LEASIDE,,unmatched,,none,,
LINE 2 BLOOR - DANFORT,BD,5,LINE 2 BLOOR,,line_wide,,rule,,
LINE 4,SRT,5,LINE 4,,line_wide,,rule,,
LYTTON EMERGENCY EXIT,YU,5,LYTTON EMERGENCY EXIT,,facility,,rule,,
MAIN STATION,BD,5,MAIN,,station,BD_MAIN_STREET,alias,,
OLD MILL STATION,UNKNOWN,5,OLD MILL,,station,BD_OLD_MILL,alias,,
QUEEN'S PARK STATION (,YU,5,QUEENS PARK,,station,YU_QUEENS_PARK,alias,,
SCARBOROUGH CENTRE STA,SRT,5,SCARBOROUGH CENTRE,,station,SRT_SCARBOROUGH_CENTRE,alias,,
SHEPPARD STATION (APPR,YU,5,SHEPPARD,,station,YU_SHEPPARD_YONGE,alias,,
SHEPPARD WEST STATION,UNKNOWN,5,SHEPPARD WEST,,station,YU_SHEPPARD_WEST,alias,,
SHEPPARD WYE,YU,5,SHEPPARD WYE,,facility,,rule,,
SHEPPARD-YONGE TAIL TR,SHP,5,SHEPPARD YONGE TAIL TR,,facility,,rule,,
ST ANDREW STATION TO S,YU,5,ST ANDREW STATION TO S,,segment,,rule,,
ST ANDREW TO ST GEORGE,YU,5,ST ANDREW TO ST GEORGE,,segment,,rule,,
ST CLAIR WEST STATION,BD,5,ST CLAIR WEST,,station,YU_ST_CLAIR_WEST,alias,,
ST CLAIR WEST TO KING,YU,5,ST CLAIR WEST TO KING,,segment,,rule,,
ST GEORGE BD STATION,UNKNOWN,5,ST GEORGE,BD,station,BD_ST_GEORGE,alias,,
ST GEORGE TO WOODBINE,BD,5,ST GEORGE TO WOODBINE,,segment,,rule,,
SYSTEMWIDE,MULTI,5,SYSTEMWIDE,,line_wide,,rule,,
TEDDINGTON EE,YU,5,TEDDINGTON EE,,facility,,rule,,
TRANSIT CONTROL,YU,5,TRANSIT CONTROL,,facility,,rule,,
TRANSIT CONTROL CENTRE,UNKNOWN,5,TRANSIT CONTROL CENTRE,,facility,,rule,,
UNION STATION - NB TO,YU,5,UNION,,station,YU_UNION,alias,,
VAUGHAN MC STATION,BD,5,VAUGHAN MC,,station,YU_VAUGHAN_MC,alias,,
VMC STATION PL 2,YU,5,VMC,,station,YU_VAUGHAN_MC,alias,,
WOODBINE STATION,YU,5,WOODBINE,,station,BD_WOODBINE,alias,,
YONGE - UNIVERSITY LIN,YU,5,YONGE,,station,YU_BLOOR_YONGE,alias,,
YONGE / UNIVERSITY LIN,YU,5,YONGE UNIVERSITY LIN,,line_wide,,rule,,
YONGE BD STATION,SHP,5,YONGE,BD,station,BD_BLOOR_YONGE,alias,,
YONGE SHP STATION,YU,5,YONGE,SHP,station,SHP_SHEPPARD_YONGE,alias,,
YORK MILLS CENTRE TRAC,YU,5,YORK MILLS CENTRE TRAC,,facility,,rule,,
YORK MILLS STATION,BD,5,YORK MILLS,,station,YU_YORK_MILLS,alias,,
BAY LOWER STATION,BD,4,BAY LOWER,,facility,,rule,,
BLOOR STATION (ENTERIN,YU,4,BLOOR,,station,YU_BLOOR_YONGE,alias,,
BLOOR-DANFORTH,BD,4,BLOOR DANFORTH,,line_wide,,rule,,
BROADVIEW STATION,OTHER,4,BROADVIEW,,station,BD_BROADVIEW,alias,,
BROADVIEW TO WOODBINE,BD,4,BROADVIEW TO WOODBINE,,segment,,rule,,
CHESTER STATION,YU,4,CHESTER,,station,BD_CHESTER,alias,,
CHRISTIE STATION,UNKNOWN,4,CHRISTIE,,station,BD_CHRISTIE,alias,,
CHRISTIE STATION (LEAV,BD,4,CHRISTIE,,station,BD_CHRISTIE,alias,,
DAVISVILLE CARHOUSE,UNKNOWN,4,DAVISVILLE CARHOUSE,,facility,,rule,,
DAVISVILLE STATION,OTHER,4,DAVISVILLE,,station,YU_DAVISVILLE,alias,,
DAVISVILLE STATION,UNKNOWN,4,DAVISVILLE,,station,YU_DAVISVILLE,alias,,
DAVISVILLE STATION - B,YU,4,DAVISVILLE,,station,YU_DAVISVILLE,alias,,
DON MILLS STATION,BD,4,DON MILLS,,station,SHP_DON_MILLS,alias,,
DONLANDS STATION (APPR,BD,4,DONLANDS,,station,BD_DONLANDS,alias,,
DONLANDS STATION - LEA,BD,4,DONLANDS,,station,BD_DONLANDS,alias,,
DOWNSVIEW STATION,YU,4,DOWNSVIEW,,station,YU_SHEPPARD_WEST,alias,,
EGLINTON STATION (LEAV,YU,4,EGLINTON,,station,YU_EGLINTON,alias,,
EGLINTON STATION TO SH,YU,4,EGLINTON STATION TO SH,,segment,,rule,,
EGLINTON WEST STATION,UNKNOWN,4,EGLINTON WEST,,station,YU_CEDARVALE,alias,,
FINCH STATION,OTHER,4,FINCH,,station,YU_FINCH,alias,,
FINCH STATION-PLATFORM,YU,4,FINCH,,station,YU_FINCH,alias,,
FINCH TO EGLINTON,YU,4,FINCH TO EGLINTON,,segment,,rule,,
FINCH TO ST CLAIR STAT,YU,4,FINCH TO ST CLAIR,,segment,,rule,,
FINCH WEST TO SHEPPARD,YU,4,FINCH WEST TO SHEPPARD,,segment,,rule,,
GLENCARIN STATION,YU,4,GLENCARIN,,station,YU_GLENCAIRN,fuzzy_reviewed,GLENCAIRN,0.889
GREENWOOD STATION (APP,BD,4,GREENWOOD,,station,BD_GREENWOOD,alias,,
HARVEY SHOP,UNKNOWN,4,HARVEY SHOP,,facility,,rule,,
HIGH PARK STATION,YU,4,HIGH PARK,,station,BD_HIGH_PARK,alias,,
ISLINGTON CENTRE TRACK,BD,4,ISLINGTON CENTRE TRACK,,facility,,rule,,
ISLINGTON STATION,UNKNOWN,4,ISLINGTON,,station,BD_ISLINGTON,alias,,
ISLINGTON STATION,YU,4,ISLINGTON,,station,BD_ISLINGTON,alias,,
JANE STATION (ENTERING,BD,4,JANE,,station,BD_JANE,alias,,
JANE STATION TO OSSING,BD,4,JANE STATION TO OSSING,,segment,,rule,,
JANE TO OSSINGTON,BD,4,JANE TO OSSINGTON,,segment,,rule,,
KEELE STATION - KIPLIN,BD,4,KEELE,,station,BD_KEELE,alias,,
KENNEDY BD STATION,SRT,4,KENNEDY,BD,station,BD_KENNEDY,alias,,
KENNEDY SRT STATION (E,SRT,4,KENNEDY,SRT,station,SRT_KENNEDY,alias,,
KENNEDY SRT STATION (L,SRT,4,KENNEDY,SRT,station,SRT_KENNEDY,alias,,
KENNEDY STATION TO KIP,BD,4,KENNEDY STATION TO KIP,,segment,,rule,,
KING TO EGLINTON STATI,YU,4,KING TO EGLINTON,,segment,,rule,,
KIPLING STATION -PLAT,BD,4,KIPLING,,station,BD_KIPLING,alias,,
KIPLING STATION TO JAN,BD,4,KIPLING STATION TO JAN,,segment,,rule,,
KIPLING STATION TO KEN,BD,4,KIPLING STATION TO KEN,,segment,,rule,,
KIPLING TO ISLINGTON S,BD,4,KIPLING TO ISLINGTON S,,segment,,rule,,
KIPLING TO KENNEDY STA,BD,4,KIPLING TO KENNEDY,,segment,,rule,,
KIPLING TO ROYAL YORK,BD,4,KIPLING TO ROYAL YORK,,segment,,rule,,
LAWRENCE TO BLOOR STAT,YU,4,LAWRENCE TO BLOOR,,segment,,rule,,
LINE 1 - YONGE/UNIVERS,YU,4,LINE 1,,line_wide,,rule,,
LINE 1 YONGE - UNIVERS,YU,4,LINE 1 YONGE,,line_wide,,rule,,
MUSEUM STATION,BD,4,MUSEUM,,station,YU_MUSEUM,alias,,
OLD MILL STATION,YU,4,OLD MILL,,station,BD_OLD_MILL,alias,,
OSSINGTON STATION (LEA,BD,4,OSSINGTON,,station,BD_OSSINGTON,alias,,
OSSINGTON STATION - ST,BD,4,OSSINGTON,,station,BD_OSSINGTON,alias,,
QUEENS QUAY STATION,YU,4,QUEENS QUAY,,unmatched,,none,,
RUNNYMEDE STATION (APP,BD,4,RUNNYMEDE,,station,BD_RUNNYMEDE,alias,,
SHEPPARD STATION,UNKNOWN,4,SHEPPARD,,station,YU_SHEPPARD_YONGE,alias,,
SOUTH HOSTLER,YU,4,SOUTH HOSTLER,,facility,,rule,,
SPADINA BD STATION,SHP,4,SPADINA,BD,station,BD_SPADINA,alias,,
SPADINA TO ST ANDREW S,YU,4,SPADINA TO ST ANDREW S,,segment,,rule,,
ST CLAIR STATION,BD,4,ST CLAIR,,station,YU_ST_CLAIR,alias,,
ST CLAIR STATION (APPR,YU,4,ST CLAIR,,station,YU_ST_CLAIR,alias,,
ST CLAIR STATION - UPP,YU,4,ST CLAIR,,station,YU_ST_CLAIR,alias,,
ST CLAIR TO YORK MILLS,YU,4,ST CLAIR TO YORK MILLS,,segment,,rule,,
ST GEORGE STATION,BD,4,ST GEORGE,,station,BD_ST_GEORGE,alias,,
ST PATRICK STATION,BD,4,ST PATRICK,,station,YU_ST_PATRICK,alias,,
SUMMERHILL STATION,BD,4,SUMMERHILL,,station,YU_SUMMERHILL,alias,,
SYSTEM WIDE,MULTI,4,SYSTEM WIDE,,line_wide,,rule,,
SYSTEM WIDE,UNKNOWN,4,SYSTEM WIDE,,line_wide,,rule,,
SYSTEM WIDE,YU,4,SYSTEM WIDE,,line_wide,,rule,,
TRANSIT CONTROL,UNKNOWN,4,TRANSIT CONTROL,,facility,,rule,,
TRANSIT CONTROL CENTRE,SRT,4,TRANSIT CONTROL CENTRE,,facility,,rule,,
UNION STATION,BD,4,UNION,,station,YU_UNION,alias,,
UNION STATION (ENTERIN,YU,4,UNION,,station,YU_UNION,alias,,
UNION STATION (UNIVERS,YU,4,UNION,,station,YU_UNION,alias,,
UNION STATION TOWARD K,YU,4,UNION,,station,YU_UNION,alias,,
VAUGHAN MC STATION (PL,YU,4,VAUGHAN MC,,station,YU_VAUGHAN_MC,alias,,
VMC TO EGLINTON STATIO,YU,4,VMC TO EGLINTON,,segment,,rule,,
WARDEN STATION,OTHER,4,WARDEN,,station,BD_WARDEN,alias,,
WARDEN STATION ( APPRO,BD,4,WARDEN,,station,BD_WARDEN,alias,,
WARDEN TO VICTORIA PAR,BD,4,WARDEN TO VICTORIA PAR,,segment,,rule,,
WILSON HOSLTER,YU,4,WILSON HOSLTER,,facility,,rule,,
WILSON HOSTLER,UNKNOWN,4,WILSON HOSTLER,,facility,,rule,,
WILSON NORTH HOSTLER,YU,4,WILSON NORTH HOSTLER,,facility,,rule,,
WILSON TRACK AND STRUC,YU,4,WILSON TRACK AND STRUC,,facility,,rule,,
YONGE -UNIVERSITY AND,MULTI,4,YONGE UNIVERSITY AND,,line_wide,,rule,,
YONGE UNIVERSITY,YU,4,YONGE UNIVERSITY,,line_wide,,rule,,
YONGE UNIVESITY LINE,YU,4,YONGE UNIVESITY LINE,,line_wide,,rule,,
YORK MILLS STATION (LE,YU,4,YORK MILLS,,station,YU_YORK_MILLS,alias,,
YORKDALE STATION,BD,4,YORKDALE,,station,YU_YORKDALE,alias,,
ASQUITH SUBSTATION,YU,3,ASQUITH SUBSTATION,,facility,,rule,,
BAY LOWER STATION,YU,3,BAY LOWER,,facility,,rule,,
BD SUBWAY,BD,3,BD SUBWAY,,line_wide,,rule,,
BLOOR DANFORTH,BD,3,BLOOR DANFORTH,,line_wide,,rule,,
BLOOR STATION (APPROAC,YU,3,BLOOR,,station,YU_BLOOR_YONGE,alias,,
BLOOR TO SHEPPARD STAT,YU,3,BLOOR TO SHEPPARD,,segment,,rule,,
BLOOR VIADUCT,BD,3,BLOOR VIADUCT,,facility,,rule,,
BROADVIEW STATION,YU,3,BROADVIEW,,station,BD_BROADVIEW,alias,,
BROADVIEW TO ST GEORGE,BD,3,BROADVIEW TO ST GEORGE,,segment,,rule,,
CEDARVALE STATION,YU,3,CEDARVALE,,station,YU_CEDARVALE,alias,,
CHANGE OVERS / GENERAL,BD,3,CHANGE OVERS GENERAL,,line_wide,,rule,,
CHESTER STATION (ENTER,BD,3,CHESTER,,station,BD_CHESTER,alias,,
CHESTER TO BROADVIEW,BD,3,CHESTER TO BROADVIEW,,segment,,rule,,
CHRISTIE STATION,YU,3,CHRISTIE,,station,BD_CHRISTIE,alias,,
CHRISTIE TO PAPE STATI,BD,3,CHRISTIE TO PAPE,,segment,,rule,,
COLLEGE TO KING,YU,3,COLLEGE TO KING,,segment,,rule,,
DAVISVILLE CAR HOUSE,YU,3,DAVISVILLE CAR HOUSE,,facility,,rule,,
DAVISVILLE STATION BUI,YU,3,DAVISVILLE,,station,YU_DAVISVILLE,alias,,
DAVISVILLE TO EGLINTON,YU,3,DAVISVILLE TO EGLINTON,,segment,,rule,,
DAVISVILLE YARD,BD,3,DAVISVILLE YARD,,facility,,rule,,
DON MILLS STATION - LE,SHP,3,DON MILLS,,station,SHP_DON_MILLS,alias,,
DUFFERIN STATION,UNKNOWN,3,DUFFERIN,,station,BD_DUFFERIN,alias,,
DUPONT STATION,UNKNOWN,3,DUPONT,,station,YU_DUPONT,alias,,
DUPONT STATION (LEAVIN,YU,3,DUPONT,,station,YU_DUPONT,alias,,
DUPONT TO ST CLAIR WES,YU,3,DUPONT TO ST CLAIR WES,,segment,,rule,,
EA CLOSURE SHEPPARD WE,YU,3,EA CLOSURE SHEPPARD WE,,line_wide,,rule,,
EGLINTON STATION TO FI,YU,3,EGLINTON STATION TO FI,,segment,,rule,,
EGLINTON TO COLLEGE ST,YU,3,EGLINTON TO COLLEGE ST,,segment,,rule,,
EGLINTON TO DAVISVILLE,YU,3,EGLINTON TO DAVISVILLE,,segment,,rule,,
EGLINTON TO LAWRENCE,YU,3,EGLINTON TO LAWRENCE,,segment,,rule,,
EGLINTON TO LAWRENCE S,YU,3,EGLINTON TO LAWRENCE S,,segment,,rule,,
EGLINTON TO SHEPPARD S,YU,3,EGLINTON TO SHEPPARD S,,segment,,rule,,
FINCH STATION,SHP,3,FINCH,,station,YU_FINCH,alias,,
FINCH STATION (LEAVING,YU,3,FINCH,,station,YU_FINCH,alias,,
FINCH STATION P2,YU,3,FINCH,,station,YU_FINCH,alias,,
FINCH WEST STATION,UNKNOWN,3,FINCH WEST,,station,YU_FINCH_WEST,alias,,
FINCH WEST TO LAWRENCE,YU,3,FINCH WEST TO LAWRENCE,,segment,,rule,,
GREENWOOD STATION,UNKNOWN,3,GREENWOOD,,station,BD_GREENWOOD,alias,,
GREENWOOD STATION,YU,3,GREENWOOD,,station,BD_GREENWOOD,alias,,
GREENWOOD STATION (LEA,BD,3,GREENWOOD,,station,BD_GREENWOOD,alias,,
GREENWOOD TRACK AND ST,BD,3,GREENWOOD TRACK AND ST,,facility,,rule,,
HIGH PARK TO KEELE STA,BD,3,HIGH PARK TO KEELE,,segment,,rule,,
HWY 407 STATION,YU,3,HWY 407,,station,YU_HIGHWAY_407,alias,,
JANE STATION (APPROACH,BD,3,JANE,,station,BD_JANE,alias,,
KEELE STATION,UNKNOWN,3,KEELE,,station,BD_KEELE,alias,,
KENNEDY - LAWRENCE EAS,SRT,3,KENNEDY,,station,SRT_KENNEDY,alias,,
KENNEDY BD STATION ( P,BD,3,KENNEDY,BD,station,BD_KENNEDY,alias,,
KENNEDY BD STATION (EN,BD,3,KENNEDY,BD,station,BD_KENNEDY,alias,,
KENNEDY BD STATION -PL,BD,3,KENNEDY,BD,station,BD_KENNEDY,alias,,
KENNEDY BD STATION PL,BD,3,KENNEDY,BD,station,BD_KENNEDY,alias,,
KENNEDY STATION TO LAW,SRT,3,KENNEDY STATION TO LAW,,segment,,rule,,
KENNEDY TO KIPLING STA,BD,3,KENNEDY TO KIPLING,,segment,,rule,,
KENNEDY TO MCCOWAN STA,SRT,3,KENNEDY TO MCCOWAN,,segment,,rule,,
KING COMMERCE COURT,YU,3,KING COMMERCE COURT,,unmatched,,none,,
KING STATION,BD,3,KING,,station,YU_KING,alias,,
KING STATION (COMMERCE,YU,3,KING,,station,YU_KING,alias,,
KING STATION - COMMERC,YU,3,KING,,station,YU_KING,alias,,
KIPLING STATION (EXITI,BD,3,KIPLING,,station,BD_KIPLING,alias,,
KIPLING STATION (TAIL,BD,3,KIPLING,,station,BD_KIPLING,alias,,
KIPLING STATION - TAIL,BD,3,KIPLING,,station,BD_KIPLING,alias,,
KIPLING STATION APPROA,BD,3,KIPLING,,station,BD_KIPLING,alias,,
KIPLING STATION P2,BD,3,KIPLING,,station,BD_KIPLING,alias,,
KIPLING TO JANE,BD,3,KIPLING TO JANE,,segment,,rule,,
KIPLING TO KENNEDY,BD,3,KIPLING TO KENNEDY,,segment,,rule,,
LANSDOWNE STATION,YU,3,LANSDOWNE,,station,BD_LANSDOWNE,alias,,
LAWRENCE WEST STATION,BD,3,LAWRENCE WEST,,station,YU_LAWRENCE_WEST,alias,,
LESLIE STATION (APPROA,SHP,3,LESLIE,,station,SHP_LESLIE,alias,,
LINE 1 YONGE- UNIVERSI,YU,3,LINE 1 YONGE UNIVERSI,,line_wide,,rule,,
LINE 2 - BLOOR DANFORT,UNKNOWN,3,LINE 2,,line_wide,,rule,,
LINE 2 BD,BD,3,LINE 2,BD,line_wide,,rule,,
LINE 3 SCARBOROUGH RT,SRT,3,LINE 3 SCARBOROUGH,SRT,line_wide,,rule,,
LINE 4,SHP,3,LINE 4,,line_wide,,rule,,
MACDONALD CARTIER EE,YU,3,MACDONALD CARTIER EE,,facility,,rule,,
MARKDALE EE,YU,3,MARKDALE EE,,facility,,rule,,
MC COWAN STATION,SRT,3,MC COWAN,,station,SRT_MCCOWAN,fuzzy_reviewed,MCCOWAN,0.933
MCCOWAN TO KENNEDY STA,SRT,3,MCCOWAN TO KENNEDY,,segment,,rule,,
MIGRATION POINT,YU,3,MIGRATION POINT,,facility,,rule,,
N/O DAVISVILLE TO N/O,YU,3,N O DAVISVILLE TO N O,,segment,,rule,,
OLD MILL STATION (APPR,BD,3,OLD MILL,,station,BD_OLD_MILL,alias,,
OSSINGTON STATION (APP,BD,3,OSSINGTON,,station,BD_OSSINGTON,alias,,
PAPE STATION,UNKNOWN,3,PAPE,,station,BD_PAPE,alias,,
PAPE TO ST GEORGE,BD,3,PAPE TO ST GEORGE,,segment,,rule,,
PIONEER VILLAGE STATIO,OTHER,3,PIONEER VILLAGE,,station,YU_PIONEER_VILLAGE,alias,,
QUEEN ALBERT,YU,3,QUEEN ALBERT,,unmatched,,none,,
QUEEN STATION (EAST SI,YU,3,QUEEN,,station,YU_QUEEN,alias,,
QUEEN STATION - ALBERT,YU,3,QUEEN,,station,YU_QUEEN,alias,,
QUEEN STATION - EAST S,YU,3,QUEEN,,station,YU_QUEEN,alias,,
QUEEN STATION E/S,YU,3,QUEEN,,station,YU_QUEEN,alias,,
QUEEN'S PARK STATION,UNKNOWN,3,QUEENS PARK,,station,YU_QUEENS_PARK,alias,,
QUEEN'S QUAY - UNION,YU,3,QUEENS QUAY,,unmatched,,none,,
ROSEDALE STATION,SHP,3,ROSEDALE,,station,YU_ROSEDALE,alias,,
ROSEDALE STATION (APPR,YU,3,ROSEDALE,,station,YU_ROSEDALE,alias,,
ROYAL YORK STATION,OTHER,3,ROYAL YORK,,station,BD_ROYAL_YORK,alias,,
ROYAL YORK STATION (LE,BD,3,ROYAL YORK,,station,BD_ROYAL_YORK,alias,,
RUNNYMEDE STATION,YU,3,RUNNYMEDE,,station,BD_RUNNYMEDE,alias,,
SHEPPARD STATION,BD,3,SHEPPARD,,station,YU_SHEPPARD_YONGE,alias,,
SHEPPARD SUBWAY LINE,SHP,3,SHEPPARD SUBWAY LINE,,line_wide,,rule,,
SHEPPARD TO ST CLAIR S,YU,3,SHEPPARD TO ST CLAIR S,,segment,,rule,,
SHEPPARD WEST STATION,BD,3,SHEPPARD WEST,,station,YU_SHEPPARD_WEST,alias,,
SHEPPARD WEST TO LAWRE,YU,3,SHEPPARD WEST TO LAWRE,,segment,,rule,,
SHEPPARD YONGE STATION,SHP,3,SHEPPARD YONGE,,station,SHP_SHEPPARD_YONGE,alias,,
SHERBOURNE STATION (EN,BD,3,SHERBOURNE,,station,BD_SHERBOURNE,alias,,
SPADINA BD STATION,OTHER,3,SPADINA,BD,station,BD_SPADINA,alias,,
SPADINA BD STATON,BD,3,SPADINA,BD,station,BD_SPADINA,alias,,
SRT LINE 3,SRT,3,SRT LINE 3,,line_wide,,rule,,
ST ANDREW STATION,UNKNOWN,3,ST ANDREW,,station,YU_ST_ANDREW,alias,,
ST ANDREW STATION - ST,YU,3,ST ANDREW,,station,YU_ST_ANDREW,alias,,
ST ANDREW TO SPADINA,YU,3,ST ANDREW TO SPADINA,,segment,,rule,,
ST GEORGE STATION,UNKNOWN,3,ST GEORGE,,station,YU_ST_GEORGE,alias,,
ST GEORGE STATION TO W,BD,3,ST GEORGE STATION TO W,,segment,,rule,,
ST PATRICK STATION,UNKNOWN,3,ST PATRICK,,station,YU_ST_PATRICK,alias,,
ST. CLAIR STATION TO S,YU,3,ST CLAIR STATION TO S,,segment,,rule,,
ST. GEORGE TO ST. ANDR,YU,3,ST GEORGE TO ST ANDR,,segment,,rule,,
SUBWAY CLOSURE: EARLY,UNKNOWN,3,SUBWAY CLOSURE EARLY,,line_wide,,rule,,
SUBWAY CLOSURE: ST GEO,YU,3,SUBWAY CLOSURE ST GEO,,line_wide,,rule,,
SUBWAY OPS BUILDING,UNKNOWN,3,SUBWAY OPS BUILDING,,line_wide,,rule,,
SUMMERHILL TO WELLESLE,YU,3,SUMMERHILL TO WELLESLE,,segment,,rule,,
SYSTEM WIDE,BD,3,SYSTEM WIDE,,line_wide,,rule,,
SYSTEMWIDE,YU,3,SYSTEMWIDE,,line_wide,,rule,,
TRANSIT CONTROL,SRT,3,TRANSIT CONTROL,,facility,,rule,,
TRANSIT CONTROL CENTRE,MULTI,3,TRANSIT CONTROL CENTRE,,facility,,rule,,
UNION (TO ST ANDREW),YU,3,UNION,,station,YU_UNION,alias,,
UNION STATION - TO KIN,YU,3,UNION,,station,YU_UNION,alias,,
UNION TO FINCH STATION,YU,3,UNION TO FINCH,,segment,,rule,,
VARIOUS LOCATIONS,YU,3,VARIOUS LOCATIONS,,line_wide,,rule,,
VAUGHAN MC STATION,UNKNOWN,3,VAUGHAN MC,,station,YU_VAUGHAN_MC,alias,,
VMC STATION P2,YU,3,VMC,,station,YU_VAUGHAN_MC,alias,,
VMC STATION PLATFROM 1,YU,3,VMC,,station,YU_VAUGHAN_MC,alias,,
VMC STATION- PLAT 1,YU,3,VMC,,station,YU_VAUGHAN_MC,alias,,
VMC STATION- PLATFORM,YU,3,VMC,,station,YU_VAUGHAN_MC,alias,,
VMC TO PIONEER VILLAGE,YU,3,VMC TO PIONEER VILLAGE,,segment,,rule,,
WELLESLEY STATION,UNKNOWN,3,WELLESLEY,,station,YU_WELLESLEY,alias,,
WELLESLEY STATION - DU,YU,3,WELLESLEY,,station,YU_WELLESLEY,alias,,
WILFRED EMERGENCY EXIT,SHP,3,WILFRED EMERGENCY EXIT,,facility,,rule,,
WILSON STATION,OTHER,3,WILSON,,station,YU_WILSON,alias,,
WILSON TO LAWRENCE WES,YU,3,WILSON TO LAWRENCE WES,,segment,,rule,,
WILSON YARD - NORTH HO,YU,3,WILSON YARD,,facility,,rule,,
WOODBINE STATION (ENTE,BD,3,WOODBINE,,station,BD_WOODBINE,alias,,
WOODBINE STATION (EXIT,BD,3,WOODBINE,,station,BD_WOODBINE,alias,,
WOODBINE STATION TO KE,BD,3,WOODBINE STATION TO KE,,segment,,rule,,
WOODBINE TO KENNEDY ST,BD,3,WOODBINE TO KENNEDY ST,,segment,,rule,,
YONGE AND BLOOR,BD,3,YONGE AND BLOOR,,segment,,rule,,
YONGE UNIVERSITY - BLO,MULTI,3,YONGE UNIVERSITY,,line_wide,,rule,,
YONGE UNIVERSITY AND B,YU,3,YONGE UNIVERSITY AND B,,line_wide,,rule,,
YONGE UNIVERSITY BLOOR,MULTI,3,YONGE UNIVERSITY BLOOR,,line_wide,,rule,,
YONGE UNIVERSTIY SUBWA,YU,3,YONGE UNIVERSTIY SUBWA,,line_wide,,rule,,
YONGE UNIVERSTY SUBWAY,YU,3,YONGE UNIVERSTY SUBWAY,,line_wide,,rule,,
YONGE UNIVESITY LINE,MULTI,3,YONGE UNIVESITY LINE,,line_wide,,rule,,
YONGE-UNIVERSITY,YU,3,YONGE UNIVERSITY,,line_wide,,rule,,
YONGE-UNIVERSITY SPADI,YU,3,YONGE UNIVERSITY SPADI,,line_wide,,rule,,
YONGE/UNIVERSITY - BLO,BD,3,YONGE UNIVERSITY,,line_wide,,rule,,
YONGE/UNIVERSITY AND B,YU,3,YONGE UNIVERSITY AND B,,line_wide,,rule,,
YONGE/UNIVERSITY SUBWA,YU,3,YONGE UNIVERSITY SUBWA,,line_wide,,rule,,
YORK MILLS STATION,OTHER,3,YORK MILLS,,station,YU_YORK_MILLS,alias,,
YORK MILLS STATION,UNKNOWN,3,YORK MILLS,,station,YU_YORK_MILLS,alias,,
YORKDALE STATION,UNKNOWN,3,YORKDALE,,station,YU_YORKDALE,alias,,
120 CARTWRIGHT AVE,UNKNOWN,2,120 CARTWRIGHT AVE,,facility,,rule,,
APPROACHING DUNDAS WES,BD,2,APPROACHING DUNDAS WES,,unmatched,,none,,
AVENUE STATION,YU,2,AVENUE,,unmatched,,none,,
BAYVIEW STATION,BD,2,BAYVIEW,,station,SHP_BAYVIEW,alias,,
BAYVIEW STATION (APPRO,SHP,2,BAYVIEW,,station,SHP_BAYVIEW,alias,,
BAYVIEW STATION (LEAVI,SHP,2,BAYVIEW,,station,SHP_BAYVIEW,alias,,
BESSARIAN STATION,SHP,2,BESSARIAN,,station,SHP_BESSARION,fuzzy_reviewed,BESSARION,0.889
BESSARION STATION (APP,SHP,2,BESSARION,,station,SHP_BESSARION,alias,,
BIRCHMOUNT EMERGENCY E,BD,2,BIRCHMOUNT EMERGENCY E,,facility,,rule,,
BLOOR - DANFORTH LINE,BD,2,BLOOR,,station,BD_BLOOR_YONGE,alias,,
BLOOR - DANFORTH SUBWA,BD,2,BLOOR,,station,BD_BLOOR_YONGE,alias,,
BLOOR DANFORTH LINE,YU,2,BLOOR DANFORTH LINE,,line_wide,,rule,,
BLOOR DANFORTH SUBWAY,MULTI,2,BLOOR DANFORTH SUBWAY,,line_wide,,rule,,
BLOOR SATION,YU,2,BLOOR,,station,YU_BLOOR_YONGE,alias,,
BLOOR SOUTH,YU,2,BLOOR SOUTH,,unmatched,,none,,
BLOOR TO LAWRENCE STAT,YU,2,BLOOR TO LAWRENCE,,segment,,rule,,
BLOOR TO OSGOODE STATI,YU,2,BLOOR TO OSGOODE,,segment,,rule,,
BLOOR-DANFORTH AND YON,MULTI,2,BLOOR DANFORTH AND YON,,line_wide,,rule,,
BLOOR/DANFORTH LINE,BD,2,BLOOR DANFORTH LINE,,line_wide,,rule,,
BROADVIEW AND DANFORTH,BD,2,BROADVIEW AND DANFORTH,,segment,,rule,,
BROADVIEW AND ST GEORG,BD,2,BROADVIEW AND ST GEORG,,segment,,rule,,
BROADVIEW STATION (DEP,BD,2,BROADVIEW,,station,BD_BROADVIEW,alias,,
BROADVIEW TO YONGE,BD,2,BROADVIEW TO YONGE,,segment,,rule,,
CASTLE FRANK STATION (,BD,2,CASTLE FRANK,,station,BD_CASTLE_FRANK,alias,,
CASTLE FRANK STATION T,BD,2,CASTLE FRANK,,station,BD_CASTLE_FRANK,alias,,
CASTLE FRANK TO SHERBO,BD,2,CASTLE FRANK TO SHERBO,,segment,,rule,,
CEDARVALE YU STATION (,YU,2,CEDARVALE,YU,station,YU_CEDARVALE,alias,,
CHANGE OVERS,BD,2,CHANGE OVERS,,line_wide,,rule,,
CHESTER STATION (LEAVI,BD,2,CHESTER,,station,BD_CHESTER,alias,,
CHRISTIE STATION ( APP,BD,2,CHRISTIE,,station,BD_CHRISTIE,alias,,
CHRISTIE STATION - APP,BD,2,CHRISTIE,,station,BD_CHRISTIE,alias,,
CHRISTIE STATION TO CH,BD,2,CHRISTIE STATION TO CH,,segment,,rule,,
CHRISTIE STATION TO PA,BD,2,CHRISTIE STATION TO PA,,segment,,rule,,
CHURCH EMERGENCY EXIT,YU,2,CHURCH EMERGENCY EXIT,,facility,,rule,,
COXWELL,BD,2,COXWELL,,station,BD_COXWELL,alias,,
COXWELL STATION (APPRO,BD,2,COXWELL,,station,BD_COXWELL,alias,,
COXWELL STATION (ENTER,BD,2,COXWELL,,station,BD_COXWELL,alias,,
COXWELL STATION (LEAVI,BD,2,COXWELL,,station,BD_COXWELL,alias,,
DAVISVILLE,YU,2,DAVISVILLE,,station,YU_DAVISVILLE,alias,,
DAVISVILLE STATION (EN,YU,2,DAVISVILLE,,station,YU_DAVISVILLE,alias,,
DAVISVILLE STATION TO,YU,2,DAVISVILLE STATION TO,,segment,,rule,,
DAVISVILLE TO LAWRENCE,YU,2,DAVISVILLE TO LAWRENCE,,segment,,rule,,
DAVISVILLE TO N/O BLOO,YU,2,DAVISVILLE TO N O BLOO,,segment,,rule,,
DON MILLS STATION,OTHER,2,DON MILLS,,station,SHP_DON_MILLS,alias,,
DON MILLS STATION (ENT,SHP,2,DON MILLS,,station,SHP_DON_MILLS,alias,,
DON MILLS STATION (PLA,SHP,2,DON MILLS,,station,SHP_DON_MILLS,alias,,
DONLANDS STATION,UNKNOWN,2,DONLANDS,,station,BD_DONLANDS,alias,,
DONLANDS STATION (ENTE,BD,2,DONLANDS,,station,BD_DONLANDS,alias,,
DOWNSVIEW PARK STATION,BD,2,DOWNSVIEW PARK,,station,YU_DOWNSVIEW_PARK,alias,,
DOWNSVIEW PARK STATION,UNKNOWN,2,DOWNSVIEW PARK,,station,YU_DOWNSVIEW_PARK,alias,,
DUFFERIN STATION,SHP,2,DUFFERIN,,station,BD_DUFFERIN,alias,,
DUFFERIN STATION (APPR,BD,2,DUFFERIN,,station,BD_DUFFERIN,alias,,
DUNCAN SHOPS,UNKNOWN,2,DUNCAN SHOPS,,facility,,rule,,
DUNDAS STATION - EAST,YU,2,DUNDAS,,station,YU_TMU,alias,,
DUNDAS STATION EAST SI,YU,2,DUNDAS,,station,YU_TMU,alias,,
DUNDAS STATION TO EGLI,YU,2,DUNDAS STATION TO EGLI,,segment,,rule,,
DUNDAS WEST STATION,OTHER,2,DUNDAS WEST,,station,BD_DUNDAS_WEST,alias,,
DUPONT STATION,BD,2,DUPONT,,station,YU_DUPONT,alias,,
DUPONT STATION (EXITIN,YU,2,DUPONT,,station,YU_DUPONT,alias,,
DUPONT STATION TO SPAD,YU,2,DUPONT STATION TO SPAD,,segment,,rule,,
E/E DONLANDS TO W/O BR,BD,2,E E DONLANDS TO W O BR,,segment,,rule,,
EA BLOOR DANFORTH OSSI,BD,2,EA BLOOR DANFORTH OSSI,,unmatched,,none,,
EARLY ACCESS CLOSURE -,YU,2,EARLY ACCESS CLOSURE,,line_wide,,rule,,
EARLY ACCESS CLOSURE S,UNKNOWN,2,EARLY ACCESS CLOSURE S,,line_wide,,rule,,
EARLY CLOSURE - YONGE,YU,2,EARLY CLOSURE,,line_wide,,rule,,
EGLINTON,YU,2,EGLINTON,,station,YU_EGLINTON,alias,,
EGLINTON POCKET,YU,2,EGLINTON POCKET,,facility,,rule,,
EGLINTON STATION (SOUT,YU,2,EGLINTON,,station,YU_EGLINTON,alias,,
EGLINTON STATION APPRO,YU,2,EGLINTON,,station,YU_EGLINTON,alias,,
EGLINTON STATION TO YO,YU,2,EGLINTON STATION TO YO,,segment,,rule,,
EGLINTON TO SHEPPARD,YU,2,EGLINTON TO SHEPPARD,,segment,,rule,,
EGLINTON TO UNION STAT,YU,2,EGLINTON TO UNION,,segment,,rule,,
EGLINTON TO YORK MILLS,YU,2,EGLINTON TO YORK MILLS,,segment,,rule,,
FINCH STATION (EXITING,YU,2,FINCH,,station,YU_FINCH,alias,,
FINCH STATION (PLAT #1,YU,2,FINCH,,station,YU_FINCH,alias,,
FINCH STATION - EGLINT,YU,2,FINCH,,station,YU_FINCH,alias,,
FINCH STATION BUS BAY,YU,2,FINCH,,station,YU_FINCH,alias,,
FINCH STATION P1,YU,2,FINCH,,station,YU_FINCH,alias,,
FINCH STATION- PLAT 2,YU,2,FINCH,,station,YU_FINCH,alias,,
FINCH STATION-PLAT 2,YU,2,FINCH,,station,YU_FINCH,alias,,
FINCH TO DOWNSVIEW,YU,2,FINCH TO DOWNSVIEW,,segment,,rule,,
FINCH TO LAWRENCE STAT,YU,2,FINCH TO LAWRENCE,,segment,,rule,,
FINCH TO QUEENS PARK S,YU,2,FINCH TO QUEENS PARK S,,segment,,rule,,
FINCH TO ST. CLAIR,YU,2,FINCH TO ST CLAIR,,segment,,rule,,
GLENAYR EMERGENCY EXIT,YU,2,GLENAYR EMERGENCY EXIT,,facility,,rule,,
GLENCAIRN STATION,BD,2,GLENCAIRN,,station,YU_GLENCAIRN,alias,,
GLENCAIRN STATION (APP,YU,2,GLENCAIRN,,station,YU_GLENCAIRN,alias,,
GO PROTOCOL,UNKNOWN,2,GO PROTOCOL,,unmatched,,none,,
GREENWOOD AND DANFORTH,BD,2,GREENWOOD AND DANFORTH,,segment,,rule,,
GREENWOOD CAR HOUSE,UNKNOWN,2,GREENWOOD CAR HOUSE,,facility,,rule,,
GREENWOOD GATEHOUSE,BD,2,GREENWOOD GATEHOUSE,,unmatched,,none,,
GREENWOOD TRACK BUILDI,BD,2,GREENWOOD TRACK BUILDI,,facility,,rule,,
GUNN BUILDING,BD,2,GUNN BUILDING,,facility,,rule,,
GUNN BUILDING,MULTI,2,GUNN BUILDING,,facility,,rule,,
GUNN THEATRE,UNKNOWN,2,GUNN THEATRE,,unmatched,,none,,
HIGH PARK AND LANSDOWN,BD,2,HIGH PARK AND LANSDOWN,,segment,,rule,,
HIGH PARK STAITON,BD,2,HIGH PARK,,station,BD_HIGH_PARK,alias,,
HIGH PARK STATION,UNKNOWN,2,HIGH PARK,,station,BD_HIGH_PARK,alias,,
HIGH PARK STATION (LEA,BD,2,HIGH PARK,,station,BD_HIGH_PARK,alias,,
HIGHWAY 407 STATION,BD,2,HIGHWAY 407,,station,YU_HIGHWAY_407,alias,,
HILLCREST COMPLEX,UNKNOWN,2,HILLCREST COMPLEX,,facility,,rule,,
ISLINGTON STATION,OTHER,2,ISLINGTON,,station,BD_ISLINGTON,alias,,
ISLINGTON STATION,SHP,2,ISLINGTON,,station,BD_ISLINGTON,alias,,
ISLINGTON STATION- APP,BD,2,ISLINGTON,,station,BD_ISLINGTON,alias,,
JANE STATION,SHP,2,JANE,,station,BD_JANE,alias,,
JANE STATION,UNKNOWN,2,JANE,,station,BD_JANE,alias,,
JANE TO OLD MILL,BD,2,JANE TO OLD MILL,,segment,,rule,,
KEELE STATION,SHP,2,KEELE,,station,BD_KEELE,alias,,
KEELE STATION ( APPROA,BD,2,KEELE,,station,BD_KEELE,alias,,
KEELE STATION (EXITING,BD,2,KEELE,,station,BD_KEELE,alias,,
KEELE STATION APPROACH,BD,2,KEELE,,station,BD_KEELE,alias,,
KEELE TO DUNDAS WEST,BD,2,KEELE TO DUNDAS WEST,,segment,,rule,,
KEELE TO OSSINGTON,BD,2,KEELE TO OSSINGTON,,segment,,rule,,
KENNEDY BD STATION APP,BD,2,KENNEDY,BD,station,BD_KENNEDY,alias,,
KENNEDY BD STATION P2,BD,2,KENNEDY,BD,station,BD_KENNEDY,alias,,
KENNEDY BD STATION PAL,BD,2,KENNEDY,BD,station,BD_KENNEDY,alias,,
KENNEDY BD STATION [PL,BD,2,KENNEDY,BD,station,BD_KENNEDY,alias,,
KENNEDY PLATFORM 2,BD,2,KENNEDY PLATFORM 2,,unmatched,,none,,
KENNEDY SRT - LAWRENCE,SRT,2,KENNEDY,SRT,station,SRT_KENNEDY,alias,,
KENNEDY SRT STATION,BD,2,KENNEDY,SRT,station,SRT_KENNEDY,alias,,
KENNEDY SRT STATION,UNKNOWN,2,KENNEDY,SRT,station,SRT_KENNEDY,alias,,
KENNEDY SRT STATION [A,SRT,2,KENNEDY,SRT,station,SRT_KENNEDY,alias,,
KENNEDY STATION TO MCC,SRT,2,KENNEDY STATION TO MCC,,segment,,rule,,
KENNEDY STATION TO WOO,BD,2,KENNEDY STATION TO WOO,,segment,,rule,,
KENNEDY TO KIPLING,BD,2,KENNEDY TO KIPLING,,segment,,rule,,
KING AND ST CLAIR WEST,YU,2,KING AND ST CLAIR WEST,,segment,,rule,,
KING COMMERCE,YU,2,KING COMMERCE,,unmatched,,none,,
KING STATION TO EGLINT,YU,2,KING STATION TO EGLINT,,segment,,rule,,
KING STATION TO ST CLA,YU,2,KING STATION TO ST CLA,,segment,,rule,,
KING TO ST GEORGE STAT,YU,2,KING TO ST GEORGE,,segment,,rule,,
KIPLING,BD,2,KIPLING,,station,BD_KIPLING,alias,,
KIPLING PLATFORM 2,BD,2,KIPLING PLATFORM 2,,unmatched,,none,,
KIPLING STATION,OTHER,2,KIPLING,,station,BD_KIPLING,alias,,
KIPLING STATION,SHP,2,KIPLING,,station,BD_KIPLING,alias,,
KIPLING STATION ( APPR,BD,2,KIPLING,,station,BD_KIPLING,alias,,
KIPLING STATION (DEPAR,BD,2,KIPLING,,station,BD_KIPLING,alias,,
KIPLING STATION - APPR,BD,2,KIPLING,,station,BD_KIPLING,alias,,
KIPLING STATION - LEAV,BD,2,KIPLING,,station,BD_KIPLING,alias,,
KIPLING STATION P1,BD,2,KIPLING,,station,BD_KIPLING,alias,,
KIPLING STATION PLATFR,BD,2,KIPLING,,station,BD_KIPLING,alias,,
KIPLING STATION TO COX,BD,2,KIPLING STATION TO COX,,segment,,rule,,
KIPLING STATION-PLATFO,BD,2,KIPLING,,station,BD_KIPLING,alias,,
KIPLING STATION-TAIL T,BD,2,KIPLING,,station,BD_KIPLING,alias,,
KIPLING TAIL 2,BD,2,KIPLING TAIL 2,,unmatched,,none,,
KIPLING TAIL TRACK,BD,2,KIPLING TAIL TRACK,,facility,,rule,,
KIPLING TO KEELE STATI,BD,2,KIPLING TO KEELE,,segment,,rule,,
LANSDOWNE STATION,UNKNOWN,2,LANSDOWNE,,station,BD_LANSDOWNE,alias,,
LANSDOWNE TO ROYAL YOR,BD,2,LANSDOWNE TO ROYAL YOR,,segment,,rule,,
LAWRENCE STATION,SHP,2,LAWRENCE,,station,YU_LAWRENCE,alias,,
LAWRENCE STATION APPRO,YU,2,LAWRENCE,,station,YU_LAWRENCE,alias,,
LAWRENCE STATION TO YO,YU,2,LAWRENCE STATION TO YO,,segment,,rule,,
LAWRENCE TO ST CLAIR,YU,2,LAWRENCE TO ST CLAIR,,segment,,rule,,
LAWRENCE TO YORK MILLS,YU,2,LAWRENCE TO YORK MILLS,,segment,,rule,,
LAWRENCE WEST CENTRE T,YU,2,LAWRENCE WEST CENTRE T,,unmatched,,none,,
LAWRENCE WEST STATION,OTHER,2,LAWRENCE WEST,,station,YU_LAWRENCE_WEST,alias,,
LAWRENCE WEST STATION,UNKNOWN,2,LAWRENCE WEST,,station,YU_LAWRENCE_WEST,alias,,
LAWRENCE WEST TO EGLIN,YU,2,LAWRENCE WEST TO EGLIN,,segment,,rule,,
LEONA EMERGENCY EXIT,SHP,2,LEONA EMERGENCY EXIT,,facility,,rule,,
LESLIE STATION,BD,2,LESLIE,,station,SHP_LESLIE,alias,,
LESLIE STATION,UNKNOWN,2,LESLIE,,station,SHP_LESLIE,alias,,
LESLIE STATION,YU,2,LESLIE,,station,SHP_LESLIE,alias,,
LESLIE STATION (LEAVIN,SHP,2,LESLIE,,station,SHP_LESLIE,alias,,
LINE 1 - YONGE-UNIVSER,YU,2,LINE 1,,line_wide,,rule,,
LINE 1- YONGE UNIVERSI,MULTI,2,LINE 1 YONGE UNIVERSI,,line_wide,,rule,,
LINE 2 BLOOR- DANFORTH,BD,2,LINE 2 BLOOR DANFORTH,,line_wide,,rule,,
LINE 3 - KENNEDY TO LA,SRT,2,LINE 3,,line_wide,,rule,,
LINE 4 SHEPPARD YONGE,SHP,2,LINE 4 SHEPPARD YONGE,,line_wide,,rule,,
MAC DONALD CARTIER EE,YU,2,MAC DONALD CARTIER EE,,facility,,rule,,
MACDONALD CARTIER EMER,YU,2,MACDONALD CARTIER EMER,,unmatched,,none,,
MAIN STREET STATION,OTHER,2,MAIN STREET,,station,BD_MAIN_STREET,alias,,
MAIN STREET STATION (L,BD,2,MAIN STREET,,station,BD_MAIN_STREET,alias,,
MAIN STREET STATION -,BD,2,MAIN STREET,,station,BD_MAIN_STREET,alias,,
MARKDALE EE,UNKNOWN,2,MARKDALE EE,,facility,,rule,,
MARKDALE EMERGENCY EXI,YU,2,MARKDALE EMERGENCY EXI,,facility,,rule,,
MCCOWAN STATION,UNKNOWN,2,MCCOWAN,,station,SRT_MCCOWAN,alias,,
MUSEUM STATION (APPROA,YU,2,MUSEUM,,station,YU_MUSEUM,alias,,
NORTH HOSTLER,YU,2,NORTH HOSTLER,,facility,,rule,,
NORTH YORK CTR STATION,BD,2,NORTH YORK CTR,,station,YU_NORTH_YORK_CENTRE,alias,,
NORTH YORK CTR STATION,UNKNOWN,2,NORTH YORK CTR,,station,YU_NORTH_YORK_CENTRE,alias,,
NORTH YORK STATION,YU,2,NORTH YORK,,station,YU_NORTH_YORK_CENTRE,alias,,
OLD MILLS STATION,BD,2,OLD MILLS,,station,BD_OLD_MILL,fuzzy_reviewed,OLD MILL,0.941
OPEN CUT AREAS,YU,2,OPEN CUT AREAS,,unmatched,,none,,
OSGOODE STATION,UNKNOWN,2,OSGOODE,,station,YU_OSGOODE,alias,,
OSGOODE TO COLLEGE,YU,2,OSGOODE TO COLLEGE,,segment,,rule,,
OSSINGTON STATION,OTHER,2,OSSINGTON,,station,BD_OSSINGTON,alias,,
OSSINGTON TO KEELE STA,BD,2,OSSINGTON TO KEELE,,segment,,rule,,
OSSINGTON TO ST GEORGE,BD,2,OSSINGTON TO ST GEORGE,,segment,,rule,,
PAPE,BD,2,PAPE,,station,BD_PAPE,alias,,
PIONEER VILLAGE STATIO,UNKNOWN,2,PIONEER VILLAGE,,station,YU_PIONEER_VILLAGE,alias,,
QUEEN AND YONGE,YU,2,QUEEN AND YONGE,,segment,,rule,,
QUEEN QUAY STATION,YU,2,QUEEN QUAY,,unmatched,,none,,
QUEEN STATION (ENTERIN,YU,2,QUEEN,,station,YU_QUEEN,alias,,
QUEEN'S QUAY STATION,UNKNOWN,2,QUEENS QUAY,,unmatched,,none,,
QUEENS QUAY ELEVATOR,YU,2,QUEENS QUAY ELEVATOR,,unmatched,,none,,
ROYAL YORK STATION,UNKNOWN,2,ROYAL YORK,,station,BD_ROYAL_YORK,alias,,
ROYAL YORK STATION APP,BD,2,ROYAL YORK,,station,BD_ROYAL_YORK,alias,,
RUNNYMEDE STATION,OTHER,2,RUNNYMEDE,,station,BD_RUNNYMEDE,alias,,
RUNNYMEDE STATION (LEA,BD,2,RUNNYMEDE,,station,BD_RUNNYMEDE,alias,,
RUSSELL HILL EMERGENCY,YU,2,RUSSELL HILL EMERGENCY,,unmatched,,none,,
SCARB CTR STATION,OTHER,2,SCARB CTR,,station,SRT_SCARBOROUGH_CENTRE,alias,,
SCARBOROUGH CENTRE STA,BD,2,SCARBOROUGH CENTRE,,station,SRT_SCARBOROUGH_CENTRE,alias,,
SCARBOROUGH CTR STATIO,OTHER,2,SCARBOROUGH CTR,,station,SRT_SCARBOROUGH_CENTRE,alias,,
SCARBOROUGH CTR STATIO,UNKNOWN,2,SCARBOROUGH CTR,,station,SRT_SCARBOROUGH_CENTRE,alias,,
SCARBOROUGH TOWN CENTR,YU,2,SCARBOROUGH TOWN CENTR,,station,SRT_SCARBOROUGH_CENTRE,fuzzy_reviewed,SCARBOROUGH TOWN CENTRE,0.978
SHEPPARD - YONGE STATI,SHP,2,SHEPPARD,,station,SHP_SHEPPARD_YONGE,alias,,
SHEPPARD STATION TO CO,YU,2,SHEPPARD STATION TO CO,,segment,,rule,,
SHEPPARD STATION TO YO,YU,2,SHEPPARD STATION TO YO,,segment,,rule,,
SHEPPARD TAIL,SHP,2,SHEPPARD TAIL,,unmatched,,none,,
SHEPPARD TO ST. CLAIR,YU,2,SHEPPARD TO ST CLAIR,,segment,,rule,,
SHEPPARD WEST - FINCH,YU,2,SHEPPARD WEST,,station,YU_SHEPPARD_WEST,alias,,
SHEPPARD WEST - ST CLA,YU,2,SHEPPARD WEST,,station,YU_SHEPPARD_WEST,alias,,
SHEPPARD- YONGE STATIO,SHP,2,SHEPPARD YONGE,,station,SHP_SHEPPARD_YONGE,alias,,
SHERBOURNE STATION,UNKNOWN,2,SHERBOURNE,,station,BD_SHERBOURNE,alias,,
SINGLE LINE OPERATIONS,YU,2,SINGLE LINE OPERATIONS,,line_wide,,rule,,
SPADINA STATION TO KIN,YU,2,SPADINA STATION TO KIN,,segment,,rule,,
SPADINA STATION YUS,YU,2,SPADINA,,station,YU_SPADINA,alias,,
SPADINA TO ST ANDREW,YU,2,SPADINA TO ST ANDREW,,segment,,rule,,
SPADINA YUS STATION (L,YU,2,SPADINA,YU,station,YU_SPADINA,alias,,
SPADINA YUS STATION -,YU,2,SPADINA,YU,station,YU_SPADINA,alias,,
ST ANDREW STATION TO U,YU,2,ST ANDREW STATION TO U,,segment,,rule,,
ST CLAIR STATION,SHP,2,ST CLAIR,,station,YU_ST_CLAIR,alias,,
ST CLAIR STATION (LEAV,YU,2,ST CLAIR,,station,YU_ST_CLAIR,alias,,
ST CLAIR TO FINCH STAT,YU,2,ST CLAIR TO FINCH,,segment,,rule,,
ST CLAIR TO UNION STAT,YU,2,ST CLAIR TO UNION,,segment,,rule,,
ST CLAIR WEST,YU,2,ST CLAIR WEST,,station,YU_ST_CLAIR_WEST,alias,,
ST CLAIR WEST CENTRE T,YU,2,ST CLAIR WEST CENTRE T,,unmatched,,none,,
ST CLAIR WEST TO DUPON,YU,2,ST CLAIR WEST TO DUPON,,segment,,rule,,
ST GEORGE BD STATION -,BD,2,ST GEORGE,BD,station,BD_ST_GEORGE,alias,,
ST GEORGE BD STATION-B,BD,2,ST GEORGE,BD,station,BD_ST_GEORGE,alias,,
ST GEORGE STATION TO B,BD,2,ST GEORGE STATION TO B,,segment,,rule,,
ST GEORGE TO LAWRENCE,YU,2,ST GEORGE TO LAWRENCE,,segment,,rule,,
ST GEORGE TO ST ANDREW,YU,2,ST GEORGE TO ST ANDREW,,segment,,rule,,
ST GEORGE YUS STATION,UNKNOWN,2,ST GEORGE,YU,station,YU_ST_GEORGE,alias,,
ST. CLAIR WEST,YU,2,ST CLAIR WEST,,station,YU_ST_CLAIR_WEST,alias,,
ST.GEORGE TO ST.ANDREW,YU,2,ST GEORGE TO ST ANDREW,,segment,,rule,,
SUBWAY CLOSURE: KIPLIN,BD,2,SUBWAY CLOSURE KIPLIN,,line_wide,,rule,,
SUBWAY CLOSURE: LAWREN,YU,2,SUBWAY CLOSURE LAWREN,,line_wide,,rule,,
SUMMERHILL STATION,UNKNOWN,2,SUMMERHILL,,station,YU_SUMMERHILL,alias,,
TMU STATION (APPROACHI,YU,2,TMU,,station,YU_TMU,alias,,
TORO ROAD EE,YU,2,TORO ROAD EE,,facility,,rule,,
TORONTO TRANSIT CONTRO,SRT,2,TORONTO TRANSIT CONTRO,,facility,,rule,,
TRACK LEVEL ACTIVITY,YU,2,TRACK LEVEL ACTIVITY,,facility,,rule,,
UNION,YU,2,UNION,,station,YU_UNION,alias,,
UNION - KING,YU,2,UNION,,station,YU_UNION,alias,,
UNION STATION ( TOWARD,YU,2,UNION,,station,YU_UNION,alias,,
UNION STATION (TOWARD,YU,2,UNION,,station,YU_UNION,alias,,
UNION STATION (YONGE L,YU,2,UNION,,station,YU_UNION,alias,,
UNION STATION - BOOTH,YU,2,UNION,,station,YU_UNION,alias,,
UNION STATION - TO ST,YU,2,UNION,,station,YU_UNION,alias,,
UNION STATION - UNIVER,YU,2,UNION,,station,YU_UNION,alias,,
UNION STATION- TO KING,YU,2,UNION STATION TO KING,,segment,,rule,,
UNION STATION-YONGE PL,YU,2,UNION,,station,YU_UNION,alias,,
UNION TO FINCH,YU,2,UNION TO FINCH,,segment,,rule,,
VARIOUS,YU,2,VARIOUS,,line_wide,,rule,,
VARIOUS LOCATIONS,BD,2,VARIOUS LOCATIONS,,line_wide,,rule,,
VARIOUS LOCATIONS,UNKNOWN,2,VARIOUS LOCATIONS,,line_wide,,rule,,
VARIOUS STATIONS,YU,2,VARIOUS STATIONS,,line_wide,,rule,,
VAUGHAN METRO CENTRE S,YU,2,VAUGHAN METRO CENTRE S,,unmatched,,none,,
VICTORIA PARK STATION-,BD,2,VICTORIA PARK,,station,BD_VICTORIA_PARK,alias,,
VMC,YU,2,VMC,,station,YU_VAUGHAN_MC,alias,,
VMC PLATFORM 1,YU,2,VMC PLATFORM 1,,unmatched,,none,,
VMC STATION,SHP,2,VMC,,station,YU_VAUGHAN_MC,alias,,
VMC STATION ( PLATFORM,YU,2,VMC,,station,YU_VAUGHAN_MC,alias,,
VMC STATION -PLAT 2,YU,2,VMC,,station,YU_VAUGHAN_MC,alias,,
VMC STATION PL 1,YU,2,VMC,,station,YU_VAUGHAN_MC,alias,,
VMC STATION PLAT 1,YU,2,VMC,,station,YU_VAUGHAN_MC,alias,,
VMC STATION PLAT 2,YU,2,VMC,,station,YU_VAUGHAN_MC,alias,,
VMC TO ST GEORGE STATI,YU,2,VMC TO ST GEORGE,,segment,,rule,,
WARDEN STATION (DEPART,BD,2,WARDEN,,station,BD_WARDEN,alias,,
WARDEN STATION - APPRO,BD,2,WARDEN,,station,BD_WARDEN,alias,,
WARDEN STATION APPROAC,BD,2,WARDEN,,station,BD_WARDEN,alias,,
WARDEN STATION TO KENN,BD,2,WARDEN STATION TO KENN,,segment,,rule,,
WARDEN STATION(APPROAC,BD,2,WARDEN,,station,BD_WARDEN,alias,,
WARDEN TO KENNEDY STAT,BD,2,WARDEN TO KENNEDY,,segment,,rule,,
WILFRED EE,SHP,2,WILFRED EE,,facility,,rule,,
WILSON HOSTLER 2,YU,2,WILSON HOSTLER 2,,facility,,rule,,
WILSON STATION APPROAC,YU,2,WILSON,,station,YU_WILSON,alias,,
WILSON TO ST CLAIR WES,YU,2,WILSON TO ST CLAIR WES,,segment,,rule,,
WILSON TRAINING CENTRE,YU,2,WILSON TRAINING CENTRE,,facility,,rule,,
WOODBINE STATION,OTHER,2,WOODBINE,,station,BD_WOODBINE,alias,,
WOODBINE STATION,UNKNOWN,2,WOODBINE,,station,BD_WOODBINE,alias,,
WOODBINE TO BROADVIEW,BD,2,WOODBINE TO BROADVIEW,,segment,,rule,,
YONGE,BD,2,YONGE,,station,BD_BLOOR_YONGE,alias,,
YONGE - UNIVERSITY SUB,YU,2,YONGE,,station,YU_BLOOR_YONGE,alias,,
YONGE AND DUNDAS,YU,2,YONGE AND DUNDAS,,segment,,rule,,
YONGE AND SHEPPARD,YU,2,YONGE AND SHEPPARD,,segment,,rule,,
YONGE BD STATION (LEAV,BD,2,YONGE,BD,station,BD_BLOOR_YONGE,alias,,
YONGE BD TO PAPE STATI,BD,2,YONGE BD TO PAPE,,segment,,rule,,
YONGE SHEPPARD STATION,SHP,2,YONGE SHEPPARD,,station,SHP_SHEPPARD_YONGE,alias,,
YONGE SHP STATION,BD,2,YONGE,SHP,station,SHP_SHEPPARD_YONGE,alias,,
YONGE SHP STATION (LEA,SHP,2,YONGE,SHP,station,SHP_SHEPPARD_YONGE,alias,,
YONGE UNIVERSITY AND B,UNKNOWN,2,YONGE UNIVERSITY AND B,,line_wide,,rule,,
YONGE- UNIVERSITY SUBW,MULTI,2,YONGE UNIVERSITY SUBW,,line_wide,,rule,,
YONGE-UNIVERISTY AND B,MULTI,2,YONGE UNIVERISTY AND B,,line_wide,,rule,,
YONGE/UNIVERSITY,YU,2,YONGE UNIVERSITY,,line_wide,,rule,,
YONGE/UNIVERSITY - LIN,YU,2,YONGE UNIVERSITY,,line_wide,,rule,,
YORK MILLS,YU,2,YORK MILLS,,station,YU_YORK_MILLS,alias,,
YORK MILLS CENTER TRAC,YU,2,YORK MILLS CENTER TRAC,,unmatched,,none,,
YORK MILLS STATION (EN,YU,2,YORK MILLS,,station,YU_YORK_MILLS,alias,,
YORK MILLS STATION - A,YU,2,YORK MILLS,,station,YU_YORK_MILLS,alias,,
YORK UNIVERSITY,YU,2,YORK UNIVERSITY,,station,YU_YORK_UNIVERSITY,alias,,
YORK UNIVERSITY STATIO,BD,2,YORK UNIVERSITY,,station,YU_YORK_UNIVERSITY,alias,,
YORKDALE STATION (APPR,YU,2,YORKDALE,,station,YU_YORKDALE,alias,,
YOUNG UNIVERSITY SPADI,YU,2,YOUNG UNIVERSITY SPADI,,line_wide,,rule,,
YOUNGE UNIVERSITY LINE,YU,2,YOUNGE UNIVERSITY LINE,,line_wide,,rule,,
YU/BD,YU,2,YU,BD,line_wide,,rule,,
YUS SUBWAY,YU,2,YUS SUBWAY,,line_wide,,rule,,
(APPROACHING),SHP,1,,,unmatched,,none,,
(APPROACHING) KENNEDY,BD,1,,,unmatched,,none,,
1 ST CLAIR AVENUE EAST,YU,1,1 ST CLAIR AVENUE EAST,,unmatched,,none,,
1 TIPPETT ROAD,UNKNOWN,1,1 TIPPETT ROAD,,facility,,rule,,
111 SPADINA ROAD,YU,1,111 SPADINA ROAD,,facility,,rule,,
169 DANFORTH AVENUE,YU,1,169 DANFORTH AVENUE,,facility,,rule,,
1900 YONGE MCBRIEN BLD,YU,1,1900 YONGE MCBRIEN BLD,,unmatched,,none,,
1900 YONGE ST- MCBRIEN,YU,1,1900 YONGE ST MCBRIEN,,facility,,rule,,
1900 YONGE STREET,YU,1,1900 YONGE STREET,,facility,,rule,,
2200 YONGE - EGLINTON,YU,1,2200 YONGE,,unmatched,,none,,
2233 SHEPPARD WEST,YU,1,2233 SHEPPARD WEST,,unmatched,,none,,
250 BLOOR ST E,BD,1,250 BLOOR ST E,,facility,,rule,,
30 LOCKPORT AVE,BD,1,30 LOCKPORT AVE,,facility,,rule,,
30 LOCKPORT AVE,UNKNOWN,1,30 LOCKPORT AVE,,facility,,rule,,
34 ASQUITH,YU,1,34 ASQUITH,,unmatched,,none,,
35 WHITE HEATHER BLVD,UNKNOWN,1,35 WHITE HEATHER BLVD,,unmatched,,none,,
391 ALLIANCE,UNKNOWN,1,391 ALLIANCE,,unmatched,,none,,
40 CARL HALL ROAD UNIT,UNKNOWN,1,40 CARL HALL ROAD UNIT,,unmatched,,none,,
563 SHERBOURNE (SHERBO,BD,1,563 SHERBOURNE,,unmatched,,none,,
85 SPADINA ROAD,BD,1,85 SPADINA ROAD,,facility,,rule,,
ALL OPEN CUT AREA,YU,1,ALL OPEN CUT AREA,,unmatched,,none,,
ALL OPEN CUTS,YU,1,ALL OPEN CUTS,,unmatched,,none,,
ALL STATIONS,MULTI,1,ALL STATIONS,,line_wide,,rule,,
ALLEN RD (N OF EGLINTO,YU,1,ALLEN RD,,unmatched,,none,,
ALLEN ROAD AND EGLINTO,UNKNOWN,1,ALLEN ROAD AND EGLINTO,,segment,,rule,,
APPRAOCHING KENNEDY BD,BD,1,APPRAOCHING KENNEDY,BD,unmatched,,none,,
APPROACHING CHESTER ST,BD,1,APPROACHING CHESTER ST,,unmatched,,none,,
APPROACHING CHRISTIE,BD,1,APPROACHING CHRISTIE,,unmatched,,none,,
APPROACHING FINCH STAT,YU,1,APPROACHING FINCH,,unmatched,,none,,
APPROACHING KIPLING,BD,1,APPROACHING KIPLING,,unmatched,,none,,
APPROACHING KIPLING ST,BD,1,APPROACHING KIPLING ST,,unmatched,,none,,
APPROACHING OLD MILL S,BD,1,APPROACHING OLD MILL S,,unmatched,,none,,
APPROACHING ST CLAIR W,YU,1,APPROACHING ST CLAIR W,,unmatched,,none,,
APPROACHING WOODBINE S,BD,1,APPROACHING WOODBINE S,,unmatched,,none,,
APPROCHING OLD MILL ST,BD,1,APPROCHING OLD MILL ST,,unmatched,,none,,
ARROW GARAGE,UNKNOWN,1,ARROW GARAGE,,facility,,rule,,
ASQUITH SUBSTATION,UNKNOWN,1,ASQUITH SUBSTATION,,facility,,rule,,
ATC AREA,YU,1,ATC AREA,,unmatched,,none,,
ATC FAILURE,YU,1,ATC FAILURE,,unmatched,,none,,
ATC TERRIROTY,YU,1,ATC TERRIROTY,,unmatched,,none,,
ATC TERRITORY,YU,1,ATC TERRITORY,,unmatched,,none,,
AVENUE ECLRT STATION,YU,1,AVENUE ECLRT,,unmatched,,none,,
B/W BLOOR DANFORTH SUB,BD,1,B W BLOOR DANFORTH SUB,,unmatched,,none,,
BATHURST AND DUPONT,UNKNOWN,1,BATHURST AND DUPONT,,segment,,rule,,
BATHURST STATION,SHP,1,BATHURST,,station,BD_BATHURST,alias,,
BATHURST STATION (ENTE,BD,1,BATHURST,,station,BD_BATHURST,alias,,
BATHURST STATION DEPAR,BD,1,BATHURST,,station,BD_BATHURST,alias,,
BATHURST STN,BD,1,BATHURST,,station,BD_BATHURST,alias,,
BATHURST TO CASTLE FRA,BD,1,BATHURST TO CASTLE FRA,,segment,,rule,,
BATHURST TO CHRISTIE,BD,1,BATHURST TO CHRISTIE,,segment,,rule,,
BATHUSRT STATION,BD,1,BATHUSRT,,station,BD_BATHURST,fuzzy_reviewed,BATHURST,0.875
BATHUST TO PAPE STATIO,BD,1,BATHUST TO PAPE,,segment,,rule,,
BAY,BD,1,BAY,,station,BD_BAY,alias,,
BAY AND BLOOR,YU,1,BAY AND BLOOR,,segment,,rule,,
BAY LOWER,SRT,1,BAY LOWER,,facility,,rule,,
BAY STATION,SHP,1,BAY,,station,BD_BAY,alias,,
BAY STATION (CUMBERLAN,BD,1,BAY,,station,BD_BAY,alias,,
BAY STATION (LEAVING),BD,1,BAY,,station,BD_BAY,alias,,
BAY STATION (LOST AND,BD,1,BAY,,station,BD_BAY,alias,,
BAY STATION BELAIR EXI,BD,1,BAY,,station,BD_BAY,alias,,
BAY STATION LOWER,BD,1,BAY,,station,BD_BAY,alias,,
BAY STATION TO PAPE ST,BD,1,BAY STATION TO PAPE ST,,segment,,rule,,
BAY STATION- CUMBERLAN,BD,1,BAY,,station,BD_BAY,alias,,
BAY STATION- LOST ARTI,BD,1,BAY,,station,BD_BAY,alias,,
BAYVIEW,SHP,1,BAYVIEW,,station,SHP_BAYVIEW,alias,,
BAYVIEW STATION,UNKNOWN,1,BAYVIEW,,station,SHP_BAYVIEW,alias,,
BAYVIEW STATION - APPR,SHP,1,BAYVIEW,,station,SHP_BAYVIEW,alias,,
BAYVIEW STATION - DEPA,SHP,1,BAYVIEW,,station,SHP_BAYVIEW,alias,,
BAYVIEW SUBSTATION,YU,1,BAYVIEW SUBSTATION,,facility,,rule,,
BAYVIEW TO BESSARION,SHP,1,BAYVIEW TO BESSARION,,segment,,rule,,
BAYVIEW TO SHEPAPRD/YO,SHP,1,BAYVIEW TO SHEPAPRD YO,,segment,,rule,,
BD LINE CHANGEOVERS,BD,1,BD LINE CHANGEOVERS,,line_wide,,rule,,
BEDFORD SUBSTATION,BD,1,BEDFORD SUBSTATION,,facility,,rule,,
BESSARION STATION,BD,1,BESSARION,,station,SHP_BESSARION,alias,,
BESSARION STATION,UNKNOWN,1,BESSARION,,station,SHP_BESSARION,alias,,
BESSARION STATION,YU,1,BESSARION,,station,SHP_BESSARION,alias,,
BESSARION STATION ( EN,SHP,1,BESSARION,,station,SHP_BESSARION,alias,,
BETWEEN MAIN STREET AN,BD,1,BETWEEN MAIN STREET AN,,segment,,rule,,
BETWEEN SHEPPARD AND S,YU,1,BETWEEN SHEPPARD AND S,,segment,,rule,,
BETWEEN SHERBOURNE AND,BD,1,BETWEEN SHERBOURNE AND,,segment,,rule,,
BETWEEN WARDEN STATION,BD,1,BETWEEN WARDEN,,segment,,rule,,
BICHMOUNT DIVISION,UNKNOWN,1,BICHMOUNT DIVISION,,facility,,rule,,
BIRCHMOUNT DIVISION,BD,1,BIRCHMOUNT DIVISION,,facility,,rule,,
BIRCHMOUNT EE,BD,1,BIRCHMOUNT EE,,facility,,rule,,
BLOOR - DANFORTH,BD,1,BLOOR,,station,BD_BLOOR_YONGE,alias,,
BLOOR - DANFOTH JANE S,BD,1,BLOOR,,station,BD_BLOOR_YONGE,alias,,
BLOOR / DANFORTH - LIN,BD,1,BLOOR DANFORTH,,line_wide,,rule,,
BLOOR / DANFORTH LINE,BD,1,BLOOR DANFORTH LINE,,line_wide,,rule,,
BLOOR AND ABERFOYLE CR,BD,1,BLOOR AND ABERFOYLE CR,,segment,,rule,,
BLOOR DANFORTH,UNKNOWN,1,BLOOR DANFORTH,,line_wide,,rule,,
BLOOR DANFORTH AND YOU,MULTI,1,BLOOR DANFORTH AND YOU,,line_wide,,rule,,
BLOOR DANFORTH LINE 2,UNKNOWN,1,BLOOR DANFORTH LINE 2,,line_wide,,rule,,
BLOOR DANFORTH SUBWAY,SHP,1,BLOOR DANFORTH SUBWAY,,line_wide,,rule,,
BLOOR DANFORTH/YONGE U,BD,1,BLOOR DANFORTH YONGE U,,line_wide,,rule,,
BLOOR DANFORTHLINE,BD,1,BLOOR DANFORTHLINE,,line_wide,,rule,,
BLOOR HAYDEN ENTRANCE,YU,1,BLOOR HAYDEN ENTRANCE,,unmatched,,none,,
BLOOR HUB,BD,1,BLOOR HUB,,facility,,rule,,
BLOOR HUB,YU,1,BLOOR HUB,,facility,,rule,,
BLOOR INTERLOCKING,YU,1,BLOOR INTERLOCKING,,facility,,rule,,
BLOOR SOUTH,BD,1,BLOOR SOUTH,,unmatched,,none,,
BLOOR STATION,SHP,1,BLOOR,,station,YU_BLOOR_YONGE,alias,,
BLOOR STATION (AUTOMAT,YU,1,BLOOR,,station,YU_BLOOR_YONGE,alias,,
BLOOR STATION (EXITING,YU,1,BLOOR,,station,YU_BLOOR_YONGE,alias,,
BLOOR STATION (STATION,YU,1,BLOOR,,station,YU_BLOOR_YONGE,alias,,
BLOOR STATION (TOWARDS,YU,1,BLOOR,,station,YU_BLOOR_YONGE,alias,,
BLOOR STATION (UNKNOWN,YU,1,BLOOR,,station,YU_BLOOR_YONGE,alias,,
BLOOR STATION - YONGE,YU,1,BLOOR,,station,YU_BLOOR_YONGE,alias,,
BLOOR STATION ENTERING,YU,1,BLOOR,,station,YU_BLOOR_YONGE,alias,,
BLOOR STATION SOUTH,YU,1,BLOOR,,station,YU_BLOOR_YONGE,alias,,
BLOOR STATION TO EGLIN,YU,1,BLOOR STATION TO EGLIN,,segment,,rule,,
BLOOR STATION TO ROSED,YU,1,BLOOR STATION TO ROSED,,segment,,rule,,
BLOOR STATION TO ST. C,YU,1,BLOOR STATION TO ST C,,segment,,rule,,
BLOOR STATION TO YORK,YU,1,BLOOR STATION TO YORK,,segment,,rule,,
BLOOR STATION-DUNDAS S,UNKNOWN,1,BLOOR,,station,YU_BLOOR_YONGE,alias,,
BLOOR STATON,YU,1,BLOOR,,station,YU_BLOOR_YONGE,alias,,
BLOOR TO COLLEGE,YU,1,BLOOR TO COLLEGE,,segment,,rule,,
BLOOR TO DAVISVILLE,YU,1,BLOOR TO DAVISVILLE,,segment,,rule,,
BLOOR TO DAVISVILLE ST,YU,1,BLOOR TO DAVISVILLE ST,,segment,,rule,,
BLOOR TO EGLINTON STAT,YU,1,BLOOR TO EGLINTON,,segment,,rule,,
BLOOR TO KING STATIONS,YU,1,BLOOR TO KING STATIONS,,segment,,rule,,
BLOOR TO MUSUEM STATIO,YU,1,BLOOR TO MUSUEM,,segment,,rule,,
BLOOR TO ROSEDALE STAT,YU,1,BLOOR TO ROSEDALE,,segment,,rule,,
BLOOR TO ST ANDREW STA,YU,1,BLOOR TO ST ANDREW,,segment,,rule,,
BLOOR TO ST CLAIR STAT,YU,1,BLOOR TO ST CLAIR,,segment,,rule,,
BLOOR TO ST.CLAIR,YU,1,BLOOR TO ST CLAIR,,segment,,rule,,
BLOOR TO UNION,YU,1,BLOOR TO UNION,,segment,,rule,,
BLOOR TO YORK MILLS,YU,1,BLOOR TO YORK MILLS,,segment,,rule,,
BLOOR VIA DUCT,BD,1,BLOOR VIA DUCT,,unmatched,,none,,
BLOOR YONGE,YU,1,BLOOR YONGE,,station,YU_BLOOR_YONGE,alias,,
BLOOR YONGE LINES,MULTI,1,BLOOR YONGE LINES,,line_wide,,rule,,
BLOOR YU / YONGE BD ST,BD,1,BLOOR YU YONGE BD ST,,unmatched,,none,,
BLOOR- DANFORTH LINE,BD,1,BLOOR DANFORTH LINE,,line_wide,,rule,,
BLOOR- DANFORTH LINE 2,BD,1,BLOOR DANFORTH LINE 2,,line_wide,,rule,,
BLOOR-DANFORTH JANE ST,BD,1,BLOOR DANFORTH JANE ST,,line_wide,,rule,,
BLOOR-DANFORTH LINE,UNKNOWN,1,BLOOR DANFORTH LINE,,line_wide,,rule,,
BLOOR-DANFORTH LINE 2,UNKNOWN,1,BLOOR DANFORTH LINE 2,,line_wide,,rule,,
BLOOR-YONGE STATION,BD,1,BLOOR YONGE,,station,BD_BLOOR_YONGE,alias,,
BLOOR/DANFORTH - LINE,BD,1,BLOOR DANFORTH,,line_wide,,rule,,
BLOOR/DANFORTH AND YON,MULTI,1,BLOOR DANFORTH AND YON,,line_wide,,rule,,
BLOOR/DANFORTH LINE 2,BD,1,BLOOR DANFORTH LINE 2,,line_wide,,rule,,
BLOOR/DANFORTH OPEN CU,BD,1,BLOOR DANFORTH OPEN CU,,line_wide,,rule,,
BLOOR/DANFORTH SUBWAY,BD,1,BLOOR DANFORTH SUBWAY,,line_wide,,rule,,
BLOOR/YONGE,YU,1,BLOOR YONGE,,station,YU_BLOOR_YONGE,alias,,
BRAODVIEW STATION TO W,BD,1,BRAODVIEW STATION TO W,,segment,,rule,,
BRIDGEMAN LOT,UNKNOWN,1,BRIDGEMAN LOT,,unmatched,,none,,
BROADVIEW,BD,1,BROADVIEW,,station,BD_BROADVIEW,alias,,
BROADVIEW  TO GREENWOO,BD,1,BROADVIEW TO GREENWOO,,segment,,rule,,
BROADVIEW STATION,SHP,1,BROADVIEW,,station,BD_BROADVIEW,alias,,
BROADVIEW STATION TO S,BD,1,BROADVIEW STATION TO S,,segment,,rule,,
BROADVIEW TO CHESTER S,BD,1,BROADVIEW TO CHESTER S,,segment,,rule,,
BROADVIEW TO KIPLING S,BD,1,BROADVIEW TO KIPLING S,,segment,,rule,,
BROADVIEW TO SCARBOROU,BD,1,BROADVIEW TO SCARBOROU,,segment,,rule,,
BROADVIEW TO SHERBOURN,BD,1,BROADVIEW TO SHERBOURN,,segment,,rule,,
BROADVIEW TO ST. GEORG,BD,1,BROADVIEW TO ST GEORG,,segment,,rule,,
BROADVIEW TO YONGE STA,BD,1,BROADVIEW TO YONGE,,segment,,rule,,
"BROADVIEW, CASTLE FRAN",BD,1,BROADVIEW CASTLE FRAN,,unmatched,,none,,
BRUNSWICK AND BLOOR,BD,1,BRUNSWICK AND BLOOR,,segment,,rule,,
BUCHAN ESB,SHP,1,BUCHAN ESB,,unmatched,,none,,
CALENDONIA STATION,YU,1,CALENDONIA,,unmatched,,none,,
CASTLE FRANK - BROADVI,BD,1,CASTLE FRANK,,station,BD_CASTLE_FRANK,alias,,
CASTLE FRANK STATION,UNKNOWN,1,CASTLE FRANK,,station,BD_CASTLE_FRANK,alias,,
CASTLE FRANK STATION-,BD,1,CASTLE FRANK,,station,BD_CASTLE_FRANK,alias,,
CEDARVALE YU STATION/L,YU,1,CEDARVALE,YU,station,YU_CEDARVALE,alias,,
CELEDONIA STATION,YU,1,CELEDONIA,,unmatched,,none,,
CHANGE OVERS / GENERAL,YU,1,CHANGE OVERS GENERAL,,line_wide,,rule,,
CHANGE OVERS LINE TWO,BD,1,CHANGE OVERS LINE TWO,,line_wide,,rule,,
CHESTER STATION,UNKNOWN,1,CHESTER,,station,BD_CHESTER,alias,,
CHESTER STATION - DEPA,BD,1,CHESTER,,station,BD_CHESTER,alias,,
CHESTER STATION TO ST.,BD,1,CHESTER STATION TO ST,,segment,,rule,,
CHESTER STATION-APPROA,BD,1,CHESTER,,station,BD_CHESTER,alias,,
CHESTER TO CASTLEFRANK,BD,1,CHESTER TO CASTLEFRANK,,segment,,rule,,
CHESTER TO WARDEN,BD,1,CHESTER TO WARDEN,,segment,,rule,,
CHESTER TO YONGE STATI,BD,1,CHESTER TO YONGE,,segment,,rule,,
CHRISTIE - ST GEORGE S,BD,1,CHRISTIE,,station,BD_CHRISTIE,alias,,
CHRISTIE CENTER,BD,1,CHRISTIE CENTER,,unmatched,,none,,
CHRISTIE CENTRE TRACK,BD,1,CHRISTIE CENTRE TRACK,,facility,,rule,,
CHRISTIE STATION - LEA,BD,1,CHRISTIE,,station,BD_CHRISTIE,alias,,
CHRISTIE STATION TO HI,BD,1,CHRISTIE STATION TO HI,,segment,,rule,,
CHRSTIE TO PAPE STATIO,BD,1,CHRSTIE TO PAPE,,segment,,rule,,
CHURCH EE,YU,1,CHURCH EE,,facility,,rule,,
CHURCH EMERGENCY EXIT,UNKNOWN,1,CHURCH EMERGENCY EXIT,,facility,,rule,,
CLANTON PARK,YU,1,CLANTON PARK,,unmatched,,none,,
CLANTON PARK EMERGENCY,YU,1,CLANTON PARK EMERGENCY,,unmatched,,none,,
CLANTON PARK ESB,YU,1,CLANTON PARK ESB,,unmatched,,none,,
CLANTON PARK PORTAL,YU,1,CLANTON PARK PORTAL,,facility,,rule,,
CLANTON PORTAL TO EGLI,YU,1,CLANTON PORTAL TO EGLI,,facility,,rule,,
CLEAR FINCH STATION-PL,YU,1,CLEAR FINCH,,unmatched,,none,,
CLOSURE FINCH TO ST CL,YU,1,CLOSURE FINCH TO ST CL,,line_wide,,rule,,
CLOSURE- KEELE TO OSSI,BD,1,CLOSURE KEELE TO OSSI,,line_wide,,rule,,
CLOSURE- VICTORIA PARK,BD,1,CLOSURE VICTORIA PARK,,line_wide,,rule,,
CLOSURES BUILDING,UNKNOWN,1,CLOSURES BUILDING,,facility,,rule,,
CNE EAST LOOP,YU,1,CNE EAST LOOP,,unmatched,,none,,
COLLEGE AND BATHURST,UNKNOWN,1,COLLEGE AND BATHURST,,segment,,rule,,
COLLEGE AND OSGOODE ST,YU,1,COLLEGE AND OSGOODE ST,,segment,,rule,,
COLLEGE AND WELLESLEY,YU,1,COLLEGE AND WELLESLEY,,segment,,rule,,
COLLEGE STATION (APPRO,YU,1,COLLEGE,,station,YU_COLLEGE,alias,,
COLLEGE STATION (LEAVI,YU,1,COLLEGE,,station,YU_COLLEGE,alias,,
COLLEGE STATION LEAVIN,YU,1,COLLEGE,,station,YU_COLLEGE,alias,,
COLLEGE STATION TO OSG,YU,1,COLLEGE STATION TO OSG,,segment,,rule,,
COLLEGE STATION TOWARD,YU,1,COLLEGE,,station,YU_COLLEGE,alias,,
COLLEGE TO OSGOODE LIN,YU,1,COLLEGE TO OSGOODE LIN,,segment,,rule,,
COLLEGE TO SHEPPARD,YU,1,COLLEGE TO SHEPPARD,,segment,,rule,,
COLLEGE TO SHEPPARD ST,YU,1,COLLEGE TO SHEPPARD ST,,segment,,rule,,
COLLEGE TO ST CLAIR,YU,1,COLLEGE TO ST CLAIR,,segment,,rule,,
COLLEGE TO ST.CLAIR ST,YU,1,COLLEGE TO ST CLAIR ST,,segment,,rule,,
COXWELL STATION,OTHER,1,COXWELL,,station,BD_COXWELL,alias,,
COXWELL STATION (EXITI,BD,1,COXWELL,,station,BD_COXWELL,alias,,
COXWELL STATION APPROA,BD,1,COXWELL,,station,BD_COXWELL,alias,,
COXWELL STATION- APPRO,BD,1,COXWELL,,station,BD_COXWELL,alias,,
COXWELL TO GREENWOOD Y,BD,1,COXWELL TO GREENWOOD Y,,segment,,rule,,
COXWELL TO KENNEDY,BD,1,COXWELL TO KENNEDY,,segment,,rule,,
COXWELL TO KENNEDY STA,BD,1,COXWELL TO KENNEDY,,segment,,rule,,
DANFORTH,BD,1,DANFORTH,,unmatched,,none,,
DANFORTH AND COXWELL,BD,1,DANFORTH AND COXWELL,,segment,,rule,,
DANFORTH DIVSION,BD,1,DANFORTH DIVSION,,facility,,rule,,
DANFORTH DIVSION,UNKNOWN,1,DANFORTH DIVSION,,facility,,rule,,
DAVENPORT BUILDING,UNKNOWN,1,DAVENPORT BUILDING,,facility,,rule,,
DAVISVILLE - ST. CLAIR,YU,1,DAVISVILLE,,station,YU_DAVISVILLE,alias,,
DAVISVILLE BU,YU,1,DAVISVILLE BU,,facility,,rule,,
DAVISVILLE BUID-UP,YU,1,DAVISVILLE BUID UP,,unmatched,,none,,
DAVISVILLE BUILDD UP,YU,1,DAVISVILLE BUILDD UP,,unmatched,,none,,
DAVISVILLE BUILDUP,UNKNOWN,1,DAVISVILLE BUILDUP,,facility,,rule,,
DAVISVILLE CARHOUSE 13,YU,1,DAVISVILLE CARHOUSE 13,,facility,,rule,,
DAVISVILLE OFFICES,UNKNOWN,1,DAVISVILLE OFFICES,,unmatched,,none,,
DAVISVILLE STATION ( B,YU,1,DAVISVILLE,,station,YU_DAVISVILLE,alias,,
DAVISVILLE STATION (IN,YU,1,DAVISVILLE,,station,YU_DAVISVILLE,alias,,
DAVISVILLE STATION - L,YU,1,DAVISVILLE,,station,YU_DAVISVILLE,alias,,
DAVISVILLE STATION LEA,YU,1,DAVISVILLE,,station,YU_DAVISVILLE,alias,,
DAVISVILLE STATION(APP,YU,1,DAVISVILLE,,station,YU_DAVISVILLE,alias,,
DAVISVILLE STATION-BUI,YU,1,DAVISVILLE,,station,YU_DAVISVILLE,alias,,
DAVISVILLE STATION-HOL,YU,1,DAVISVILLE,,station,YU_DAVISVILLE,alias,,
DAVISVILLE STRUCTURE,YU,1,DAVISVILLE STRUCTURE,,unmatched,,none,,
DAVISVILLE SYO BUILD U,UNKNOWN,1,DAVISVILLE SYO BUILD U,,unmatched,,none,,
DAVISVILLE TO ROSEDALE,YU,1,DAVISVILLE TO ROSEDALE,,segment,,rule,,
DAVISVILLE TRACK & STR,BD,1,DAVISVILLE TRACK AND STR,,facility,,rule,,
DAVISVILLE TRACK AND S,YU,1,DAVISVILLE TRACK AND S,,facility,,rule,,
DAVISVILLE YARD,MULTI,1,DAVISVILLE YARD,,facility,,rule,,
DAVISVILLE YARD (29 LA,YU,1,DAVISVILLE YARD,,facility,,rule,,
DAVISVILLE YARD (APPRO,YU,1,DAVISVILLE YARD,,facility,,rule,,
DAVISVILLE YARD (ENTER,YU,1,DAVISVILLE YARD,,facility,,rule,,
DAVISVILLE YARD - T&S,YU,1,DAVISVILLE YARD,,facility,,rule,,
DAVISVILLE YARD - TUNN,UNKNOWN,1,DAVISVILLE YARD,,facility,,rule,,
DAVISVILLE YARD / TRAC,YU,1,DAVISVILLE YARD TRAC,,facility,,rule,,
DAVISVILLE YARD SPUR T,YU,1,DAVISVILLE YARD SPUR T,,facility,,rule,,
DON  MILLS STATION,SHP,1,DON MILLS,,station,SHP_DON_MILLS,alias,,
DON MILLS,SHP,1,DON MILLS,,station,SHP_DON_MILLS,alias,,
DON MILLS STAITON,UNKNOWN,1,DON MILLS,,station,SHP_DON_MILLS,alias,,
DON MILLS STATION ( LE,SHP,1,DON MILLS,,station,SHP_DON_MILLS,alias,,
DON MILLS STATION - AP,SHP,1,DON MILLS,,station,SHP_DON_MILLS,alias,,
DON MILLS STATION PLAT,SHP,1,DON MILLS,,station,SHP_DON_MILLS,alias,,
DON MILLS STATION TO L,SHP,1,DON MILLS STATION TO L,,segment,,rule,,
DON MILLS STATION(LEAV,SHP,1,DON MILLS,,station,SHP_DON_MILLS,alias,,
DON MILLS STATION- LEA,SHP,1,DON MILLS,,station,SHP_DON_MILLS,alias,,
DON MILLS STATION- PLA,SHP,1,DON MILLS,,station,SHP_DON_MILLS,alias,,
DON MLLS STATION,UNKNOWN,1,DON MLLS,,station,SHP_DON_MILLS,fuzzy_reviewed,DON MILLS,0.941
DONLANDS STATION (LEAV,BD,1,DONLANDS,,station,BD_DONLANDS,alias,,
DONLANDS STATION - APP,BD,1,DONLANDS,,station,BD_DONLANDS,alias,,
DONLANDS TO GREENWOD Y,BD,1,DONLANDS TO GREENWOD Y,,segment,,rule,,
DONLANDS TO GREENWOOD,BD,1,DONLANDS TO GREENWOOD,,segment,,rule,,
DONLANDS TO KIPLING ST,BD,1,DONLANDS TO KIPLING ST,,segment,,rule,,
DOWNSVIEW PARK / BLOOR,YU,1,DOWNSVIEW PARK BLOOR,,unmatched,,none,,
DOWNSVIEW PARK TO VMC,YU,1,DOWNSVIEW PARK TO VMC,,segment,,rule,,
DOWNSVIEW STATION PLAT,YU,1,DOWNSVIEW,,station,YU_SHEPPARD_WEST,alias,,
DOWNSVIEW SUB STATION,YU,1,DOWNSVIEW SUB,,unmatched,,none,,
DOWNSVIEWSTATION,YU,1,DOWNSVIEWSTATION,,unmatched,,none,,
DOWNVIEW PARK STATION,YU,1,DOWNVIEW PARK,,station,YU_DOWNSVIEW_PARK,fuzzy_reviewed,DOWNSVIEW PARK,0.963
DOWNVIEW PARK STN - UN,YU,1,DOWNVIEW PARK,,station,YU_DOWNSVIEW_PARK,fuzzy_reviewed,DOWNSVIEW PARK,0.963
DUFFERIN AND BLOOR,BD,1,DUFFERIN AND BLOOR,,segment,,rule,,
DUFFERIN AND DUFFERIN,UNKNOWN,1,DUFFERIN AND DUFFERIN,,segment,,rule,,
DUFFERIN STATION,OTHER,1,DUFFERIN,,station,BD_DUFFERIN,alias,,
DUFFERIN STATON,BD,1,DUFFERIN,,station,BD_DUFFERIN,alias,,
DUFFERIN TO KIPLING,BD,1,DUFFERIN TO KIPLING,,segment,,rule,,
DUFFERIN TO KIPLING ST,BD,1,DUFFERIN TO KIPLING ST,,segment,,rule,,
DUFFERIN TO LANSDOWNE,BD,1,DUFFERIN TO LANSDOWNE,,segment,,rule,,
DUNCAN BUILDING,UNKNOWN,1,DUNCAN BUILDING,,facility,,rule,,
DUNCAN BUILDING,YU,1,DUNCAN BUILDING,,facility,,rule,,
DUNCAN SHOPS BRAKE SEC,UNKNOWN,1,DUNCAN SHOPS BRAKE SEC,,facility,,rule,,
DUNCAN SUBSTATION,UNKNOWN,1,DUNCAN SUBSTATION,,facility,,rule,,
DUNCAN SUBSTATION,YU,1,DUNCAN SUBSTATION,,facility,,rule,,
DUNCAN WAREHOUSE,UNKNOWN,1,DUNCAN WAREHOUSE,,unmatched,,none,,
DUNDA WEST STATION,UNKNOWN,1,DUNDA WEST,,station,BD_DUNDAS_WEST,fuzzy_reviewed,DUNDAS WEST,0.952
DUNDAS,YU,1,DUNDAS,,station,YU_TMU,alias,,
DUNDAS APPROACHING,YU,1,DUNDAS APPROACHING,,unmatched,,none,,
DUNDAS STATION,MULTI,1,DUNDAS,,station,YU_TMU,alias,,
DUNDAS STATION,SHP,1,DUNDAS,,station,YU_TMU,alias,,
DUNDAS STATION (EAST S,YU,1,DUNDAS,,station,YU_TMU,alias,,
DUNDAS STATION (ENTERI,YU,1,DUNDAS,,station,YU_TMU,alias,,
DUNDAS STATION (W/S),YU,1,DUNDAS,,station,YU_TMU,alias,,
DUNDAS STATION (WEST S,YU,1,DUNDAS,,station,YU_TMU,alias,,
DUNDAS STATION - ST CL,YU,1,DUNDAS,,station,YU_TMU,alias,,
DUNDAS STATION - W/S,YU,1,DUNDAS,,station,YU_TMU,alias,,
DUNDAS STATION - WEST,YU,1,DUNDAS,,station,YU_TMU,alias,,
DUNDAS STATION E/S 1,YU,1,DUNDAS,,station,YU_TMU,alias,,
DUNDAS STATION WS,YU,1,DUNDAS,,station,YU_TMU,alias,,
DUNDAS STATION/SUMMERH,YU,1,DUNDAS,,station,YU_TMU,alias,,
DUNDAS TO FINCH,YU,1,DUNDAS TO FINCH,,segment,,rule,,
DUNDAS TO FINCH STATIO,YU,1,DUNDAS TO FINCH,,segment,,rule,,
DUNDAS WEST - KIPLING,BD,1,DUNDAS WEST,,station,BD_DUNDAS_WEST,alias,,
DUNDAS WEST STATION (E,BD,1,DUNDAS WEST,,station,BD_DUNDAS_WEST,alias,,
DUNDAS WEST STATION AP,BD,1,DUNDAS WEST,,station,BD_DUNDAS_WEST,alias,,
DUNDAS WEST STATION TO,BD,1,DUNDAS WEST STATION TO,,segment,,rule,,
DUNDAS WEST STATION(AP,BD,1,DUNDAS WEST,,station,BD_DUNDAS_WEST,alias,,
DUNDAS WEST TO KEELE S,BD,1,DUNDAS WEST TO KEELE S,,segment,,rule,,
DUPLEX AVENUE,YU,1,DUPLEX AVENUE,,unmatched,,none,,
DUPONT,YU,1,DUPONT,,station,YU_DUPONT,alias,,
DUPONT - SPADINA YUS S,YU,1,DUPONT,,station,YU_DUPONT,alias,,
DUPONT MIGRATION POINT,YU,1,DUPONT MIGRATION POINT,,facility,,rule,,
DUPONT STATION ( APPRO,YU,1,DUPONT,,station,YU_DUPONT,alias,,
DUPONT STATION APPROAC,YU,1,DUPONT,,station,YU_DUPONT,alias,,
DUPONT STATION TO EGLI,YU,1,DUPONT STATION TO EGLI,,segment,,rule,,
DUPONT TO OSGOODE,YU,1,DUPONT TO OSGOODE,,segment,,rule,,
DUPONT TO SPADINA,YU,1,DUPONT TO SPADINA,,segment,,rule,,
DUPONT TO ST GEORGE,YU,1,DUPONT TO ST GEORGE,,segment,,rule,,
E/END BROADVIEW - W/EN,BD,1,E END BROADVIEW,,unmatched,,none,,
E/O KENNEDY STATION TO,BD,1,E O KENNEDY STATION TO,,segment,,rule,,
E/O WARDEN TO W/O VICT,BD,1,E O WARDEN TO W O VICT,,segment,,rule,,
E/O WARDEN TO W/O WARD,BD,1,E O WARDEN TO W O WARD,,segment,,rule,,
E13,YU,1,E13,,unmatched,,none,,
EA SHEPPARD WEST TO ST,YU,1,EA SHEPPARD WEST TO ST,,segment,,rule,,
EARLY ACCESS CLOSURE -,MULTI,1,EARLY ACCESS CLOSURE,,line_wide,,rule,,
EARLY ACCESS CLOSURE F,YU,1,EARLY ACCESS CLOSURE F,,line_wide,,rule,,
EARLY CLOSURE,YU,1,EARLY CLOSURE,,line_wide,,rule,,
EARLY CLOSURE EGLINTON,YU,1,EARLY CLOSURE EGLINTON,,line_wide,,rule,,
EARLY CLOSURE KING TO,YU,1,EARLY CLOSURE KING TO,,line_wide,,rule,,
EARLY CLOSURE LINE 1 Y,YU,1,EARLY CLOSURE LINE 1 Y,,line_wide,,rule,,
EARLY CLOSURE: KIPLING,BD,1,EARLY CLOSURE KIPLING,,line_wide,,rule,,
EARLY SCHEDULE CLOSURE,YU,1,EARLY SCHEDULE CLOSURE,,line_wide,,rule,,
EARLY SUBWAY CLOSURE:,MULTI,1,EARLY SUBWAY CLOSURE,,line_wide,,rule,,
EASTBOUND - BETWEEN SH,BD,1,EASTBOUND,,unmatched,,none,,
EATON CENTRE,YU,1,EATON CENTRE,,unmatched,,none,,
EATON CENTRE - DUNDAS,YU,1,EATON CENTRE,,unmatched,,none,,
EGINTON STATION,YU,1,EGINTON,,station,YU_EGLINTON,fuzzy_reviewed,EGLINTON,0.933
EGLINTON - DAVISVILLE,YU,1,EGLINTON,,station,YU_EGLINTON,alias,,
EGLINTON - FINCH STATI,YU,1,EGLINTON,,station,YU_EGLINTON,alias,,
EGLINTON - SCARBOROUGH,UNKNOWN,1,EGLINTON,,station,YU_EGLINTON,alias,,
EGLINTON AND BLOOR STA,YU,1,EGLINTON AND BLOOR,,segment,,rule,,
EGLINTON BUS TERMINAL,UNKNOWN,1,EGLINTON BUS TERMINAL,,facility,,rule,,
EGLINTON GARAGE,YU,1,EGLINTON GARAGE,,facility,,rule,,
EGLINTON PSUDO STATION,YU,1,EGLINTON PSUDO,,unmatched,,none,,
EGLINTON STAION,YU,1,EGLINTON,,station,YU_EGLINTON,alias,,
EGLINTON STATION ( MIG,YU,1,EGLINTON,,station,YU_EGLINTON,alias,,
EGLINTON STATION (CRAS,YU,1,EGLINTON,,station,YU_EGLINTON,alias,,
EGLINTON STATION (ENTE,YU,1,EGLINTON,,station,YU_EGLINTON,alias,,
EGLINTON STATION (EXIT,YU,1,EGLINTON,,station,YU_EGLINTON,alias,,
EGLINTON STATION - FIN,YU,1,EGLINTON,,station,YU_EGLINTON,alias,,
EGLINTON STATION - MIG,YU,1,EGLINTON,,station,YU_EGLINTON,alias,,
EGLINTON STATION - PLA,YU,1,EGLINTON,,station,YU_EGLINTON,alias,,
EGLINTON STATION - ST,YU,1,EGLINTON,,station,YU_EGLINTON,alias,,
EGLINTON STATION TO ST,YU,1,EGLINTON STATION TO ST,,segment,,rule,,
EGLINTON STATION TO VA,YU,1,EGLINTON STATION TO VA,,segment,,rule,,
EGLINTON STATION TO VM,YU,1,EGLINTON STATION TO VM,,segment,,rule,,
EGLINTON STN,YU,1,EGLINTON,,station,YU_EGLINTON,alias,,
EGLINTON TO COLLEGE,YU,1,EGLINTON TO COLLEGE,,segment,,rule,,
EGLINTON TO FINCH STAT,YU,1,EGLINTON TO FINCH,,segment,,rule,,
EGLINTON TO KING STATI,YU,1,EGLINTON TO KING,,segment,,rule,,
EGLINTON TO SHEPPARD-Y,YU,1,EGLINTON TO SHEPPARD Y,,segment,,rule,,
EGLINTON TO ST CLAIR S,YU,1,EGLINTON TO ST CLAIR S,,segment,,rule,,
EGLINTON TO UNION,YU,1,EGLINTON TO UNION,,segment,,rule,,
EGLINTON TO UNION STA,YU,1,EGLINTON TO UNION,,segment,,rule,,
EGLINTON WEST - SHEPPA,YU,1,EGLINTON WEST,,station,YU_CEDARVALE,alias,,
EGLINTON WEST SATION,YU,1,EGLINTON WEST,,station,YU_CEDARVALE,alias,,
EGLINTON WEST STATION,BD,1,EGLINTON WEST,,station,YU_CEDARVALE,alias,,
EGLINTON WEST STATION,OTHER,1,EGLINTON WEST,,station,YU_CEDARVALE,alias,,
EGLINTON WEST STATION(,YU,1,EGLINTON WEST,,station,YU_CEDARVALE,alias,,
EGLINTON WEST TO BLOOR,YU,1,EGLINTON WEST TO BLOOR,,segment,,rule,,
EGLINTON WEST TO ST CL,YU,1,EGLINTON WEST TO ST CL,,segment,,rule,,
EGLINTON WEST TO VMC,YU,1,EGLINTON WEST TO VMC,,segment,,rule,,
EGLINTON YARD,YU,1,EGLINTON YARD,,facility,,rule,,
ELLESMERE STATION DEPA,SRT,1,ELLESMERE,,station,SRT_ELLESMERE,alias,,
ELLIS BRIDGE,YU,1,ELLIS BRIDGE,,unmatched,,none,,
ENGLINTON TO SHEPPARD,YU,1,ENGLINTON TO SHEPPARD,,segment,,rule,,
ENTERING - WARDEN STAT,BD,1,ENTERING,,unmatched,,none,,
ENTERING END - CASTLE,BD,1,ENTERING END,,unmatched,,none,,
ENTERING LESLIE STATIO,SHP,1,ENTERING LESLIE,,unmatched,,none,,
ENTERING VICTORIA PARK,BD,1,ENTERING VICTORIA PARK,,unmatched,,none,,
FENMAR AND WESTON,BD,1,FENMAR AND WESTON,,segment,,rule,,
FICNH STATION,YU,1,FICNH,,unmatched,,none,,
FINCH,YU,1,FINCH,,station,YU_FINCH,alias,,
FINCH (PLATFORM 2),YU,1,FINCH,,station,YU_FINCH,alias,,
FINCH - NORTH YORK CEN,YU,1,FINCH,,station,YU_FINCH,alias,,
FINCH PLAT 1,YU,1,FINCH PLAT 1,,unmatched,,none,,
FINCH PLATFORM,YU,1,FINCH,,station,YU_FINCH,alias,,
FINCH PLATFORM 1,YU,1,FINCH PLATFORM 1,,unmatched,,none,,
FINCH PLATFORM 2,YU,1,FINCH PLATFORM 2,,unmatched,,none,,
FINCH PLATFORM ONE,YU,1,FINCH PLATFORM ONE,,unmatched,,none,,
FINCH PLATFROM 2,YU,1,FINCH PLATFROM 2,,unmatched,,none,,
FINCH STATION  PLATFOR,YU,1,FINCH,,station,YU_FINCH,alias,,
FINCH STATION #2,YU,1,FINCH,,station,YU_FINCH,alias,,
FINCH STATION ( APPROA,YU,1,FINCH,,station,YU_FINCH,alias,,
FINCH STATION ( PLAT 2,YU,1,FINCH,,station,YU_FINCH,alias,,
FINCH STATION ( TAIL 2,YU,1,FINCH,,station,YU_FINCH,alias,,
FINCH STATION (DEPARTI,YU,1,FINCH,,station,YU_FINCH,alias,,
FINCH STATION (FINCH P,YU,1,FINCH,,station,YU_FINCH,alias,,
FINCH STATION (FINCH T,YU,1,FINCH,,station,YU_FINCH,alias,,
FINCH STATION (PL1),YU,1,FINCH,,station,YU_FINCH,alias,,
FINCH STATION (PLAT #2,YU,1,FINCH,,station,YU_FINCH,alias,,
FINCH STATION (PUBLIC,YU,1,FINCH,,station,YU_FINCH,alias,,
FINCH STATION (TAIL 3),YU,1,FINCH,,station,YU_FINCH,alias,,
FINCH STATION - 5697 Y,YU,1,FINCH,,station,YU_FINCH,alias,,
FINCH STATION - PLT 2,YU,1,FINCH,,station,YU_FINCH,alias,,
FINCH STATION - TT,YU,1,FINCH,,station,YU_FINCH,alias,,
FINCH STATION -PLATFOR,YU,1,FINCH,,station,YU_FINCH,alias,,
FINCH STATION BOOTH 2,YU,1,FINCH,,station,YU_FINCH,alias,,
FINCH STATION PL 1,YU,1,FINCH,,station,YU_FINCH,alias,,
FINCH STATION PLAT 2,YU,1,FINCH,,station,YU_FINCH,alias,,
FINCH STATION TO DUPON,YU,1,FINCH STATION TO DUPON,,segment,,rule,,
FINCH STATION TO ST GE,YU,1,FINCH STATION TO ST GE,,segment,,rule,,
FINCH STATION TO ST. C,YU,1,FINCH STATION TO ST C,,segment,,rule,,
FINCH STATION [ PLATFO,YU,1,FINCH,,station,YU_FINCH,alias,,
FINCH STATION( TAIL TR,YU,1,FINCH,,station,YU_FINCH,alias,,
FINCH STATION(PLATFORM,YU,1,FINCH,,station,YU_FINCH,alias,,
FINCH STATION(PLATFROM,YU,1,FINCH,,station,YU_FINCH,alias,,
FINCH STATION-LEAVING,YU,1,FINCH,,station,YU_FINCH,alias,,
FINCH STATION-PLAT 1,YU,1,FINCH,,station,YU_FINCH,alias,,
FINCH STN 39 BUS PLATF,YU,1,FINCH STN 39 BUS,,unmatched,,none,,
FINCH TAIL,YU,1,FINCH TAIL,,unmatched,,none,,
FINCH TAIL #1,YU,1,FINCH TAIL #1,,unmatched,,none,,
FINCH TAIL #2,YU,1,FINCH TAIL #2,,unmatched,,none,,
FINCH TAIL TRACK,YU,1,FINCH TAIL TRACK,,facility,,rule,,
FINCH TO MUSEUM,YU,1,FINCH TO MUSEUM,,segment,,rule,,
FINCH TO NORTH YORK CT,YU,1,FINCH TO NORTH YORK CT,,segment,,rule,,
FINCH TO QUEEN STATION,YU,1,FINCH TO QUEEN,,segment,,rule,,
FINCH TO ROSEDALE,YU,1,FINCH TO ROSEDALE,,segment,,rule,,
FINCH TO SHEPPARD WEST,YU,1,FINCH TO SHEPPARD WEST,,segment,,rule,,
FINCH TO ST CLAIR,YU,1,FINCH TO ST CLAIR,,segment,,rule,,
FINCH TO ST CLAIR WEST,YU,1,FINCH TO ST CLAIR WEST,,segment,,rule,,
FINCH TO UNION,YU,1,FINCH TO UNION,,segment,,rule,,
FINCH TO UNION STATION,YU,1,FINCH TO UNION,,segment,,rule,,
FINCH TO VAUGHAN METRO,YU,1,FINCH TO VAUGHAN METRO,,segment,,rule,,
FINCH TO VMC,YU,1,FINCH TO VMC,,segment,,rule,,
FINCH TO WILSON,YU,1,FINCH TO WILSON,,segment,,rule,,
FINCH TOWER,YU,1,FINCH TOWER,,unmatched,,none,,
FINCH WEST - SHEPPARD,YU,1,FINCH WEST,,station,YU_FINCH_WEST,alias,,
FINCH WEST CENTER TRAC,YU,1,FINCH WEST CENTER TRAC,,unmatched,,none,,
FINCH WEST STATION (AP,YU,1,FINCH WEST,,station,YU_FINCH_WEST,alias,,
FINCH WEST STATION (EN,YU,1,FINCH WEST,,station,YU_FINCH_WEST,alias,,
FINCH WEST STATION - Y,YU,1,FINCH WEST,,station,YU_FINCH_WEST,alias,,
FINCH WEST STATION TO,YU,1,FINCH WEST STATION TO,,segment,,rule,,
FINCH WEST STATION(APP,YU,1,FINCH WEST,,station,YU_FINCH_WEST,alias,,
FINCH WEST TO PIONEER,YU,1,FINCH WEST TO PIONEER,,segment,,rule,,
FINCH WEST TO VMC,YU,1,FINCH WEST TO VMC,,segment,,rule,,
FINCH WEST TO VMC STAT,YU,1,FINCH WEST TO VMC,,segment,,rule,,
FINCH WEST TO WILSON,YU,1,FINCH WEST TO WILSON,,segment,,rule,,
FULL LINE,SRT,1,FULL LINE,,line_wide,,rule,,
GLEN CEDAR EMERGENCY A,YU,1,GLEN CEDAR EMERGENCY A,,unmatched,,none,,
GLENACAIRN STATION (AP,YU,1,GLENACAIRN,,station,YU_GLENCAIRN,fuzzy_reviewed,GLENCAIRN,0.947
GLENAYR EE,YU,1,GLENAYR EE,,facility,,rule,,
GLENAYR EMERGENCY EXIT,UNKNOWN,1,GLENAYR EMERGENCY EXIT,,facility,,rule,,
GLENAYR SUBSTATION,UNKNOWN,1,GLENAYR SUBSTATION,,facility,,rule,,
GLENCAIRN,YU,1,GLENCAIRN,,station,YU_GLENCAIRN,alias,,
GLENCAIRN (LEAVING),YU,1,GLENCAIRN,,station,YU_GLENCAIRN,alias,,
GLENCAIRN STATION,SHP,1,GLENCAIRN,,station,YU_GLENCAIRN,alias,,
GLENCAIRN STATION,UNKNOWN,1,GLENCAIRN,,station,YU_GLENCAIRN,alias,,
GLENCAIRN STATION ( AP,YU,1,GLENCAIRN,,station,YU_GLENCAIRN,alias,,
GLENCAIRN TO ST GEORGE,YU,1,GLENCAIRN TO ST GEORGE,,segment,,rule,,
GO PROTOCOL - BARRIE L,UNKNOWN,1,GO PROTOCOL,,unmatched,,none,,
GO PROTOCOL - DANFORTH,BD,1,GO PROTOCOL,,unmatched,,none,,
GO PROTOCOL - UNION TO,UNKNOWN,1,GO PROTOCOL,,unmatched,,none,,
"GO PROTOCOL - UNION, D",YU,1,GO PROTOCOL,,unmatched,,none,,
GO PROTOCOL- UNION - K,UNKNOWN,1,GO PROTOCOL UNION,,unmatched,,none,,
GOLDEN MILE STATION (E,OTHER,1,GOLDEN MILE,,unmatched,,none,,
GREEENWOOD YARD,BD,1,GREEENWOOD YARD,,facility,,rule,,
GREENWOOD - TRACK TRAI,BD,1,GREENWOOD,,station,BD_GREENWOOD,alias,,
GREENWOOD CARHOUSE,SHP,1,GREENWOOD CARHOUSE,,facility,,rule,,
GREENWOOD CARHOUSE - T,BD,1,GREENWOOD CARHOUSE,,facility,,rule,,
GREENWOOD COMPLEX,UNKNOWN,1,GREENWOOD COMPLEX,,facility,,rule,,
GREENWOOD COMPLEX - TR,BD,1,GREENWOOD COMPLEX,,facility,,rule,,
GREENWOOD PLANT BUILDI,UNKNOWN,1,GREENWOOD PLANT BUILDI,,unmatched,,none,,
GREENWOOD PORTAL,UNKNOWN,1,GREENWOOD PORTAL,,facility,,rule,,
GREENWOOD PORTAL (EXIT,BD,1,GREENWOOD PORTAL,,facility,,rule,,
GREENWOOD SHOPS - 41 T,UNKNOWN,1,GREENWOOD SHOPS,,facility,,rule,,
GREENWOOD SHOPS TRACK,BD,1,GREENWOOD SHOPS TRACK,,facility,,rule,,
GREENWOOD SHOPS.,BD,1,GREENWOOD SHOPS,,facility,,rule,,
GREENWOOD STATION ( EN,BD,1,GREENWOOD,,station,BD_GREENWOOD,alias,,
GREENWOOD STATION (ENT,BD,1,GREENWOOD,,station,BD_GREENWOOD,alias,,
GREENWOOD STATION APPR,BD,1,GREENWOOD,,station,BD_GREENWOOD,alias,,
GREENWOOD STATION CARH,BD,1,GREENWOOD,,station,BD_GREENWOOD,alias,,
GREENWOOD T&S BUILDING,BD,1,GREENWOOD T AND S BUILDING,,facility,,rule,,
GREENWOOD TO DONLANDS,BD,1,GREENWOOD TO DONLANDS,,segment,,rule,,
GREENWOOD TRACK & STRU,BD,1,GREENWOOD TRACK AND STRU,,facility,,rule,,
GREENWOOD TRACK&STRUCT,UNKNOWN,1,GREENWOOD TRACK AND STRUCT,,facility,,rule,,
GREENWOOD TRACK/STRUCT,UNKNOWN,1,GREENWOOD TRACK STRUCT,,facility,,rule,,
GREENWOOD WOOD,BD,1,GREENWOOD WOOD,,unmatched,,none,,
GREENWOOD WYE,UNKNOWN,1,GREENWOOD WYE,,facility,,rule,,
GREENWOOD WYE (ENTERI,BD,1,GREENWOOD WYE,,facility,,rule,,
GREENWOOD WYE DEPARTIN,BD,1,GREENWOOD WYE DEPARTIN,,facility,,rule,,
GREENWOOD YARD,YU,1,GREENWOOD YARD,,facility,,rule,,
GREENWOOD YARD (ENTERI,BD,1,GREENWOOD YARD,,facility,,rule,,
GREENWOOD YARD (LEAVIN,BD,1,GREENWOOD YARD,,facility,,rule,,
GREENWOOD YARD -  43 T,YU,1,GREENWOOD YARD,,facility,,rule,,
GREENWOOD YARD ENTERIN,BD,1,GREENWOOD YARD ENTERIN,,facility,,rule,,
GREENWOOD YARD TRACK B,BD,1,GREENWOOD YARD TRACK B,,facility,,rule,,
"GREENWOOD YARD, SOUTH",BD,1,GREENWOOD YARD SOUTH,,facility,,rule,,
GREENWWOD YARD,BD,1,GREENWWOD YARD,,facility,,rule,,
GUNN BUILDING,SHP,1,GUNN BUILDING,,facility,,rule,,
GUNN BUILDING - 2ND FL,UNKNOWN,1,GUNN BUILDING,,facility,,rule,,
GUNN BUILDING - 3RD FL,UNKNOWN,1,GUNN BUILDING,,facility,,rule,,
GUNN BUILDING - ELEVAT,UNKNOWN,1,GUNN BUILDING,,facility,,rule,,
HARVEY AND DUNCAN SHOP,UNKNOWN,1,HARVEY AND DUNCAN SHOP,,facility,,rule,,
HARVEY SHOP,YU,1,HARVEY SHOP,,facility,,rule,,
HIGH PARK,BD,1,HIGH PARK,,station,BD_HIGH_PARK,alias,,
HIGH PARK - KEELE,BD,1,HIGH PARK,,station,BD_HIGH_PARK,alias,,
HIGH PARK - KEELE STAT,BD,1,HIGH PARK,,station,BD_HIGH_PARK,alias,,
HIGH PARK AND KEELE ST,BD,1,HIGH PARK AND KEELE ST,,segment,,rule,,
HIGH PARK STATION (APP,BD,1,HIGH PARK,,station,BD_HIGH_PARK,alias,,
HIGH PARK STATION (ENT,BD,1,HIGH PARK,,station,BD_HIGH_PARK,alias,,
HIGH PARK STATION - AP,BD,1,HIGH PARK,,station,BD_HIGH_PARK,alias,,
HIGH PARK TO LANSDOWNE,BD,1,HIGH PARK TO LANSDOWNE,,segment,,rule,,
HIGHWAY 407,YU,1,HIGHWAY 407,,station,YU_HIGHWAY_407,alias,,
HIGHWAY 407 STATION (A,YU,1,HIGHWAY 407,,station,YU_HIGHWAY_407,alias,,
HIGHWAY 407 STATION AN,YU,1,HIGHWAY 407,,station,YU_HIGHWAY_407,alias,,
HIGHWAY 407 STATION TO,YU,1,HIGHWAY 407 STATION TO,,segment,,rule,,
HIGHWAY 407 TO PIONEER,YU,1,HIGHWAY 407 TO PIONEER,,segment,,rule,,
"HIGHWAY 407, UNION AND",YU,1,HIGHWAY 407 UNION AND,,segment,,rule,,
HILLCREST - GUNN BUILD,UNKNOWN,1,HILLCREST,,facility,,rule,,
HILLCREST - PAINT AND,UNKNOWN,1,HILLCREST,,facility,,rule,,
HILLCREST - SUBWAY OPE,UNKNOWN,1,HILLCREST,,facility,,rule,,
HILLCREST COMPLEX - IN,UNKNOWN,1,HILLCREST COMPLEX,,facility,,rule,,
HILLCREST GATE,UNKNOWN,1,HILLCREST GATE,,facility,,rule,,
HILLCREST GATEHOUSE,UNKNOWN,1,HILLCREST GATEHOUSE,,facility,,rule,,
HILLCREST POWER CONTRO,UNKNOWN,1,HILLCREST POWER CONTRO,,facility,,rule,,
HOSTLER 2 WILSON YARD,YU,1,HOSTLER 2 WILSON YARD,,facility,,rule,,
HWY 407 & DOWNSVIEW PA,YU,1,HWY 407 AND DOWNSVIEW PA,,segment,,rule,,
HWY 407 TO UNION STATI,UNKNOWN,1,HWY 407 TO UNION,,segment,,rule,,
IMPERIAL ST (NORTH OF,YU,1,IMPERIAL ST,,unmatched,,none,,
INGLIS BUILDING,OTHER,1,INGLIS BUILDING,,facility,,rule,,
INGLIS BUILDING - 3RD,UNKNOWN,1,INGLIS BUILDING,,facility,,rule,,
INTERCHANGE WAY EE,YU,1,INTERCHANGE WAY EE,,facility,,rule,,
ISLINGTON AND JANE,BD,1,ISLINGTON AND JANE,,segment,,rule,,
ISLINGTON STATION ( LE,BD,1,ISLINGTON,,station,BD_ISLINGTON,alias,,
ISLINGTON STATION (CEN,BD,1,ISLINGTON,,station,BD_ISLINGTON,alias,,
ISLINGTON STATION (EAS,BD,1,ISLINGTON,,station,BD_ISLINGTON,alias,,
ISLINGTON STATION (EXI,BD,1,ISLINGTON,,station,BD_ISLINGTON,alias,,
ISLINGTON STATION - AP,BD,1,ISLINGTON,,station,BD_ISLINGTON,alias,,
ISLINGTON STATION - KI,BD,1,ISLINGTON,,station,BD_ISLINGTON,alias,,
ISLINGTON STATION AND,BD,1,ISLINGTON STATION AND,,segment,,rule,,
ISLINGTON STATION APPR,BD,1,ISLINGTON,,station,BD_ISLINGTON,alias,,
ISLINGTON STATION LEAV,BD,1,ISLINGTON,,station,BD_ISLINGTON,alias,,
ISLINGTON STATION TO K,BD,1,ISLINGTON STATION TO K,,segment,,rule,,
ISLINGTON STATION( LEA,BD,1,ISLINGTON,,station,BD_ISLINGTON,alias,,
ISLINGTON STATION-LEAV,BD,1,ISLINGTON,,station,BD_ISLINGTON,alias,,
ISLINGTON SUBSTATION,BD,1,ISLINGTON SUBSTATION,,facility,,rule,,
ISLINGTON TO COXWELL S,BD,1,ISLINGTON TO COXWELL S,,segment,,rule,,
ISLINGTON TO HIGH PARK,BD,1,ISLINGTON TO HIGH PARK,,segment,,rule,,
ISLINGTON TO JANE STAT,BD,1,ISLINGTON TO JANE,,segment,,rule,,
ISLINGTON TO KEELE,BD,1,ISLINGTON TO KEELE,,segment,,rule,,
ISLINGTON TO KIPLING,BD,1,ISLINGTON TO KIPLING,,segment,,rule,,
ISLINGTON TO KIPLING S,BD,1,ISLINGTON TO KIPLING S,,segment,,rule,,
ISLINGTON TO KIPLING-,BD,1,ISLINGTON TO KIPLING,,segment,,rule,,
ISLINGTON TO LANSDOWN,BD,1,ISLINGTON TO LANSDOWN,,segment,,rule,,
ISLINGTON TO OLD MILL,BD,1,ISLINGTON TO OLD MILL,,segment,,rule,,
ISLINGTON TO PRINCE ED,YU,1,ISLINGTON TO PRINCE ED,,segment,,rule,,
ISLINTON STATION,BD,1,ISLINTON,,station,BD_ISLINGTON,fuzzy_reviewed,ISLINGTON,0.941
JANE & RUNNYMEDE STATI,BD,1,JANE AND RUNNYMEDE,,segment,,rule,,
JANE AND DUFFERIN,BD,1,JANE AND DUFFERIN,,segment,,rule,,
JANE AND HWY 407,YU,1,JANE AND HWY 407,,segment,,rule,,
JANE STATION (EXITING),BD,1,JANE,,station,BD_JANE,alias,,
JANE STATION (LEAVING),BD,1,JANE,,station,BD_JANE,alias,,
JANE STATION AND HIGHW,BD,1,JANE STATION AND HIGHW,,segment,,rule,,
JANE STATION TO KIPLIN,BD,1,JANE STATION TO KIPLIN,,segment,,rule,,
JANE STATION TO OLD MI,BD,1,JANE STATION TO OLD MI,,segment,,rule,,
JANE TO KEELE STATIONS,BD,1,JANE TO KEELE STATIONS,,segment,,rule,,
JANE TO OSSIGNTON STAT,BD,1,JANE TO OSSIGNTON,,segment,,rule,,
JANE TO ST GEORGE,UNKNOWN,1,JANE TO ST GEORGE,,segment,,rule,,
JANE TO ST GEORGE STAT,UNKNOWN,1,JANE TO ST GEORGE,,segment,,rule,,
KEELE,BD,1,KEELE,,station,BD_KEELE,alias,,
KEELE STATION,OTHER,1,KEELE,,station,BD_KEELE,alias,,
KEELE STATION ( APPROC,BD,1,KEELE,,station,BD_KEELE,alias,,
KEELE STATION ( LEAVIN,BD,1,KEELE,,station,BD_KEELE,alias,,
KEELE STATION (APPRAOC,BD,1,KEELE,,station,BD_KEELE,alias,,
KEELE STATION (CROSSIN,BD,1,KEELE,,station,BD_KEELE,alias,,
KEELE STATION (RT - 76,BD,1,KEELE,,station,BD_KEELE,alias,,
KEELE STATION - APPROA,BD,1,KEELE,,station,BD_KEELE,alias,,
KEELE STATION - ST GEO,BD,1,KEELE,,station,BD_KEELE,alias,,
KEELE STATION - ST GEO,YU,1,KEELE,,station,BD_KEELE,alias,,
KEELE STATION AND HIGH,BD,1,KEELE STATION AND HIGH,,segment,,rule,,
KEELE STATION LEAVING,BD,1,KEELE,,station,BD_KEELE,alias,,
KEELE STATION TO DUNDA,BD,1,KEELE STATION TO DUNDA,,segment,,rule,,
KEELE STATION TO KIPLI,BD,1,KEELE STATION TO KIPLI,,segment,,rule,,
KEELE STATION TO OSSIN,BD,1,KEELE STATION TO OSSIN,,segment,,rule,,
KEELE TO HIGH PARK STA,BD,1,KEELE TO HIGH PARK,,segment,,rule,,
KEELE TO ST GEORGE STA,BD,1,KEELE TO ST GEORGE,,segment,,rule,,
KEELE YARD,YU,1,KEELE YARD,,facility,,rule,,
KEELE YARD (TRACK 2),BD,1,KEELE YARD,,facility,,rule,,
KENENDY STATION,BD,1,KENENDY,,station,BD_KENNEDY,fuzzy_reviewed,KENNEDY,0.857
KENNDY STATION,BD,1,KENNDY,,station,BD_KENNEDY,fuzzy_reviewed,KENNEDY,0.923
KENNEDY,BD,1,KENNEDY,,station,BD_KENNEDY,alias,,
KENNEDY,SRT,1,KENNEDY,,station,SRT_KENNEDY,alias,,
KENNEDY - MCCOWAN,SRT,1,KENNEDY,,station,SRT_KENNEDY,alias,,
KENNEDY - WARDEN - MAI,BD,1,KENNEDY,,station,BD_KENNEDY,alias,,
KENNEDY AND SCARBOROUG,BD,1,KENNEDY AND SCARBOROUG,,segment,,rule,,
KENNEDY BD CROSSOVER,BD,1,KENNEDY BD CROSSOVER,,unmatched,,none,,
KENNEDY BD STATION,OTHER,1,KENNEDY,BD,station,BD_KENNEDY,alias,,
KENNEDY BD STATION  PL,BD,1,KENNEDY,BD,station,BD_KENNEDY,alias,,
KENNEDY BD STATION #1,BD,1,KENNEDY,BD,station,BD_KENNEDY,alias,,
KENNEDY BD STATION & K,BD,1,KENNEDY BD STATION AND K,,segment,,rule,,
KENNEDY BD STATION ( A,BD,1,KENNEDY,BD,station,BD_KENNEDY,alias,,
KENNEDY BD STATION ( L,BD,1,KENNEDY,BD,station,BD_KENNEDY,alias,,
KENNEDY BD STATION (DE,BD,1,KENNEDY,BD,station,BD_KENNEDY,alias,,
KENNEDY BD STATION (EX,BD,1,KENNEDY,BD,station,BD_KENNEDY,alias,,
KENNEDY BD STATION (KE,BD,1,KENNEDY,BD,station,BD_KENNEDY,alias,,
KENNEDY BD STATION (PL,YU,1,KENNEDY,BD,station,BD_KENNEDY,alias,,
KENNEDY BD STATION - A,BD,1,KENNEDY,BD,station,BD_KENNEDY,alias,,
KENNEDY BD STATION - B,BD,1,KENNEDY,BD,station,BD_KENNEDY,alias,,
KENNEDY BD STATION - T,BD,1,KENNEDY,BD,station,BD_KENNEDY,alias,,
KENNEDY BD STATION P1,BD,1,KENNEDY,BD,station,BD_KENNEDY,alias,,
KENNEDY BD STATION TAI,BD,1,KENNEDY,BD,station,BD_KENNEDY,alias,,
KENNEDY BD STATION( PL,BD,1,KENNEDY,BD,station,BD_KENNEDY,alias,,
KENNEDY BD STATION-  P,BD,1,KENNEDY,BD,station,BD_KENNEDY,alias,,
KENNEDY BD STATION-PLA,BD,1,KENNEDY,BD,station,BD_KENNEDY,alias,,
KENNEDY BD TO KIPLING,BD,1,KENNEDY BD TO KIPLING,,segment,,rule,,
KENNEDY ECLRT STATION,OTHER,1,KENNEDY ECLRT,,unmatched,,none,,
KENNEDY PLAT 1,BD,1,KENNEDY PLAT 1,,unmatched,,none,,
KENNEDY PLATFORM #2,BD,1,KENNEDY PLATFORM #2,,unmatched,,none,,
KENNEDY PLATFORM 1,BD,1,KENNEDY PLATFORM 1,,unmatched,,none,,
KENNEDY PLATFROM 1,BD,1,KENNEDY PLATFROM 1,,unmatched,,none,,
KENNEDY SRT AND LAWREN,SRT,1,KENNEDY SRT AND LAWREN,,segment,,rule,,
KENNEDY SRT STATION,OTHER,1,KENNEDY,SRT,station,SRT_KENNEDY,alias,,
KENNEDY SRT STATION (D,SRT,1,KENNEDY,SRT,station,SRT_KENNEDY,alias,,
KENNEDY SRT STATION -,SRT,1,KENNEDY,SRT,station,SRT_KENNEDY,alias,,
KENNEDY SRT STATION LA,SRT,1,KENNEDY,SRT,station,SRT_KENNEDY,alias,,
KENNEDY SRT TO LAWRENC,UNKNOWN,1,KENNEDY SRT TO LAWRENC,,segment,,rule,,
KENNEDY SRT TO MCCOWA,SRT,1,KENNEDY SRT TO MCCOWA,,segment,,rule,,
KENNEDY SRT TO MCCOWAN,SRT,1,KENNEDY SRT TO MCCOWAN,,segment,,rule,,
KENNEDY STATION,OTHER,1,KENNEDY,,station,BD_KENNEDY,alias,,
KENNEDY STATION,UNKNOWN,1,KENNEDY,,station,BD_KENNEDY,alias,,
KENNEDY STATION,YU,1,KENNEDY,,station,BD_KENNEDY,alias,,
KENNEDY STATION (APPRO,BD,1,KENNEDY,,station,BD_KENNEDY,alias,,
KENNEDY STATION (PALTF,BD,1,KENNEDY,,station,BD_KENNEDY,alias,,
KENNEDY STATION - BUS,BD,1,KENNEDY,,station,BD_KENNEDY,alias,,
KENNEDY STATION - PASS,BD,1,KENNEDY,,station,BD_KENNEDY,alias,,
KENNEDY STATION - VICT,BD,1,KENNEDY,,station,BD_KENNEDY,alias,,
KENNEDY STATION PLATFO,BD,1,KENNEDY,,station,BD_KENNEDY,alias,,
KENNEDY STN TAIL TRACK,BD,1,KENNEDY STN TAIL TRACK,,facility,,rule,,
KENNEDY TO COXWELL,BD,1,KENNEDY TO COXWELL,,segment,,rule,,
KENNEDY TO LAWREBCE EA,SRT,1,KENNEDY TO LAWREBCE EA,,segment,,rule,,
KENNEDY TO LAWRENCE SR,SRT,1,KENNEDY TO LAWRENCE SR,,segment,,rule,,
KENNEDY TO MAIN STREET,BD,1,KENNEDY TO MAIN STREET,,segment,,rule,,
KENNEDY TO MC COWAN ST,SRT,1,KENNEDY TO MC COWAN ST,,segment,,rule,,
KENNEDY TO MCCOWAN - L,SRT,1,KENNEDY TO MCCOWAN,,segment,,rule,,
KENNEDY TO WARDEN,BD,1,KENNEDY TO WARDEN,,segment,,rule,,
KENNEDY TO WARDEN STAT,BD,1,KENNEDY TO WARDEN,,segment,,rule,,
"KENNEDY, DON MILLS, SC",BD,1,KENNEDY DON MILLS SC,,unmatched,,none,,
KILPING ( PLATFORM 2),BD,1,KILPING,,station,BD_KIPLING,fuzzy_reviewed,KIPLING,0.857
KILPING STATION,BD,1,KILPING,,station,BD_KIPLING,fuzzy_reviewed,KIPLING,0.857
KILPING STATION TO JAN,BD,1,KILPING STATION TO JAN,,segment,,rule,,
KING,YU,1,KING,,station,YU_KING,alias,,
KING AND BATHURST,UNKNOWN,1,KING AND BATHURST,,segment,,rule,,
KING STATION,MULTI,1,KING,,station,YU_KING,alias,,
KING STATION (200 FEET,YU,1,KING,,station,YU_KING,alias,,
KING STATION (APOROACH,YU,1,KING,,station,YU_KING,alias,,
KING STATION (APPROACH,YU,1,KING,,station,YU_KING,alias,,
KING STATION - ST CLAI,YU,1,KING,,station,YU_KING,alias,,
KING STATION 1,YU,1,KING,,station,YU_KING,alias,,
KING STATION APPROACHI,YU,1,KING,,station,YU_KING,alias,,
KING STATION COMMERCE,YU,1,KING,,station,YU_KING,alias,,
KING STATION TO OSGOOD,YU,1,KING STATION TO OSGOOD,,segment,,rule,,
KING STATION TO ST GEO,YU,1,KING STATION TO ST GEO,,segment,,rule,,
KING STATION TO ST. CL,YU,1,KING STATION TO ST CL,,segment,,rule,,
KING STATION TO UNION,YU,1,KING STATION TO UNION,,segment,,rule,,
KING TO COLLEGE,YU,1,KING TO COLLEGE,,segment,,rule,,
KING TO EGLINTON STATO,YU,1,KING TO EGLINTON STATO,,segment,,rule,,
KING TO OSGOODE,YU,1,KING TO OSGOODE,,segment,,rule,,
KING TO OSGOODE STATIO,YU,1,KING TO OSGOODE,,segment,,rule,,
KING TO S/O ST ANDREW,YU,1,KING TO S O ST ANDREW,,segment,,rule,,
KING TO SPADINA,YU,1,KING TO SPADINA,,segment,,rule,,
KING TO SPADINA STATIO,YU,1,KING TO SPADINA,,segment,,rule,,
KING TO ST CLAIR W,YU,1,KING TO ST CLAIR W,,segment,,rule,,
KING TO ST CLAIR WEST,YU,1,KING TO ST CLAIR WEST,,segment,,rule,,
KING TO UNION STATION,YU,1,KING TO UNION,,segment,,rule,,
KING TO UNION STATIONS,YU,1,KING TO UNION STATIONS,,segment,,rule,,
KIPLING & UNION,UNKNOWN,1,KIPLING AND UNION,,segment,,rule,,
KIPLING - ISLIINGTON S,BD,1,KIPLING,,station,BD_KIPLING,alias,,
KIPLING - KENNEDY,BD,1,KIPLING,,station,BD_KIPLING,alias,,
KIPLING - PLATFORM 2,BD,1,KIPLING,,station,BD_KIPLING,alias,,
KIPLING BD STATION,BD,1,KIPLING,BD,station,BD_KIPLING,alias,,
KIPLING BD STATION - P,BD,1,KIPLING,BD,station,BD_KIPLING,alias,,
KIPLING HUB,BD,1,KIPLING HUB,,facility,,rule,,
KIPLING HUB,UNKNOWN,1,KIPLING HUB,,facility,,rule,,
KIPLING PLAT #2,BD,1,KIPLING PLAT #2,,unmatched,,none,,
KIPLING PLATFORM,BD,1,KIPLING,,station,BD_KIPLING,alias,,
KIPLING PLATFORM # 1,BD,1,KIPLING PLATFORM # 1,,unmatched,,none,,
KIPLING SATION,BD,1,KIPLING,,station,BD_KIPLING,alias,,
KIPLING STATION  - LEA,BD,1,KIPLING,,station,BD_KIPLING,alias,,
KIPLING STATION  -PLAT,BD,1,KIPLING,,station,BD_KIPLING,alias,,
KIPLING STATION ( TAIL,YU,1,KIPLING,,station,BD_KIPLING,alias,,
KIPLING STATION (PLAT,BD,1,KIPLING,,station,BD_KIPLING,alias,,
KIPLING STATION (PLAT.,BD,1,KIPLING,,station,BD_KIPLING,alias,,
KIPLING STATION - KENN,BD,1,KIPLING,,station,BD_KIPLING,alias,,
KIPLING STATION - [PLA,BD,1,KIPLING,,station,BD_KIPLING,alias,,
KIPLING STATION LEAVIN,BD,1,KIPLING,,station,BD_KIPLING,alias,,
KIPLING STATION PL 2,BD,1,KIPLING,,station,BD_KIPLING,alias,,
KIPLING STATION PLAT 2,BD,1,KIPLING,,station,BD_KIPLING,alias,,
KIPLING STATION PLATFO,UNKNOWN,1,KIPLING,,station,BD_KIPLING,alias,,
KIPLING STATION TAIL T,BD,1,KIPLING,,station,BD_KIPLING,alias,,
KIPLING STATION TO HIG,BD,1,KIPLING STATION TO HIG,,segment,,rule,,
KIPLING STATION [KIPLI,BD,1,KIPLING,,station,BD_KIPLING,alias,,
KIPLING STATION(LEAVIN,BD,1,KIPLING,,station,BD_KIPLING,alias,,
KIPLING STATION-APPROA,BD,1,KIPLING,,station,BD_KIPLING,alias,,
KIPLING STATION-PLAT 2,BD,1,KIPLING,,station,BD_KIPLING,alias,,
KIPLING TAIL TRACK 1,BD,1,KIPLING TAIL TRACK 1,,facility,,rule,,
KIPLING TAIL TRACK 2,BD,1,KIPLING TAIL TRACK 2,,facility,,rule,,
KIPLING TO BROADVIEW S,BD,1,KIPLING TO BROADVIEW S,,segment,,rule,,
KIPLING TO COXWELL,BD,1,KIPLING TO COXWELL,,segment,,rule,,
KIPLING TO HIGH PARK,BD,1,KIPLING TO HIGH PARK,,segment,,rule,,
KIPLING TO HIGH PARK S,BD,1,KIPLING TO HIGH PARK S,,segment,,rule,,
KIPLING TO ISLINGTON S,UNKNOWN,1,KIPLING TO ISLINGTON S,,segment,,rule,,
KIPLING TO ISLINTON ST,BD,1,KIPLING TO ISLINTON ST,,segment,,rule,,
KIPLING TO JANE STATIO,YU,1,KIPLING TO JANE,,segment,,rule,,
KIPLING TO KENNEDY STN,BD,1,KIPLING TO KENNEDY,,segment,,rule,,
KIPLING TO OLD MILL,BD,1,KIPLING TO OLD MILL,,segment,,rule,,
KIPLING TO UNION STATI,BD,1,KIPLING TO UNION,,segment,,rule,,
LAKESHORE AND YORK,YU,1,LAKESHORE AND YORK,,segment,,rule,,
LANDOWNE STATION,BD,1,LANDOWNE,,station,BD_LANSDOWNE,fuzzy_reviewed,LANSDOWNE,0.941
LANDSDOWNE STATION,BD,1,LANDSDOWNE,,station,BD_LANSDOWNE,fuzzy_reviewed,LANSDOWNE,0.947
LANSDOWN STATION,BD,1,LANSDOWN,,station,BD_LANSDOWNE,fuzzy_reviewed,LANSDOWNE,0.941
LANSDOWN TO ISLINGTON,BD,1,LANSDOWN TO ISLINGTON,,segment,,rule,,
LANSDOWNE,BD,1,LANSDOWNE,,station,BD_LANSDOWNE,alias,,
LANSDOWNE & OSSIGNTON,BD,1,LANSDOWNE AND OSSIGNTON,,segment,,rule,,
LANSDOWNE STATION,OTHER,1,LANSDOWNE,,station,BD_LANSDOWNE,alias,,
LANSDOWNE STATION ( AP,BD,1,LANSDOWNE,,station,BD_LANSDOWNE,alias,,
LANSDOWNE STATION (DEP,BD,1,LANSDOWNE,,station,BD_LANSDOWNE,alias,,
LANSDOWNE STATION - ST,BD,1,LANSDOWNE,,station,BD_LANSDOWNE,alias,,
LANSDOWNE STATION AND,BD,1,LANSDOWNE STATION AND,,segment,,rule,,
LANSDOWNE STATION APPR,BD,1,LANSDOWNE,,station,BD_LANSDOWNE,alias,,
LANSDOWNE TO BATHURST,BD,1,LANSDOWNE TO BATHURST,,segment,,rule,,
LANSDOWNE TO OSSINGTON,BD,1,LANSDOWNE TO OSSINGTON,,segment,,rule,,
LATE OPENING - ST. GEO,BD,1,LATE OPENING,,unmatched,,none,,
LAWERENCE STATION,YU,1,LAWERENCE,,station,YU_LAWRENCE,fuzzy_reviewed,LAWRENCE,0.941
LAWRECNE WEST TO FINCH,YU,1,LAWRECNE WEST TO FINCH,,segment,,rule,,
LAWRENCE,YU,1,LAWRENCE,,station,YU_LAWRENCE,alias,,
LAWRENCE  STATION,YU,1,LAWRENCE,,station,YU_LAWRENCE,alias,,
LAWRENCE - AUTO ENTRAN,YU,1,LAWRENCE,,station,YU_LAWRENCE,alias,,
LAWRENCE AND ST CLAIR,YU,1,LAWRENCE AND ST CLAIR,,segment,,rule,,
LAWRENCE AND YONGE,YU,1,LAWRENCE AND YONGE,,segment,,rule,,
LAWRENCE EAST - KENNE,SRT,1,LAWRENCE EAST,,station,SRT_LAWRENCE_EAST,alias,,
LAWRENCE EAST - KENNED,SRT,1,LAWRENCE EAST,,station,SRT_LAWRENCE_EAST,alias,,
LAWRENCE EAST STATION,BD,1,LAWRENCE EAST,,station,SRT_LAWRENCE_EAST,alias,,
LAWRENCE EAST TO ELLES,SRT,1,LAWRENCE EAST TO ELLES,,segment,,rule,,
LAWRENCE STATION,SRT,1,LAWRENCE,,station,YU_LAWRENCE,alias,,
LAWRENCE STATION (ENTE,YU,1,LAWRENCE,,station,YU_LAWRENCE,alias,,
LAWRENCE STATION (LEAV,YU,1,LAWRENCE,,station,YU_LAWRENCE,alias,,
LAWRENCE STATION (OUTS,YU,1,LAWRENCE,,station,YU_LAWRENCE,alias,,
LAWRENCE STATION TO ST,YU,1,LAWRENCE STATION TO ST,,segment,,rule,,
LAWRENCE STATION(LEAVI,YU,1,LAWRENCE,,station,YU_LAWRENCE,alias,,
LAWRENCE STATION- DEPA,YU,1,LAWRENCE,,station,YU_LAWRENCE,alias,,
LAWRENCE SUB STATION,YU,1,LAWRENCE SUB,,unmatched,,none,,
LAWRENCE TO EGLINTON,YU,1,LAWRENCE TO EGLINTON,,segment,,rule,,
LAWRENCE TO EGLINTON S,YU,1,LAWRENCE TO EGLINTON S,,segment,,rule,,
LAWRENCE TO ST.CLAIR S,YU,1,LAWRENCE TO ST CLAIR S,,segment,,rule,,
LAWRENCE WEST CENTER T,YU,1,LAWRENCE WEST CENTER T,,unmatched,,none,,
LAWRENCE WEST CENTRE,YU,1,LAWRENCE WEST CENTRE,,unmatched,,none,,
LAWRENCE WEST CT,YU,1,LAWRENCE WEST CT,,station,YU_LAWRENCE_WEST,fuzzy_reviewed,LAWRENCE WEST,0.897
LAWRENCE WEST STATION,SRT,1,LAWRENCE WEST,,station,YU_LAWRENCE_WEST,alias,,
LAWRENCE WEST TO FINCH,YU,1,LAWRENCE WEST TO FINCH,,segment,,rule,,
LAWRENCE WEST TO SHEPP,YU,1,LAWRENCE WEST TO SHEPP,,segment,,rule,,
LAWRENCE WEST TO ST AN,YU,1,LAWRENCE WEST TO ST AN,,segment,,rule,,
LAWRENCE WEST- ST ANDR,YU,1,LAWRENCE WEST ST ANDR,,unmatched,,none,,
LEAVING DON MILLS,SHP,1,LEAVING DON MILLS,,unmatched,,none,,
LEAVING ISLINGTON,BD,1,LEAVING ISLINGTON,,unmatched,,none,,
LEAVING KENNEDY STATIO,SRT,1,LEAVING KENNEDY,,unmatched,,none,,
LEAVING KIPLING STATIO,BD,1,LEAVING KIPLING,,unmatched,,none,,
LEAVING LAWRENCE EAST,SRT,1,LEAVING LAWRENCE EAST,,unmatched,,none,,
LEAVING PAPE,BD,1,LEAVING PAPE,,unmatched,,none,,
LEAVING SHEPPARD STATI,SHP,1,LEAVING SHEPPARD,,unmatched,,none,,
LEAVING SHEPPARD-YONGE,SHP,1,LEAVING SHEPPARD YONGE,,unmatched,,none,,
LEAVING SHEPPARD/YONGE,SHP,1,LEAVING SHEPPARD YONGE,,unmatched,,none,,
LEAVING YONGE-SHEPPARD,SHP,1,LEAVING YONGE SHEPPARD,,unmatched,,none,,
LEAVING YONGE/SHEPPARD,SHP,1,LEAVING YONGE SHEPPARD,,unmatched,,none,,
LEONA EE,SHP,1,LEONA EE,,facility,,rule,,
LESLIE STATION ( APPRO,SHP,1,LESLIE,,station,SHP_LESLIE,alias,,
LESLIE STATION (ENTERI,SHP,1,LESLIE,,station,SHP_LESLIE,alias,,
LESLIE STATION - APPRO,SHP,1,LESLIE,,station,SHP_LESLIE,alias,,
LESLIE STATION - BUS B,SHP,1,LESLIE,,station,SHP_LESLIE,alias,,
LESLIE STATION APROACH,SHP,1,LESLIE,,station,SHP_LESLIE,alias,,
LESLIE STATION LEAVING,SHP,1,LESLIE,,station,SHP_LESLIE,alias,,
LESLIE STATION(APPROAC,SHP,1,LESLIE,,station,SHP_LESLIE,alias,,
LESLIE TO DON MILLS ST,SHP,1,LESLIE TO DON MILLS ST,,segment,,rule,,
LIEN 1 - YONGE-UNIVERS,YU,1,LIEN 1,,unmatched,,none,,
LINE 1 - EARLY ACCESS,UNKNOWN,1,LINE 1,,line_wide,,rule,,
LINE 1 - YONGE UNIVERI,YU,1,LINE 1,,line_wide,,rule,,
LINE 1 - YONGE UNIVERS,UNKNOWN,1,LINE 1,,line_wide,,rule,,
LINE 1 - YONGE UNIVESR,YU,1,LINE 1,,line_wide,,rule,,
LINE 1 - YONGE UNVERSI,YU,1,LINE 1,,line_wide,,rule,,
LINE 1 - YONGE-UNIVER,YU,1,LINE 1,,line_wide,,rule,,
LINE 1 - YONGE-UNIVERI,YU,1,LINE 1,,line_wide,,rule,,
LINE 1 AND 2 - YONGE U,MULTI,1,LINE 1 AND 2,,line_wide,,rule,,
LINE 1 AND LINE 2 AND,BD,1,LINE 1 AND LINE 2 AND,,line_wide,,rule,,
LINE 1 BLOOR TO QUEEN,YU,1,LINE 1 BLOOR TO QUEEN,,line_wide,,rule,,
LINE 1 EARLY ACCESS CL,YU,1,LINE 1 EARLY ACCESS CL,,line_wide,,rule,,
LINE 1 SUBWAY,YU,1,LINE 1 SUBWAY,,line_wide,,rule,,
LINE 1 SUBWAY CLOSURE,YU,1,LINE 1 SUBWAY CLOSURE,,line_wide,,rule,,
LINE 1 YONGE UNIVERSIT,MULTI,1,LINE 1 YONGE UNIVERSIT,,line_wide,,rule,,
LINE 1 YONGE UNIVERSIT,UNKNOWN,1,LINE 1 YONGE UNIVERSIT,,line_wide,,rule,,
LINE 1 YONGE UNIVERSTI,YU,1,LINE 1 YONGE UNIVERSTI,,line_wide,,rule,,
LINE 1 YONGE- UNIVERSI,UNKNOWN,1,LINE 1 YONGE UNIVERSI,,line_wide,,rule,,
LINE 1 YONGE-UNIVERIST,YU,1,LINE 1 YONGE UNIVERIST,,line_wide,,rule,,
LINE 1 YONGE-UNIVERSIT,MULTI,1,LINE 1 YONGE UNIVERSIT,,line_wide,,rule,,
LINE 1 YU,YU,1,LINE 1,YU,line_wide,,rule,,
LINE 1 YUS,BD,1,LINE 1,YU,line_wide,,rule,,
LINE 1 YUS (YORK MILLS,YU,1,LINE 1,YU,line_wide,,rule,,
LINE 1 YUS - EGLINTON,YU,1,LINE 1,YU,line_wide,,rule,,
LINE 1 YUS / LINE 2 BD,YU,1,LINE 1 YUS LINE 2,BD,line_wide,,rule,,
LINE 1 YUS AND LINE 2,UNKNOWN,1,LINE 1 YUS AND LINE 2,,line_wide,,rule,,
"LINE 1, 2, AND 4",BD,1,LINE 1 2 AND 4,,line_wide,,rule,,
"LINE 1, LINE 2 AND LIN",BD,1,LINE 1 LINE 2 AND LIN,,line_wide,,rule,,
LINE 1: YONGE-UNIVERIS,YU,1,LINE 1 YONGE UNIVERIS,,line_wide,,rule,,
LINE 1: YONGE-UNIVERSI,YU,1,LINE 1 YONGE UNIVERSI,,line_wide,,rule,,
LINE 2 (BD),BD,1,LINE 2,,line_wide,,rule,,
LINE 2 -  BLOOR DANFOR,BD,1,LINE 2,,line_wide,,rule,,
LINE 2 - BD,BD,1,LINE 2,,line_wide,,rule,,
LINE 2 - BLOOR DANFORT,YU,1,LINE 2,,line_wide,,rule,,
LINE 2 - BLOOR-DANFOTH,BD,1,LINE 2,,line_wide,,rule,,
LINE 2 - BLOOR/DANFORT,YU,1,LINE 2,,line_wide,,rule,,
LINE 2 - ST. GEORGE TO,BD,1,LINE 2,,line_wide,,rule,,
LINE 2 BLOOR / DANFORT,BD,1,LINE 2 BLOOR DANFORT,,line_wide,,rule,,
LINE 2 BLOOR DANFORTH,YU,1,LINE 2 BLOOR DANFORTH,,line_wide,,rule,,
LINE 2 BLOOR/DANFORTH,UNKNOWN,1,LINE 2 BLOOR DANFORTH,,line_wide,,rule,,
LINE 2 EARLY ACCESS CL,BD,1,LINE 2 EARLY ACCESS CL,,line_wide,,rule,,
LINE 2 OPEN CUT AREAS,BD,1,LINE 2 OPEN CUT AREAS,,line_wide,,rule,,
LINE 2- BD SUBWAY LINE,BD,1,LINE 2 BD SUBWAY LINE,,line_wide,,rule,,
LINE 2: BLOOR-DANFORTH,BD,1,LINE 2 BLOOR DANFORTH,,line_wide,,rule,,
LINE 3 - KENNEDY TO MC,SRT,1,LINE 3,,line_wide,,rule,,
LINE1 - YONGE-UNIVERSI,YU,1,LINE1,,line_wide,,rule,,
LINE1 - YONGE-UNIVSERS,YU,1,LINE1,,line_wide,,rule,,
LINE1 - YOUNGE-UNIVERS,YU,1,LINE1,,line_wide,,rule,,
LINE2 - BLOOR-DANFORTH,BD,1,LINE2,,line_wide,,rule,,
LOST ARTICLES OFFICE -,BD,1,LOST ARTICLES OFFICE,,unmatched,,none,,
LOWER BAY,UNKNOWN,1,LOWER BAY,,facility,,rule,,
LYTTON EE,BD,1,LYTTON EE,,facility,,rule,,
LYTTON EE,YU,1,LYTTON EE,,facility,,rule,,
MACDONALD CARTIER ESB,YU,1,MACDONALD CARTIER ESB,,unmatched,,none,,
MAIN STATION,UNKNOWN,1,MAIN,,station,BD_MAIN_STREET,alias,,
MAIN STREET AND UNION,UNKNOWN,1,MAIN STREET AND UNION,,segment,,rule,,
MAIN STREET STAITON,BD,1,MAIN STREET,,station,BD_MAIN_STREET,alias,,
MAIN STREET STATION,SHP,1,MAIN STREET,,station,BD_MAIN_STREET,alias,,
MAIN STREET STATION (A,BD,1,MAIN STREET,,station,BD_MAIN_STREET,alias,,
MAIN STREET STATION (E,BD,1,MAIN STREET,,station,BD_MAIN_STREET,alias,,
MAIN STREET TO WOODBIN,BD,1,MAIN STREET TO WOODBIN,,segment,,rule,,
MAIN TO GREENWOOD STAT,BD,1,MAIN TO GREENWOOD,,segment,,rule,,
MAIN TO VICTORIA PARK,BD,1,MAIN TO VICTORIA PARK,,segment,,rule,,
MAINLINE STORAGE,MULTI,1,MAINLINE STORAGE,,unmatched,,none,,
MAINLINE STORAGE LOG,BD,1,MAINLINE STORAGE LOG,,unmatched,,none,,
MALVERN GARAGE,UNKNOWN,1,MALVERN GARAGE,,facility,,rule,,
MARKDALE EEB,YU,1,MARKDALE EEB,,facility,,rule,,
MASSEY CREEK EE,BD,1,MASSEY CREEK EE,,facility,,rule,,
MC BRIEN,UNKNOWN,1,MC BRIEN,,unmatched,,none,,
MC BRIEN BUILDING,YU,1,MC BRIEN BUILDING,,facility,,rule,,
MCBRIAN BUILDING,YU,1,MCBRIAN BUILDING,,facility,,rule,,
MCBRIEN BUIDING,YU,1,MCBRIEN BUIDING,,unmatched,,none,,
MCCOWAN CAR HOUSE,SRT,1,MCCOWAN CAR HOUSE,,facility,,rule,,
MCCOWAN PARKING LOT,SRT,1,MCCOWAN PARKING LOT,,unmatched,,none,,
MCCOWAN STATION (APPRO,SRT,1,MCCOWAN,,station,SRT_MCCOWAN,alias,,
MCCOWAN STATION (DEPAR,SRT,1,MCCOWAN,,station,SRT_MCCOWAN,alias,,
MCCOWAN STATION (ENTER,SRT,1,MCCOWAN,,station,SRT_MCCOWAN,alias,,
MCCOWAN STATION NB,SRT,1,MCCOWAN,,station,SRT_MCCOWAN,alias,,
MCCOWAN TO KENNEDY SRT,SRT,1,MCCOWAN TO KENNEDY,SRT,segment,,rule,,
MCCOWAN YARD,BD,1,MCCOWAN YARD,,facility,,rule,,
MCCOWAN YARD,SHP,1,MCCOWAN YARD,,facility,,rule,,
MCCOWAN YARD - 3 TRACK,SRT,1,MCCOWAN YARD,,facility,,rule,,
MCDONALD CARTIER EE,YU,1,MCDONALD CARTIER EE,,facility,,rule,,
MCDONALD CARTIER EMERG,YU,1,MCDONALD CARTIER EMERG,,unmatched,,none,,
MIDLAND APPROACHING,SRT,1,MIDLAND APPROACHING,,unmatched,,none,,
MIDLAND STATION TO ELL,SRT,1,MIDLAND STATION TO ELL,,segment,,rule,,
MIDLAND TO SCARBOROUGH,SRT,1,MIDLAND TO SCARBOROUGH,,segment,,rule,,
MIGRATION POINT EGLINT,YU,1,MIGRATION POINT EGLINT,,facility,,rule,,
MILL EMERGENCY EXIT,YU,1,MILL EMERGENCY EXIT,,facility,,rule,,
MILL STREET EE,YU,1,MILL STREET EE,,facility,,rule,,
MILL STREET EMERGENCY,YU,1,MILL STREET EMERGENCY,,unmatched,,none,,
MOORE GATE,SRT,1,MOORE GATE,,unmatched,,none,,
MORNINGSIDE AND LAWREN,OTHER,1,MORNINGSIDE AND LAWREN,,segment,,rule,,
MOUNT DENNIS DIVISION,UNKNOWN,1,MOUNT DENNIS DIVISION,,facility,,rule,,
MULTIPLE STATIONS,YU,1,MULTIPLE STATIONS,,unmatched,,none,,
MUSEUM ( TUNNEL),YU,1,MUSEUM,,station,YU_MUSEUM,alias,,
MUSEUM - OSGOODE,YU,1,MUSEUM,,station,YU_MUSEUM,alias,,
MUSEUM STATION,MULTI,1,MUSEUM,,station,YU_MUSEUM,alias,,
MUSEUM STATION,UNKNOWN,1,MUSEUM,,station,YU_MUSEUM,alias,,
MUSEUM STATION (LEAVIN,YU,1,MUSEUM,,station,YU_MUSEUM,alias,,
MUSEUM STATION ST. GEO,YU,1,MUSEUM,,station,YU_MUSEUM,alias,,
MUSEUM STATION TO FINC,YU,1,MUSEUM STATION TO FINC,,segment,,rule,,
MUSEUM STATION TO OSGO,BD,1,MUSEUM STATION TO OSGO,,segment,,rule,,
MUSEUM STATION',YU,1,MUSEUM,,station,YU_MUSEUM,alias,,
MUSEUM TO EGLINTON STA,YU,1,MUSEUM TO EGLINTON,,segment,,rule,,
MUSEUM TO FINCH STATIO,YU,1,MUSEUM TO FINCH,,segment,,rule,,
MUSEUM TO ST ANDREW ST,YU,1,MUSEUM TO ST ANDREW ST,,segment,,rule,,
N/B TOWARDS FINCH,YU,1,N B TOWARDS FINCH,,segment,,rule,,
N/END SPADINA TO S/END,YU,1,N END SPADINA TO S END,,segment,,rule,,
N/END YORK MILLS TO S/,UNKNOWN,1,N END YORK MILLS TO S,,segment,,rule,,
N/END YORK MILLS TO S/,YU,1,N END YORK MILLS TO S,,segment,,rule,,
N/O COLLEGE TO S/END S,YU,1,N O COLLEGE TO S END S,,segment,,rule,,
N/O DAVISVILLE STATION,YU,1,N O DAVISVILLE,,unmatched,,none,,
N/O DUPONT TO N/END ST,YU,1,N O DUPONT TO N END ST,,segment,,rule,,
N/O FINCH  TO S/O NORT,YU,1,N O FINCH TO S O NORT,,segment,,rule,,
N/O FINCH TO S/O NORTH,YU,1,N O FINCH TO S O NORTH,,segment,,rule,,
N/O LAWRENCE WEST STAT,YU,1,N O LAWRENCE WEST,,station,YU_LAWRENCE_WEST,fuzzy_reviewed,LAWRENCE WEST,0.867
N/O QUEEN TO MARKDALE,YU,1,N O QUEEN TO MARKDALE,,segment,,rule,,
N/O SHEPPARD TO FINCH,UNKNOWN,1,N O SHEPPARD TO FINCH,,segment,,rule,,
N/O ST GEORGE TO N/O L,YU,1,N O ST GEORGE TO N O L,,segment,,rule,,
N/O SUMMERHILL TO S/O,YU,1,N O SUMMERHILL TO S O,,segment,,rule,,
N/O WILSON TO S/O SHEP,YU,1,N O WILSON TO S O,SHP,segment,,rule,,
N/O YORK MILLS TO DAVI,YU,1,N O YORK MILLS TO DAVI,,segment,,rule,,
NORTH HOSTLER (LEAVING,YU,1,NORTH HOSTLER,,facility,,rule,,
NORTH HOSTLER - FIRE D,YU,1,NORTH HOSTLER,,facility,,rule,,
NORTH YORK CTR STATION,SHP,1,NORTH YORK CTR,,station,YU_NORTH_YORK_CENTRE,alias,,
NORTH YORK CTR TO FINC,YU,1,NORTH YORK CTR TO FINC,,segment,,rule,,
NORTH YORK CTR TO ST A,YU,1,NORTH YORK CTR TO ST A,,segment,,rule,,
NORTHBOUND TO LAWRENCE,SRT,1,NORTHBOUND TO LAWRENCE,,segment,,rule,,
OAKVALE SUBSTATION,UNKNOWN,1,OAKVALE SUBSTATION,,facility,,rule,,
OLD MILL STATION,SHP,1,OLD MILL,,station,BD_OLD_MILL,alias,,
OLD MILL STATION (EXIT,BD,1,OLD MILL,,station,BD_OLD_MILL,alias,,
OLD MILL STATION (LEAV,BD,1,OLD MILL,,station,BD_OLD_MILL,alias,,
OLD MILL STATION - APP,BD,1,OLD MILL,,station,BD_OLD_MILL,alias,,
OLD MILL STATION - LEA,BD,1,OLD MILL,,station,BD_OLD_MILL,alias,,
OLD MILL STATION TO JA,BD,1,OLD MILL STATION TO JA,,segment,,rule,,
OLD MILL TO ISLINGTON,BD,1,OLD MILL TO ISLINGTON,,segment,,rule,,
OLD MILL TO ROYAL YORK,BD,1,OLD MILL TO ROYAL YORK,,segment,,rule,,
OPEN CUTS,BD,1,OPEN CUTS,,unmatched,,none,,
OPEN CUTS LINE 1,YU,1,OPEN CUTS LINE 1,,line_wide,,rule,,
OSGOODE,YU,1,OSGOODE,,station,YU_OSGOODE,alias,,
OSGOODE POCKET,BD,1,OSGOODE POCKET,,facility,,rule,,
OSGOODE STATION (ENTER,YU,1,OSGOODE,,station,YU_OSGOODE,alias,,
OSGOODE STATION POCKET,YU,1,OSGOODE,,station,YU_OSGOODE,alias,,
OSGOODE STATION TO COL,YU,1,OSGOODE STATION TO COL,,segment,,rule,,
OSGOODE TO BLOOR,YU,1,OSGOODE TO BLOOR,,segment,,rule,,
OSGOODE TO COLLEGE STA,YU,1,OSGOODE TO COLLEGE,,segment,,rule,,
OSSIGNTON STATION,BD,1,OSSIGNTON,,station,BD_OSSINGTON,fuzzy_reviewed,OSSINGTON,0.889
OSSINGTION STAITON,BD,1,OSSINGTION,,station,BD_OSSINGTON,fuzzy_reviewed,OSSINGTON,0.947
OSSINGTON ( APPROACHIN,BD,1,OSSINGTON,,station,BD_OSSINGTON,alias,,
OSSINGTON AND DUFFERIN,BD,1,OSSINGTON AND DUFFERIN,,segment,,rule,,
OSSINGTON AND LANSDOWN,BD,1,OSSINGTON AND LANSDOWN,,segment,,rule,,
OSSINGTON AND ST. GEOR,BD,1,OSSINGTON AND ST GEOR,,segment,,rule,,
OSSINGTON CENTRE,BD,1,OSSINGTON CENTRE,,unmatched,,none,,
OSSINGTON STAITON,BD,1,OSSINGTON,,station,BD_OSSINGTON,alias,,
OSSINGTON STATION,SHP,1,OSSINGTON,,station,BD_OSSINGTON,alias,,
OSSINGTON STATION (ENT,BD,1,OSSINGTON,,station,BD_OSSINGTON,alias,,
OSSINGTON STATION (EXI,BD,1,OSSINGTON,,station,BD_OSSINGTON,alias,,
OSSINGTON STATION - EN,BD,1,OSSINGTON,,station,BD_OSSINGTON,alias,,
OSSINGTON STATION TO I,BD,1,OSSINGTON STATION TO I,,segment,,rule,,
OSSINGTON STATION TO S,BD,1,OSSINGTON STATION TO S,,segment,,rule,,
OSSINGTON STATION TO S,UNKNOWN,1,OSSINGTON STATION TO S,,segment,,rule,,
OSSINGTON STATION TOWA,BD,1,OSSINGTON,,station,BD_OSSINGTON,alias,,
OSSINGTON STATION(APPR,BD,1,OSSINGTON,,station,BD_OSSINGTON,alias,,
OSSINGTON STATION-CENT,BD,1,OSSINGTON,,station,BD_OSSINGTON,alias,,
OSSINGTON STATON,BD,1,OSSINGTON,,station,BD_OSSINGTON,alias,,
OSSINGTON TO CHESTER,BD,1,OSSINGTON TO CHESTER,,segment,,rule,,
OSSINGTON TO JANE,BD,1,OSSINGTON TO JANE,,segment,,rule,,
OSSINGTON TO PAPE,BD,1,OSSINGTON TO PAPE,,segment,,rule,,
OUTSIDE SPADINA STATIO,YU,1,OUTSIDE SPADINA,,unmatched,,none,,
PAPE STATION,SHP,1,PAPE,,station,BD_PAPE,alias,,
PAPE STATION (APPROACH,BD,1,PAPE,,station,BD_PAPE,alias,,
PAPE STATION (ENTERING,BD,1,PAPE,,station,BD_PAPE,alias,,
PATTON BULDING,UNKNOWN,1,PATTON BULDING,,unmatched,,none,,
PIONEER VILLAGE,YU,1,PIONEER VILLAGE,,station,YU_PIONEER_VILLAGE,alias,,
PIONEER VILLAGE AND VA,YU,1,PIONEER VILLAGE AND VA,,segment,,rule,,
PIONNER VILLAGE STATIO,YU,1,PIONNER VILLAGE,,station,YU_PIONEER_VILLAGE,fuzzy_reviewed,PIONEER VILLAGE,0.933
PIONNER VILLAGE TO YOR,YU,1,PIONNER VILLAGE TO YOR,,segment,,rule,,
PLANT OPS BLDG,UNKNOWN,1,PLANT OPS BLDG,,unmatched,,none,,
PLATFORM 2 FINCH,YU,1,PLATFORM 2 FINCH,,unmatched,,none,,
POWER CONTROL - GUNN B,UNKNOWN,1,POWER CONTROL,,facility,,rule,,
PRINCE EDWARD SUBSTATI,YU,1,PRINCE EDWARD SUBSTATI,,unmatched,,none,,
PRINCE EDWARD VIADUCT,BD,1,PRINCE EDWARD VIADUCT,,facility,,rule,,
QUEEN PARK STATION,YU,1,QUEEN PARK,,station,YU_QUEENS_PARK,fuzzy_reviewed,QUEENS PARK,0.952
QUEEN STATION (WEST SI,YU,1,QUEEN,,station,YU_QUEEN,alias,,
QUEEN STATION - W/S,YU,1,QUEEN,,station,YU_QUEEN,alias,,
QUEEN STATION - WEST S,YU,1,QUEEN,,station,YU_QUEEN,alias,,
QUEEN STATION TO ST AN,YU,1,QUEEN STATION TO ST AN,,segment,,rule,,
QUEEN STATION WEST SID,YU,1,QUEEN,,station,YU_QUEEN,alias,,
QUEEN STATION- EAST SI,YU,1,QUEEN,,station,YU_QUEEN,alias,,
QUEEN TO FINCH STATION,YU,1,QUEEN TO FINCH,,segment,,rule,,
QUEEN TO KING STATIONS,YU,1,QUEEN TO KING STATIONS,,segment,,rule,,
QUEEN TO MUSEUM STATIO,YU,1,QUEEN TO MUSEUM,,segment,,rule,,
QUEEN'S PARK TO ST CLA,YU,1,QUEENS PARK TO ST CLA,,segment,,rule,,
QUEEN'S QUAY ELEVATOR,YU,1,QUEENS QUAY ELEVATOR,,unmatched,,none,,
QUEEN'S QUAY STATION,YU,1,QUEENS QUAY,,unmatched,,none,,
QUEENS PARK,YU,1,QUEENS PARK,,station,YU_QUEENS_PARK,alias,,
QUEENS QUAY (UNION),YU,1,QUEENS QUAY,,unmatched,,none,,
QUEENS QUAY ELEAVATOR,YU,1,QUEENS QUAY ELEAVATOR,,unmatched,,none,,
QUEENS QUAY LOOP,YU,1,QUEENS QUAY LOOP,,unmatched,,none,,
QUEENS QUAY STATION,BD,1,QUEENS QUAY,,unmatched,,none,,
QUEENS QUAY STATION (,YU,1,QUEENS QUAY,,unmatched,,none,,
QUEENS' QUAY STATION,YU,1,QUEENS QUAY,,unmatched,,none,,
RAMPS BAY LOWER,BD,1,RAMPS BAY LOWER,,facility,,rule,,
RIDELLE AVE BRIDGE,YU,1,RIDELLE AVE BRIDGE,,unmatched,,none,,
RONCEVALLES DIVISION,UNKNOWN,1,RONCEVALLES DIVISION,,facility,,rule,,
ROSEDALE STATION (APP,YU,1,ROSEDALE,,station,YU_ROSEDALE,alias,,
ROSEDALE STATION (ENTE,YU,1,ROSEDALE,,station,YU_ROSEDALE,alias,,
ROSEDALE STATION - BUS,YU,1,ROSEDALE,,station,YU_ROSEDALE,alias,,
ROSEDALE STATION APPRO,YU,1,ROSEDALE,,station,YU_ROSEDALE,alias,,
ROSEDALE TO BLOOR,YU,1,ROSEDALE TO BLOOR,,segment,,rule,,
ROSEDALE TO WELLESLEY,YU,1,ROSEDALE TO WELLESLEY,,segment,,rule,,
ROSEDALE-WELLESLEY STA,YU,1,ROSEDALE WELLESLEY,,unmatched,,none,,
ROXBOROUGH AND YONGE,YU,1,ROXBOROUGH AND YONGE,,segment,,rule,,
ROYAL YORK AND ISLINGT,BD,1,ROYAL YORK AND ISLINGT,,segment,,rule,,
ROYAL YORK AND KEELE,BD,1,ROYAL YORK AND KEELE,,segment,,rule,,
ROYAL YORK STATION,MULTI,1,ROYAL YORK,,station,BD_ROYAL_YORK,alias,,
ROYAL YORK STATION (EN,BD,1,ROYAL YORK,,station,BD_ROYAL_YORK,alias,,
ROYAL YORK STATION(APP,BD,1,ROYAL YORK,,station,BD_ROYAL_YORK,alias,,
ROYAL YORK TO DONLANDS,BD,1,ROYAL YORK TO DONLANDS,,segment,,rule,,
ROYAL YORK TO ISLINGTO,BD,1,ROYAL YORK TO ISLINGTO,,segment,,rule,,
RUNNYMEDE STATION,MULTI,1,RUNNYMEDE,,station,BD_RUNNYMEDE,alias,,
RUNNYMEDE STATION,SHP,1,RUNNYMEDE,,station,BD_RUNNYMEDE,alias,,
RUNNYMEDE STATION,UNKNOWN,1,RUNNYMEDE,,station,BD_RUNNYMEDE,alias,,
RUNNYMEDE STATION ( AP,BD,1,RUNNYMEDE,,station,BD_RUNNYMEDE,alias,,
RUNNYMEDE STATION (CUS,BD,1,RUNNYMEDE,,station,BD_RUNNYMEDE,alias,,
RUNNYMEDE STATION -  A,BD,1,RUNNYMEDE,,station,BD_RUNNYMEDE,alias,,
RUNNYMEDE STATION - EN,BD,1,RUNNYMEDE,,station,BD_RUNNYMEDE,alias,,
RUSSEL HILL EE - INTRU,YU,1,RUSSEL HILL EE,,facility,,rule,,
RUSSEL HILL EMERGENCY,UNKNOWN,1,RUSSEL HILL EMERGENCY,,unmatched,,none,,
RUSSELL HILL EE,YU,1,RUSSELL HILL EE,,facility,,rule,,
RUSSELL SUBSTATION,UNKNOWN,1,RUSSELL SUBSTATION,,facility,,rule,,
S/E MUSEUM / TO SE SPA,YU,1,S E MUSEUM TO SE SPA,,segment,,rule,,
S/O EGLINTON TO ST CLA,YU,1,S O EGLINTON TO ST CLA,,segment,,rule,,
S/O HWY 407 TO PIONEER,YU,1,S O HWY 407 TO PIONEER,,segment,,rule,,
S/O SHEPPARD TO DAVISV,YU,1,S O SHEPPARD TO DAVISV,,segment,,rule,,
S/O TEDDINGTON TO S/O,YU,1,S O TEDDINGTON TO S O,,segment,,rule,,
SAFE APP,BD,1,SAFE APP,,unmatched,,none,,
SCABOROUGH TOWN CENTRE,UNKNOWN,1,SCABOROUGH TOWN CENTRE,,station,SRT_SCARBOROUGH_CENTRE,fuzzy_reviewed,SCARBOROUGH TOWN CENTRE,0.978
SCARB CENTRE STATION,SRT,1,SCARB CENTRE,,station,SRT_SCARBOROUGH_CENTRE,fuzzy_reviewed,SCARB CTR,0.857
SCARB CTR STATION,UNKNOWN,1,SCARB CTR,,station,SRT_SCARBOROUGH_CENTRE,alias,,
SCARBOROUGH RAOID TRAN,SRT,1,SCARBOROUGH RAOID TRAN,,unmatched,,none,,
SCARBOROUGH RAPID LINE,SRT,1,SCARBOROUGH RAPID LINE,,line_wide,,rule,,
SCARBOROUGH RAPID TRA,SRT,1,SCARBOROUGH RAPID TRA,,unmatched,,none,,
SCARBOROUGH RT,SRT,1,SCARBOROUGH,SRT,unmatched,,none,,
SCARBOROUGH RT LINE,SRT,1,SCARBOROUGH RT LINE,,line_wide,,rule,,
SCARBOROUGH SRT,SRT,1,SCARBOROUGH,SRT,unmatched,,none,,
SCARBOROUGH SRT LINE,SRT,1,SCARBOROUGH SRT LINE,,line_wide,,rule,,
SCARBOROUGH TOWN CENTE,BD,1,SCARBOROUGH TOWN CENTE,,station,SRT_SCARBOROUGH_CENTRE,fuzzy_reviewed,SCARBOROUGH TOWN CENTRE,0.978
SCARBORUGH RAPID TRANS,SRT,1,SCARBORUGH RAPID TRANS,,line_wide,,rule,,
SCARBORUOGH RAPID TRAN,SRT,1,SCARBORUOGH RAPID TRAN,,line_wide,,rule,,
SEHPPARD STATION,YU,1,SEHPPARD,,station,YU_SHEPPARD_YONGE,fuzzy_reviewed,SHEPPARD,0.875
SHEBOURNE STATION,BD,1,SHEBOURNE,,station,BD_SHERBOURNE,fuzzy_reviewed,SHERBOURNE,0.947
SHEPPARD  AND YORK MIL,YU,1,SHEPPARD AND YORK MIL,,segment,,rule,,
SHEPPARD - EGLINTON ST,YU,1,SHEPPARD,,station,YU_SHEPPARD_YONGE,alias,,
SHEPPARD - YONGE (LINE,SHP,1,SHEPPARD,,station,SHP_SHEPPARD_YONGE,alias,,
SHEPPARD DISTRUBTION,YU,1,SHEPPARD DISTRUBTION,,unmatched,,none,,
SHEPPARD HUB,YU,1,SHEPPARD HUB,,facility,,rule,,
SHEPPARD LINE,YU,1,SHEPPARD LINE,,line_wide,,rule,,
SHEPPARD LINE 4 LINE M,SHP,1,SHEPPARD LINE 4 LINE M,,line_wide,,rule,,
SHEPPARD SIGNAL POWER,SHP,1,SHEPPARD SIGNAL POWER,,facility,,rule,,
SHEPPARD STATION,OTHER,1,SHEPPARD,,station,YU_SHEPPARD_YONGE,alias,,
SHEPPARD STATION ( LIN,SHP,1,SHEPPARD,,station,SHP_SHEPPARD_YONGE,alias,,
SHEPPARD STATION (ENTE,YU,1,SHEPPARD,,station,YU_SHEPPARD_YONGE,alias,,
SHEPPARD STATION - APP,YU,1,SHEPPARD,,station,YU_SHEPPARD_YONGE,alias,,
SHEPPARD STATION - EGL,YU,1,SHEPPARD,,station,YU_SHEPPARD_YONGE,alias,,
SHEPPARD STATION TO NO,YU,1,SHEPPARD STATION TO NO,,segment,,rule,,
SHEPPARD SUBSTATION,YU,1,SHEPPARD SUBSTATION,,facility,,rule,,
SHEPPARD TAIL TRACK #2,SHP,1,SHEPPARD TAIL TRACK #2,,facility,,rule,,
SHEPPARD TO BAYVIEW,SHP,1,SHEPPARD TO BAYVIEW,,segment,,rule,,
SHEPPARD TO BLOOR,YU,1,SHEPPARD TO BLOOR,,segment,,rule,,
SHEPPARD TO COLLEGE ST,YU,1,SHEPPARD TO COLLEGE ST,,segment,,rule,,
SHEPPARD TO EGLINTON,YU,1,SHEPPARD TO EGLINTON,,segment,,rule,,
SHEPPARD TO EGLINTON L,UNKNOWN,1,SHEPPARD TO EGLINTON L,,segment,,rule,,
SHEPPARD TO YORK MILLS,YU,1,SHEPPARD TO YORK MILLS,,segment,,rule,,
SHEPPARD WEST,UNKNOWN,1,SHEPPARD WEST,,station,YU_SHEPPARD_WEST,alias,,
SHEPPARD WEST - LAWREN,YU,1,SHEPPARD WEST,,station,YU_SHEPPARD_WEST,alias,,
SHEPPARD WEST - WILSON,YU,1,SHEPPARD WEST,,station,YU_SHEPPARD_WEST,alias,,
SHEPPARD WEST EE (3940,YU,1,SHEPPARD WEST EE,,facility,,rule,,
SHEPPARD WEST MIGRATI,YU,1,SHEPPARD WEST MIGRATI,,facility,,rule,,
SHEPPARD WEST SATION,YU,1,SHEPPARD WEST,,station,YU_SHEPPARD_WEST,alias,,
SHEPPARD WEST TO DOWNS,YU,1,SHEPPARD WEST TO DOWNS,,segment,,rule,,
SHEPPARD WEST TO LAWRE,UNKNOWN,1,SHEPPARD WEST TO LAWRE,,segment,,rule,,
SHEPPARD WEST TO ST. C,YU,1,SHEPPARD WEST TO ST C,,segment,,rule,,
SHEPPARD WEST TO UNION,YU,1,SHEPPARD WEST TO UNION,,segment,,rule,,
SHEPPARD YONGE,SHP,1,SHEPPARD YONGE,,station,SHP_SHEPPARD_YONGE,alias,,
SHEPPARD YONGE - DON M,SHP,1,SHEPPARD YONGE,,station,SHP_SHEPPARD_YONGE,alias,,
SHEPPARD YONGE -DON MI,SHP,1,SHEPPARD YONGE DON MI,,unmatched,,none,,
SHEPPARD YONGE LINE 4,SHP,1,SHEPPARD YONGE LINE 4,,line_wide,,rule,,
SHEPPARD-YONGE,SHP,1,SHEPPARD YONGE,,station,SHP_SHEPPARD_YONGE,alias,,
SHEPPARD-YONGE (TAIL T,SHP,1,SHEPPARD YONGE,,station,SHP_SHEPPARD_YONGE,alias,,
SHEPPARD-YONGE AND DON,SHP,1,SHEPPARD YONGE AND DON,,segment,,rule,,
SHEPPARD-YONGE AND ST,YU,1,SHEPPARD YONGE AND ST,,segment,,rule,,
SHEPPARD-YONGE LINE 4,SHP,1,SHEPPARD YONGE LINE 4,,line_wide,,rule,,
SHEPPARD-YONGE RAMPS,SHP,1,SHEPPARD YONGE RAMPS,,unmatched,,none,,
SHEPPARD-YONGE TAIL,SHP,1,SHEPPARD YONGE TAIL,,unmatched,,none,,
SHEPPARD-YONGE TO DON,SHP,1,SHEPPARD YONGE TO DON,,segment,,rule,,
SHEPPARD/YONGE STATION,SHP,1,SHEPPARD YONGE,,station,SHP_SHEPPARD_YONGE,alias,,
SHEPPARDSTATION,SHP,1,SHEPPARDSTATION,,unmatched,,none,,
SHERBOURNE AND BLOOR,BD,1,SHERBOURNE AND BLOOR,,segment,,rule,,
SHERBOURNE STATION,SHP,1,SHERBOURNE,,station,BD_SHERBOURNE,alias,,
SHERBOURNE STATION (AP,BD,1,SHERBOURNE,,station,BD_SHERBOURNE,alias,,
SHPPARD STATION,YU,1,SHPPARD,,station,YU_SHEPPARD_YONGE,fuzzy_reviewed,SHEPPARD,0.933
SHPPARD STATION TO COL,YU,1,SHPPARD STATION TO COL,,segment,,rule,,
SINGLE DAY CLOSURE - B,BD,1,SINGLE DAY CLOSURE,,line_wide,,rule,,
SLOW ZONE LAWRENCE EAS,SRT,1,SLOW ZONE LAWRENCE EAS,,unmatched,,none,,
SOUTH BOUND SOUTH OF L,SRT,1,SOUTH BOUND SOUTH OF L,,unmatched,,none,,
SOUTH OF LAWRENCE SRT,SRT,1,SOUTH OF LAWRENCE,SRT,unmatched,,none,,
SOUTH OF MIDLAND SRT,SRT,1,SOUTH OF MIDLAND,SRT,unmatched,,none,,
SPADINA,BD,1,SPADINA,,station,BD_SPADINA,alias,,
SPADINA AND ADELAIDE,UNKNOWN,1,SPADINA AND ADELAIDE,,segment,,rule,,
SPADINA AND DUNDAS,UNKNOWN,1,SPADINA AND DUNDAS,,segment,,rule,,
SPADINA TO KING,YU,1,SPADINA TO KING,,segment,,rule,,
SPADINA TO KING STATIO,YU,1,SPADINA TO KING,,segment,,rule,,
SPADINA TO OSGOODE,YU,1,SPADINA TO OSGOODE,,segment,,rule,,
SPADINA TO ST GEORGE B,BD,1,SPADINA TO ST GEORGE B,,segment,,rule,,
SPADINA TO UNION STATI,YU,1,SPADINA TO UNION,,segment,,rule,,
SPADINA TO WILSON STAT,YU,1,SPADINA TO WILSON,,segment,,rule,,
SPADINA YUS STATION TO,YU,1,SPADINA YUS STATION TO,,segment,,rule,,
SPADINA YUS STATION- K,YU,1,SPADINA,YU,station,YU_SPADINA,alias,,
SRT - LINE 3,SRT,1,SRT,,line_wide,,rule,,
SRT YARD,SRT,1,SRT YARD,,facility,,rule,,
ST  ANDREW TO UNION,YU,1,ST ANDREW TO UNION,,segment,,rule,,
ST ANDREW,YU,1,ST ANDREW,,station,YU_ST_ANDREW,alias,,
ST ANDREW - SPADINA ST,YU,1,ST ANDREW,,station,YU_ST_ANDREW,alias,,
ST ANDREW STATION,BD,1,ST ANDREW,,station,YU_ST_ANDREW,alias,,
ST ANDREW STATION (ENT,YU,1,ST ANDREW,,station,YU_ST_ANDREW,alias,,
ST ANDREW STATION (LEA,YU,1,ST ANDREW,,station,YU_ST_ANDREW,alias,,
ST ANDREW STATION - UN,YU,1,ST ANDREW,,station,YU_ST_ANDREW,alias,,
ST ANDREW STATION TO F,YU,1,ST ANDREW STATION TO F,,segment,,rule,,
ST ANDREW STATION TO O,YU,1,ST ANDREW STATION TO O,,segment,,rule,,
ST ANDREW STATON,YU,1,ST ANDREW,,station,YU_ST_ANDREW,alias,,
ST ANDREW TO BLOOR ST,YU,1,ST ANDREW TO BLOOR ST,,segment,,rule,,
ST ANDREW TO BLOOR STA,YU,1,ST ANDREW TO BLOOR,,segment,,rule,,
ST ANDREW TO ST CLAIR,YU,1,ST ANDREW TO ST CLAIR,,segment,,rule,,
ST ANDREW TO UNION STA,YU,1,ST ANDREW TO UNION,,segment,,rule,,
ST CALIR STATION,YU,1,ST CALIR,,station,YU_ST_CLAIR,fuzzy_reviewed,ST CLAIR,0.875
ST CLAIR,UNKNOWN,1,ST CLAIR,,station,YU_ST_CLAIR,alias,,
ST CLAIR & BLOOR,YU,1,ST CLAIR AND BLOOR,,segment,,rule,,
ST CLAIR - FINCH STATI,YU,1,ST CLAIR,,station,YU_ST_CLAIR,alias,,
ST CLAIR - ROSEDALE,YU,1,ST CLAIR,,station,YU_ST_CLAIR,alias,,
ST CLAIR - YORK MILLS,YU,1,ST CLAIR,,station,YU_ST_CLAIR,alias,,
ST CLAIR AND UNION STA,YU,1,ST CLAIR AND UNION,,segment,,rule,,
ST CLAIR E OF BATHURST,UNKNOWN,1,ST CLAIR E OF BATHURST,,unmatched,,none,,
ST CLAIR E OF YONGE,YU,1,ST CLAIR E OF YONGE,,unmatched,,none,,
ST CLAIR STAITON,YU,1,ST CLAIR,,station,YU_ST_CLAIR,alias,,
ST CLAIR STATION (APPO,YU,1,ST CLAIR,,station,YU_ST_CLAIR,alias,,
ST CLAIR STATION (ENTE,YU,1,ST CLAIR,,station,YU_ST_CLAIR,alias,,
ST CLAIR STATION - FIN,YU,1,ST CLAIR,,station,YU_ST_CLAIR,alias,,
ST CLAIR STATION PLEAS,YU,1,ST CLAIR,,station,YU_ST_CLAIR,alias,,
ST CLAIR STATION TO CO,YU,1,ST CLAIR STATION TO CO,,segment,,rule,,
ST CLAIR STATION TO DA,YU,1,ST CLAIR STATION TO DA,,segment,,rule,,
ST CLAIR TO BLOOR STAT,YU,1,ST CLAIR TO BLOOR,,segment,,rule,,
ST CLAIR TO COLLGE,YU,1,ST CLAIR TO COLLGE,,segment,,rule,,
ST CLAIR TO DAVISVILLE,YU,1,ST CLAIR TO DAVISVILLE,,segment,,rule,,
ST CLAIR TO SHEPPARD S,YU,1,ST CLAIR TO SHEPPARD S,,segment,,rule,,
ST CLAIR TO ST ANDREW,YU,1,ST CLAIR TO ST ANDREW,,segment,,rule,,
ST CLAIR TO UNION,YU,1,ST CLAIR TO UNION,,segment,,rule,,
ST CLAIR WEST AUTOMATI,YU,1,ST CLAIR WEST AUTOMATI,,unmatched,,none,,
ST CLAIR WEST STATION,OTHER,1,ST CLAIR WEST,,station,YU_ST_CLAIR_WEST,alias,,
ST CLAIR WEST STATION,SHP,1,ST CLAIR WEST,,station,YU_ST_CLAIR_WEST,alias,,
ST CLAIR WEST TO EGLIN,YU,1,ST CLAIR WEST TO EGLIN,,segment,,rule,,
ST CLAIR WEST TO SHEPP,YU,1,ST CLAIR WEST TO SHEPP,,segment,,rule,,
ST CLAIR WEST TO UNION,UNKNOWN,1,ST CLAIR WEST TO UNION,,segment,,rule,,
ST CLAIR WEST TO VMC S,YU,1,ST CLAIR WEST TO VMC S,,segment,,rule,,
ST GEOGE STATION,YU,1,ST GEOGE,,station,YU_ST_GEORGE,fuzzy_reviewed,ST GEORGE,0.941
ST GEORGE  STATION TO,YU,1,ST GEORGE STATION TO,,segment,,rule,,
ST GEORGE (YUS) STATIO,YU,1,ST GEORGE,,station,YU_ST_GEORGE,alias,,
ST GEORGE - DUPONT STA,YU,1,ST GEORGE,,station,YU_ST_GEORGE,alias,,
ST GEORGE - LAWRENCE W,YU,1,ST GEORGE,,station,YU_ST_GEORGE,alias,,
ST GEORGE AND BLOOR,YU,1,ST GEORGE AND BLOOR,,segment,,rule,,
ST GEORGE AND BROADVIE,BD,1,ST GEORGE AND BROADVIE,,segment,,rule,,
ST GEORGE AND WOODBINE,BD,1,ST GEORGE AND WOODBINE,,segment,,rule,,
ST GEORGE AND YONGE ST,BD,1,ST GEORGE AND YONGE ST,,segment,,rule,,
ST GEORGE BD STATION,SHP,1,ST GEORGE,BD,station,BD_ST_GEORGE,alias,,
ST GEORGE BD/YU STATIO,BD,1,ST GEORGE,,station,BD_ST_GEORGE,alias,,
ST GEORGE BEDFORD,YU,1,ST GEORGE BEDFORD,,unmatched,,none,,
ST GEORGE SIGNALS OFFI,UNKNOWN,1,ST GEORGE SIGNALS OFFI,,facility,,rule,,
ST GEORGE STAION - LE,BD,1,ST GEORGE,,station,BD_ST_GEORGE,alias,,
ST GEORGE STATION - BE,YU,1,ST GEORGE,,station,YU_ST_GEORGE,alias,,
ST GEORGE STATION - OS,BD,1,ST GEORGE,,station,BD_ST_GEORGE,alias,,
ST GEORGE STATION TO G,BD,1,ST GEORGE STATION TO G,,segment,,rule,,
ST GEORGE STATION TO S,YU,1,ST GEORGE STATION TO S,,segment,,rule,,
ST GEORGE STN,BD,1,ST GEORGE,,station,BD_ST_GEORGE,alias,,
ST GEORGE TO BAY STATI,BD,1,ST GEORGE TO BAY,,segment,,rule,,
ST GEORGE TO BLOOR STA,YU,1,ST GEORGE TO BLOOR,,segment,,rule,,
ST GEORGE TO FINCH WES,YU,1,ST GEORGE TO FINCH WES,,segment,,rule,,
ST GEORGE TO GREENWOOD,BD,1,ST GEORGE TO GREENWOOD,,segment,,rule,,
ST GEORGE TO PAPE,BD,1,ST GEORGE TO PAPE,,segment,,rule,,
ST GEORGE TO QUEENS PA,YU,1,ST GEORGE TO QUEENS PA,,segment,,rule,,
ST GEORGE TO SHEPPARD,YU,1,ST GEORGE TO SHEPPARD,,segment,,rule,,
ST GEORGE TO SPADINA,YU,1,ST GEORGE TO SPADINA,,segment,,rule,,
ST GEORGE YUS STATION,MULTI,1,ST GEORGE,YU,station,YU_ST_GEORGE,alias,,
ST GEORGE YUS STATION,SHP,1,ST GEORGE,YU,station,YU_ST_GEORGE,alias,,
ST GEORGE/BEDFORD,YU,1,ST GEORGE BEDFORD,,unmatched,,none,,
ST PATRICK STATION,SHP,1,ST PATRICK,,station,YU_ST_PATRICK,alias,,
ST PATRICK STATION (LE,YU,1,ST PATRICK,,station,YU_ST_PATRICK,alias,,
ST PATRICK STATION TO,YU,1,ST PATRICK STATION TO,,segment,,rule,,
ST REGIS EE,YU,1,ST REGIS EE,,facility,,rule,,
ST. CLAIR AND SHEPPARD,YU,1,ST CLAIR AND SHEPPARD,,segment,,rule,,
ST. CLAIR STATION (APP,YU,1,ST CLAIR,,station,YU_ST_CLAIR,alias,,
ST. CLAIR TO BLOOR,YU,1,ST CLAIR TO BLOOR,,segment,,rule,,
ST. CLAIR TO COLLEGE S,YU,1,ST CLAIR TO COLLEGE S,,segment,,rule,,
ST. CLAIR TO FINCH STA,YU,1,ST CLAIR TO FINCH,,segment,,rule,,
ST. CLAIR WEST - KING,YU,1,ST CLAIR WEST,,station,YU_ST_CLAIR_WEST,alias,,
ST. CLAIR WEST TO DUPO,YU,1,ST CLAIR WEST TO DUPO,,segment,,rule,,
ST. CLAIR WEST TO KING,YU,1,ST CLAIR WEST TO KING,,segment,,rule,,
ST. CLAIR WEST TO SHEP,YU,1,ST CLAIR WEST TO,SHP,segment,,rule,,
ST. CLAIR WEST TO ST.,YU,1,ST CLAIR WEST TO ST,,segment,,rule,,
ST. GEORGE,BD,1,ST GEORGE,,station,BD_ST_GEORGE,alias,,
ST. GEORGE STATION TO,BD,1,ST GEORGE STATION TO,,segment,,rule,,
ST. GEORGE STATION/ SH,BD,1,ST GEORGE,,station,BD_ST_GEORGE,alias,,
ST. GEORGE TO BROADVIE,BD,1,ST GEORGE TO BROADVIE,,segment,,rule,,
ST. PATRICK STATION,UNKNOWN,1,ST PATRICK,,station,YU_ST_PATRICK,alias,,
ST.CLAIR WEST TO ST.A,YU,1,ST CLAIR WEST TO ST A,,segment,,rule,,
ST.GEORGE STATION YU,YU,1,ST GEORGE,,station,YU_ST_GEORGE,alias,,
STATION,YU,1,,,unmatched,,none,,
STC,BD,1,STC,,station,SRT_SCARBOROUGH_CENTRE,alias,,
STC TO MCCOWAN STATION,SRT,1,STC TO MCCOWAN,,segment,,rule,,
STORM TRAINS LINE 1 YO,YU,1,STORM TRAINS LINE 1 YO,,line_wide,,rule,,
STORM TRAINS LINE 2 BL,BD,1,STORM TRAINS LINE 2 BL,,line_wide,,rule,,
STR. CLAIR WEST STATIO,YU,1,STR CLAIR WEST,,station,YU_ST_CLAIR_WEST,fuzzy_reviewed,ST CLAIR WEST,0.963
SUBWAY CLOSURE,BD,1,SUBWAY CLOSURE,,line_wide,,rule,,
SUBWAY CLOSURE - JANE,BD,1,SUBWAY CLOSURE,,line_wide,,rule,,
SUBWAY CLOSURE - WILSO,YU,1,SUBWAY CLOSURE,,line_wide,,rule,,
SUBWAY CLOSURE BLOOR-D,BD,1,SUBWAY CLOSURE BLOOR D,,line_wide,,rule,,
SUBWAY CLOSURE EARLY A,YU,1,SUBWAY CLOSURE EARLY A,,line_wide,,rule,,
SUBWAY CLOSURE: OSSING,BD,1,SUBWAY CLOSURE OSSING,,line_wide,,rule,,
SUBWAY CLOSURE: WARDEN,BD,1,SUBWAY CLOSURE WARDEN,,line_wide,,rule,,
SUBWAY CLOSURE: WEEKEN,YU,1,SUBWAY CLOSURE WEEKEN,,line_wide,,rule,,
SUBWAY CLOSURE: WOODBI,BD,1,SUBWAY CLOSURE WOODBI,,line_wide,,rule,,
SUBWAY CLOSURE:EARLY N,YU,1,SUBWAY CLOSURE EARLY N,,line_wide,,rule,,
SUBWAY LINE 1 YONGE -,YU,1,SUBWAY LINE 1 YONGE,,line_wide,,rule,,
SUBWAY OPERATIONS BLDG,UNKNOWN,1,SUBWAY OPERATIONS BLDG,,line_wide,,rule,,
SUBWAY OPERATIONS BUIL,UNKNOWN,1,SUBWAY OPERATIONS BUIL,,line_wide,,rule,,
SUBWAY OPERATIONS BUIL,YU,1,SUBWAY OPERATIONS BUIL,,line_wide,,rule,,
SUBWAY OPS BLDG,UNKNOWN,1,SUBWAY OPS BLDG,,line_wide,,rule,,
SUBWAY OPS BLDG - PAIN,YU,1,SUBWAY OPS BLDG,,line_wide,,rule,,
SUBWAY: LINE 1 (YONGE-,YU,1,SUBWAY LINE 1,,line_wide,,rule,,
SUMMER HILL STATION,YU,1,SUMMER HILL,,station,YU_SUMMERHILL,fuzzy_reviewed,SUMMERHILL,0.952
SUMMERHILL STATION (AP,YU,1,SUMMERHILL,,station,YU_SUMMERHILL,alias,,
SUMMERHILL STATION - A,YU,1,SUMMERHILL,,station,YU_SUMMERHILL,alias,,
SUMMERHILL STATION TO,YU,1,SUMMERHILL STATION TO,,segment,,rule,,
SUMMERHILL TO BLOOR,YU,1,SUMMERHILL TO BLOOR,,segment,,rule,,
SUMMERHILL TO BLOOR ST,YU,1,SUMMERHILL TO BLOOR ST,,segment,,rule,,
SYSTEM  WIDE,YU,1,SYSTEM WIDE,,line_wide,,rule,,
SYSTEM - WIDE IN THE O,MULTI,1,SYSTEM,,line_wide,,rule,,
SYSTEM WIDE,SRT,1,SYSTEM WIDE,,line_wide,,rule,,
SYSTEM WIDE - PRESTO V,MULTI,1,SYSTEM WIDE,,line_wide,,rule,,
SYSTEMWIDE,SHP,1,SYSTEMWIDE,,line_wide,,rule,,
SYSTEMWIDE,UNKNOWN,1,SYSTEMWIDE,,line_wide,,rule,,
TETRA RADIO ZONE YU/SH,YU,1,TETRA RADIO ZONE YU SH,,unmatched,,none,,
THE POND EMERGENCY EXI,YU,1,THE POND EMERGENCY EXI,,facility,,rule,,
TMU - QUEEN STATION,YU,1,TMU,,station,YU_TMU,alias,,
TMU STATION,UNKNOWN,1,TMU,,station,YU_TMU,alias,,
TMU STATION - WS,YU,1,TMU,,station,YU_TMU,alias,,
TMU STATION W/S,YU,1,TMU,,station,YU_TMU,alias,,
TMU STATION- WEST SIDE,YU,1,TMU,,station,YU_TMU,alias,,
TORO RD EE,YU,1,TORO RD EE,,facility,,rule,,
TORONTO TRANIST COMMIS,MULTI,1,TORONTO TRANIST COMMIS,,line_wide,,rule,,
TORONTO TRANSIC COMMIS,SRT,1,TORONTO TRANSIC COMMIS,,unmatched,,none,,
TORONTO TRANSIT COMMII,YU,1,TORONTO TRANSIT COMMII,,unmatched,,none,,
TORONTO TRANSIT COMMIS,UNKNOWN,1,TORONTO TRANSIT COMMIS,,line_wide,,rule,,
TORONTO TRANSIT CONTRO,BD,1,TORONTO TRANSIT CONTRO,,facility,,rule,,
TORONTO TRANSIT CONTRO,YU,1,TORONTO TRANSIT CONTRO,,facility,,rule,,
TOROTOTO TRANSIT COMMI,SHP,1,TOROTOTO TRANSIT COMMI,,unmatched,,none,,
TRACK ACTIVIVITY LOG,MULTI,1,TRACK ACTIVIVITY LOG,,facility,,rule,,
TRACK LEVEL ACTIVITY,OTHER,1,TRACK LEVEL ACTIVITY,,facility,,rule,,
TRANSIT CONTROL,MULTI,1,TRANSIT CONTROL,,facility,,rule,,
TRANSIT CONTROL,SHP,1,TRANSIT CONTROL,,facility,,rule,,
TRANSIT CONTROL CENTRE,BD,1,TRANSIT CONTROL CENTRE,,facility,,rule,,
TRANSIT CONTROL CENTRE,SHP,1,TRANSIT CONTROL CENTRE,,facility,,rule,,
TRANSIT CONTROL COMMIS,SHP,1,TRANSIT CONTROL COMMIS,,facility,,rule,,
TYSSE LINE,YU,1,TYSSE LINE,,line_wide,,rule,,
UNION (TO FINCH),YU,1,UNION,,station,YU_UNION,alias,,
UNION - TO KING,YU,1,UNION,,station,YU_UNION,alias,,
UNION - TO ST ANDREW,YU,1,UNION,,station,YU_UNION,alias,,
UNION - UNIVERSITY,YU,1,UNION,,station,YU_UNION,alias,,
UNION AND DOWNSVIEW,YU,1,UNION AND DOWNSVIEW,,segment,,rule,,
UNION AND HIGHWAY 407,YU,1,UNION AND HIGHWAY 407,,segment,,rule,,
UNION AND KENNEDY STAT,UNKNOWN,1,UNION AND KENNEDY,,segment,,rule,,
UNION AND KENNEDY STAT,YU,1,UNION AND KENNEDY,,segment,,rule,,
UNION AND LESLIE,YU,1,UNION AND LESLIE,,segment,,rule,,
UNION AND MOUNT DENNIS,UNKNOWN,1,UNION AND MOUNT DENNIS,,segment,,rule,,
UNION CENTER TRACK,YU,1,UNION CENTER TRACK,,facility,,rule,,
UNION CENTRE TRACK,YU,1,UNION CENTRE TRACK,,facility,,rule,,
UNION HUB,YU,1,UNION HUB,,facility,,rule,,
UNION LOOP EMERGENCY E,YU,1,UNION LOOP EMERGENCY E,,facility,,rule,,
UNION STATION ( TO ST,YU,1,UNION,,station,YU_UNION,alias,,
UNION STATION ( YONGE,YU,1,UNION,,station,YU_UNION,alias,,
UNION STATION (APPROAC,YU,1,UNION,,station,YU_UNION,alias,,
UNION STATION (B/W),YU,1,UNION,,station,YU_UNION,alias,,
UNION STATION (CENTRE,YU,1,UNION,,station,YU_UNION,alias,,
UNION STATION (DOWNSVI,YU,1,UNION,,station,YU_UNION,alias,,
UNION STATION (KING),YU,1,UNION,,station,YU_UNION,alias,,
UNION STATION (QUEENS,YU,1,UNION,,station,YU_UNION,alias,,
UNION STATION (TO FINC,YU,1,UNION,,station,YU_UNION,alias,,
UNION STATION (TO ST.A,YU,1,UNION,,station,YU_UNION,alias,,
UNION STATION (TO VMC),YU,1,UNION,,station,YU_UNION,alias,,
UNION STATION (YONGE P,YU,1,UNION,,station,YU_UNION,alias,,
UNION STATION (YONGE),YU,1,UNION,,station,YU_UNION,alias,,
UNION STATION - FINCH,YU,1,UNION,,station,YU_UNION,alias,,
UNION STATION - HUB,YU,1,UNION,,station,YU_UNION,alias,,
UNION STATION - KING S,YU,1,UNION,,station,YU_UNION,alias,,
UNION STATION - SALES,YU,1,UNION,,station,YU_UNION,alias,,
UNION STATION - TOWARD,YU,1,UNION,,station,YU_UNION,alias,,
UNION STATION 1,YU,1,UNION,,station,YU_UNION,alias,,
UNION STATION BROOKFIE,YU,1,UNION,,station,YU_UNION,alias,,
UNION STATION FROM KIN,YU,1,UNION,,station,YU_UNION,alias,,
UNION STATION HUB,YU,1,UNION,,station,YU_UNION,alias,,
UNION STATION TO  KING,YU,1,UNION STATION TO KING,,segment,,rule,,
UNION STATION TO KENNE,UNKNOWN,1,UNION STATION TO KENNE,,segment,,rule,,
UNION STATION TO ST A,YU,1,UNION STATION TO ST A,,segment,,rule,,
UNION STATION TO ST CL,YU,1,UNION STATION TO ST CL,,segment,,rule,,
UNION STATION TO SUMME,YU,1,UNION STATION TO SUMME,,segment,,rule,,
UNION STATION TO VMC,YU,1,UNION STATION TO VMC,,segment,,rule,,
UNION STATION UNIVERSI,YU,1,UNION,,station,YU_UNION,alias,,
UNION STATION(TOWARD K,YU,1,UNION,,station,YU_UNION,alias,,
UNION STATION(UNIVERSI,YU,1,UNION,,station,YU_UNION,alias,,
UNION STATION- KING,YU,1,UNION,,station,YU_UNION,alias,,
UNION STATION- ST ANDR,YU,1,UNION,,station,YU_UNION,alias,,
UNION STATION- TO ST A,YU,1,UNION STATION TO ST A,,segment,,rule,,
UNION STATION- TO UNIV,YU,1,UNION STATION TO UNIV,,segment,,rule,,
UNION STATION- UNIVERS,YU,1,UNION,,station,YU_UNION,alias,,
UNION STATION--ST ANDR,YU,1,UNION,,station,YU_UNION,alias,,
UNION STATION-KING,YU,1,UNION,,station,YU_UNION,alias,,
UNION TO BLOOR,YU,1,UNION TO BLOOR,,segment,,rule,,
UNION TO BLOOR STATION,YU,1,UNION TO BLOOR,,segment,,rule,,
UNION TO MAIN STREET,UNKNOWN,1,UNION TO MAIN STREET,,segment,,rule,,
UNION TO SHEPPARD WEST,YU,1,UNION TO SHEPPARD WEST,,segment,,rule,,
UNION TO ST ANDREW PLA,YU,1,UNION TO ST ANDREW PLA,,segment,,rule,,
UNION TO ST CLAIR WEST,YU,1,UNION TO ST CLAIR WEST,,segment,,rule,,
UNION TO ST GEORGE,YU,1,UNION TO ST GEORGE,,segment,,rule,,
UNION TO ST. ANDREW,YU,1,UNION TO ST ANDREW,,segment,,rule,,
UNION TO ST. ANDREW ST,YU,1,UNION TO ST ANDREW ST,,segment,,rule,,
UNION TO WILSON,YU,1,UNION TO WILSON,,segment,,rule,,
UNION TOWARD ST ANDREW,YU,1,UNION TOWARD ST ANDREW,,unmatched,,none,,
UNION TOWARDS TO KING,YU,1,UNION TOWARDS TO KING,,segment,,rule,,
"UNION, DOWNSVIEW PARK,",YU,1,UNION DOWNSVIEW PARK,,unmatched,,none,,
"UNION, EXHIBITION, MIM",YU,1,UNION EXHIBITION MIM,,unmatched,,none,,
"UNION, KIPLING, ROYAL",MULTI,1,UNION KIPLING ROYAL,,unmatched,,none,,
"UNION, MAIN, KENNEDY S",UNKNOWN,1,UNION MAIN KENNEDY S,,unmatched,,none,,
UNIVERSITY AND QUEEN,UNKNOWN,1,UNIVERSITY AND QUEEN,,segment,,rule,,
UNKNOWN,YU,1,UNKNOWN,,line_wide,,rule,,
UNKNOWN LOCATION,MULTI,1,UNKNOWN LOCATION,,line_wide,,rule,,
UNKNOWN LOCATION,UNKNOWN,1,UNKNOWN LOCATION,,line_wide,,rule,,
UNKNOWN LOCATION,YU,1,UNKNOWN LOCATION,,line_wide,,rule,,
VARIOUS,BD,1,VARIOUS,,line_wide,,rule,,
VARIOUS LOCATION,YU,1,VARIOUS LOCATION,,line_wide,,rule,,
VARIOUS LOCATION(S),BD,1,VARIOUS LOCATION,,line_wide,,rule,,
VARIOUS LOCATIONS LINE,YU,1,VARIOUS LOCATIONS LINE,,line_wide,,rule,,
VARIOUS STATION(S),YU,1,VARIOUS,,line_wide,,rule,,
VARIOUS STATIONS,BD,1,VARIOUS STATIONS,,line_wide,,rule,,
VARIOUS STATIONS - SYS,UNKNOWN,1,VARIOUS STATIONS,,line_wide,,rule,,
VAUGHAN MC STATIO,YU,1,VAUGHAN MC,,station,YU_VAUGHAN_MC,alias,,
VAUGHAN MC STATION,SHP,1,VAUGHAN MC,,station,YU_VAUGHAN_MC,alias,,
VAUGHAN MC STATION  -,YU,1,VAUGHAN MC,,station,YU_VAUGHAN_MC,alias,,
VAUGHAN MC STATION - P,YU,1,VAUGHAN MC,,station,YU_VAUGHAN_MC,alias,,
VAUGHAN MC STATION TO,YU,1,VAUGHAN MC STATION TO,,segment,,rule,,
VAUGHAN MC STATION- PL,BD,1,VAUGHAN MC,,station,YU_VAUGHAN_MC,alias,,
VAUGHAN MC STATION- PL,YU,1,VAUGHAN MC,,station,YU_VAUGHAN_MC,alias,,
VAUGHAN MC TO FINCH ST,YU,1,VAUGHAN MC TO FINCH ST,,segment,,rule,,
VAUGHAN MC TO FINCH WE,YU,1,VAUGHAN MC TO FINCH WE,,segment,,rule,,
VAUGHAN MC TO MUSEUM S,YU,1,VAUGHAN MC TO MUSEUM S,,segment,,rule,,
VAUGHAN METRO CENTRE,YU,1,VAUGHAN METRO CENTRE,,station,YU_VAUGHAN_MC,fuzzy_reviewed,VAUGHAN METROPOLITAN CENTRE,0.851
VIADUCT,BD,1,VIADUCT,,facility,,rule,,
VICOTIA PARK STATION,BD,1,VICOTIA PARK,,station,BD_VICTORIA_PARK,fuzzy_reviewed,VICTORIA PARK,0.88
VICTORIA PARK,BD,1,VICTORIA PARK,,station,BD_VICTORIA_PARK,alias,,
VICTORIA PARK - WARDEN,BD,1,VICTORIA PARK,,station,BD_VICTORIA_PARK,alias,,
VICTORIA PARK TO KENNE,UNKNOWN,1,VICTORIA PARK TO KENNE,,segment,,rule,,
VMC - ST CLAIR,YU,1,VMC,,station,YU_VAUGHAN_MC,alias,,
VMC AND FINCH WEST STA,YU,1,VMC AND FINCH WEST,,segment,,rule,,
VMC PL 1,YU,1,VMC PL 1,,unmatched,,none,,
VMC PLATFORM # 1,YU,1,VMC PLATFORM # 1,,unmatched,,none,,
VMC STATION ( PLAT 2 ),YU,1,VMC,,station,YU_VAUGHAN_MC,alias,,
VMC STATION (ENTERING),YU,1,VMC,,station,YU_VAUGHAN_MC,alias,,
VMC STATION (LEAVING),YU,1,VMC,,station,YU_VAUGHAN_MC,alias,,
VMC STATION (PLAT #2),YU,1,VMC,,station,YU_VAUGHAN_MC,alias,,
VMC STATION (PLAT 1),YU,1,VMC,,station,YU_VAUGHAN_MC,alias,,
VMC STATION (PLAT 2),YU,1,VMC,,station,YU_VAUGHAN_MC,alias,,
VMC STATION (PLATFORM),YU,1,VMC,,station,YU_VAUGHAN_MC,alias,,
VMC STATION (PLATFORM2,YU,1,VMC,,station,YU_VAUGHAN_MC,alias,,
VMC STATION (VMC 1),YU,1,VMC,,station,YU_VAUGHAN_MC,alias,,
VMC STATION -  PLATFOR,YU,1,VMC,,station,YU_VAUGHAN_MC,alias,,
VMC STATION - PLATFORM,BD,1,VMC,,station,YU_VAUGHAN_MC,alias,,
VMC STATION - TAIL 2,YU,1,VMC,,station,YU_VAUGHAN_MC,alias,,
VMC STATION PL2,YU,1,VMC,,station,YU_VAUGHAN_MC,alias,,
VMC STATION PLATFORM#2,YU,1,VMC,,station,YU_VAUGHAN_MC,alias,,
VMC STATION TO PIONEER,YU,1,VMC STATION TO PIONEER,,segment,,rule,,
VMC STATION TO SHEPPAR,YU,1,VMC STATION TO SHEPPAR,,segment,,rule,,
VMC STATION [PLATFORM,YU,1,VMC,,station,YU_VAUGHAN_MC,alias,,
VMC STATION(PLATFORM 1,YU,1,VMC,,station,YU_VAUGHAN_MC,alias,,
VMC STATION- PLAT 2,YU,1,VMC,,station,YU_VAUGHAN_MC,alias,,
VMC STATION-PLATFORM 2,YU,1,VMC,,station,YU_VAUGHAN_MC,alias,,
VMC TO LAWRENCE,YU,1,VMC TO LAWRENCE,,segment,,rule,,
VMC TO SHEPPARD WEST,YU,1,VMC TO SHEPPARD WEST,,segment,,rule,,
W/END OSSINGTON TO W/O,BD,1,W END OSSINGTON TO W O,,segment,,rule,,
W/END WOODBINE - W/O C,BD,1,W END WOODBINE,,unmatched,,none,,
W/O CASTLE FRANK TO GR,BD,1,W O CASTLE FRANK TO GR,,segment,,rule,,
W/O WARDEN TO E/O KENN,BD,1,W O WARDEN TO E O KENN,,segment,,rule,,
W/O WELLBECK TO E/O BE,SHP,1,W O WELLBECK TO E O BE,,segment,,rule,,
WARDEN,BD,1,WARDEN,,station,BD_WARDEN,alias,,
WARDEN,YU,1,WARDEN,,station,BD_WARDEN,alias,,
WARDEN ( APPROACHING),BD,1,WARDEN,,station,BD_WARDEN,alias,,
WARDEN AND KENNEDY,BD,1,WARDEN AND KENNEDY,,segment,,rule,,
WARDEN AND ST CLAIR,BD,1,WARDEN AND ST CLAIR,,segment,,rule,,
WARDEN STATION,SHP,1,WARDEN,,station,BD_WARDEN,alias,,
WARDEN STATION (APPR,BD,1,WARDEN,,station,BD_WARDEN,alias,,
WARDEN STATION (EXITIN,BD,1,WARDEN,,station,BD_WARDEN,alias,,
WARDEN STATION (IN TUN,BD,1,WARDEN,,station,BD_WARDEN,alias,,
WARDEN STATION (LEVING,BD,1,WARDEN,,station,BD_WARDEN,alias,,
WARDEN STATION - LEAVI,BD,1,WARDEN,,station,BD_WARDEN,alias,,
WARDEN STATION -APPROA,BD,1,WARDEN,,station,BD_WARDEN,alias,,
WARDEN STATION LEAVING,BD,1,WARDEN,,station,BD_WARDEN,alias,,
WEEKEND CLOSURE - WOOD,BD,1,WEEKEND CLOSURE,,line_wide,,rule,,
WEEKEND CLOSURE ISLING,BD,1,WEEKEND CLOSURE ISLING,,line_wide,,rule,,
WEEKEND CLOSURE SHEPPA,YU,1,WEEKEND CLOSURE SHEPPA,,line_wide,,rule,,
WEEKEND CLOSURE- ST AN,YU,1,WEEKEND CLOSURE ST AN,,line_wide,,rule,,
WEEKEND CLOSURE- ST GE,YU,1,WEEKEND CLOSURE ST GE,,line_wide,,rule,,
WEEKEND CLOSURE: ST GE,BD,1,WEEKEND CLOSURE ST GE,,line_wide,,rule,,
WELBECK,SHP,1,WELBECK,,unmatched,,none,,
WELBECK EE,YU,1,WELBECK EE,,facility,,rule,,
WELBECK EMERGENCY EXIT,SHP,1,WELBECK EMERGENCY EXIT,,facility,,rule,,
WELLBECK EE,SHP,1,WELLBECK EE,,facility,,rule,,
WELLBECK EMERGENCY,SHP,1,WELLBECK EMERGENCY,,unmatched,,none,,
WELLBECK EMERGENCY EXI,SHP,1,WELLBECK EMERGENCY EXI,,facility,,rule,,
WELLESLEY AND YONGE,YU,1,WELLESLEY AND YONGE,,segment,,rule,,
WELLESLEY STATION,SHP,1,WELLESLEY,,station,YU_WELLESLEY,alias,,
WELLESLEY STATION (APP,YU,1,WELLESLEY,,station,YU_WELLESLEY,alias,,
WELLESLEY STATION (DUN,YU,1,WELLESLEY,,station,YU_WELLESLEY,alias,,
WELLESLEY TO COLLEGE,YU,1,WELLESLEY TO COLLEGE,,segment,,rule,,
WELLESLEY TO KING STAT,YU,1,WELLESLEY TO KING,,segment,,rule,,
WELLSELEY STATION,YU,1,WELLSELEY,,station,YU_WELLESLEY,fuzzy_reviewed,WELLESLEY,0.889
WELLSLEY STATION,YU,1,WELLSLEY,,station,YU_WELLESLEY,fuzzy_reviewed,WELLESLEY,0.941
WEST OF OLD MILL STATI,BD,1,WEST OF OLD MILL,,unmatched,,none,,
WILFRED EE,UNKNOWN,1,WILFRED EE,,facility,,rule,,
WILFRED EE,YU,1,WILFRED EE,,facility,,rule,,
WILFRED EEB,SHP,1,WILFRED EEB,,facility,,rule,,
WILSO STATION,YU,1,WILSO,,station,YU_WILSON,fuzzy_reviewed,WILSON,0.909
WILSON,YU,1,WILSON,,station,YU_WILSON,alias,,
WILSON (DEPARTING),YU,1,WILSON,,station,YU_WILSON,alias,,
WILSON - ST CLAIR WEST,YU,1,WILSON,,station,YU_WILSON,alias,,
WILSON CAPITAL SHOP,YU,1,WILSON CAPITAL SHOP,,facility,,rule,,
WILSON COMPEX TRAINING,UNKNOWN,1,WILSON COMPEX TRAINING,,facility,,rule,,
WILSON DIVISION,UNKNOWN,1,WILSON DIVISION,,facility,,rule,,
WILSON DIVISION - 2ND,YU,1,WILSON DIVISION,,facility,,rule,,
WILSON DIVISION TRAILE,YU,1,WILSON DIVISION TRAILE,,facility,,rule,,
WILSON GARAGE,MULTI,1,WILSON GARAGE,,facility,,rule,,
WILSON GARAGE,SHP,1,WILSON GARAGE,,facility,,rule,,
WILSON HOLSER,YU,1,WILSON HOLSER,,unmatched,,none,,
WILSON HOSTLER,BD,1,WILSON HOSTLER,,facility,,rule,,
WILSON HOSTLER - 2,YU,1,WILSON HOSTLER,,facility,,rule,,
WILSON HOSTLER SOUTHBO,YU,1,WILSON HOSTLER SOUTHBO,,facility,,rule,,
WILSON HUSTLER ONE,YU,1,WILSON HUSTLER ONE,,unmatched,,none,,
WILSON PLANT T&S,YU,1,WILSON PLANT T AND S,,segment,,rule,,
WILSON SOUTH HOSLER,YU,1,WILSON SOUTH HOSLER,,facility,,rule,,
WILSON STATION (DEPART,YU,1,WILSON,,station,YU_WILSON,alias,,
WILSON STATION (EXITIN,YU,1,WILSON,,station,YU_WILSON,alias,,
WILSON STATION (LEAVIN,YU,1,WILSON,,station,YU_WILSON,alias,,
WILSON STATION (ON THE,YU,1,WILSON,,station,YU_WILSON,alias,,
WILSON STATION PLATFOR,YU,1,WILSON,,station,YU_WILSON,alias,,
WILSON STATION TO SHEP,YU,1,WILSON STATION TO,SHP,segment,,rule,,
WILSON STATION TO VMC,YU,1,WILSON STATION TO VMC,,segment,,rule,,
WILSON STATION TO YORK,YU,1,WILSON STATION TO YORK,,segment,,rule,,
WILSON STATION(APPROAC,YU,1,WILSON,,station,YU_WILSON,alias,,
WILSON STATION- HOSTLE,YU,1,WILSON,,station,YU_WILSON,alias,,
WILSON STRUCTURE BUILD,YU,1,WILSON STRUCTURE BUILD,,unmatched,,none,,
WILSON SUB STATION,YU,1,WILSON SUB,,unmatched,,none,,
WILSON SUBWAY DIVISON,YU,1,WILSON SUBWAY DIVISON,,line_wide,,rule,,
WILSON SUBWAY YARD,YU,1,WILSON SUBWAY YARD,,line_wide,,rule,,
WILSON T & S,YU,1,WILSON T AND S,,segment,,rule,,
WILSON T&S BUILDING,YU,1,WILSON T AND S BUILDING,,facility,,rule,,
WILSON TO EGLINTON,YU,1,WILSON TO EGLINTON,,segment,,rule,,
WILSON TO ST CLAIR STA,YU,1,WILSON TO ST CLAIR,,segment,,rule,,
WILSON TO YORKDALE,YU,1,WILSON TO YORKDALE,,segment,,rule,,
WILSON TRACK & STRUCTU,UNKNOWN,1,WILSON TRACK AND STRUCTU,,facility,,rule,,
WILSON TRACK AND STRUC,UNKNOWN,1,WILSON TRACK AND STRUC,,facility,,rule,,
WILSON TRAINING BUILDI,UNKNOWN,1,WILSON TRAINING BUILDI,,facility,,rule,,
WILSON TRAINING CENTER,BD,1,WILSON TRAINING CENTER,,facility,,rule,,
WILSON TRAINING CENTRE,UNKNOWN,1,WILSON TRAINING CENTRE,,facility,,rule,,
WILSON YARD,BD,1,WILSON YARD,,facility,,rule,,
WILSON YARD (SOUTH TAI,UNKNOWN,1,WILSON YARD,,facility,,rule,,
WILSON YARD (TRACK 43),YU,1,WILSON YARD,,facility,,rule,,
WILSON YARD - 26 TRACK,YU,1,WILSON YARD,,facility,,rule,,
WILSON YARD - WALKWAY,YU,1,WILSON YARD,,facility,,rule,,
WILSON YARD CARHOUSE,UNKNOWN,1,WILSON YARD CARHOUSE,,facility,,rule,,
WILSON YARD CARHOUSE,YU,1,WILSON YARD CARHOUSE,,facility,,rule,,
WILSON YARD HOSTLER #2,YU,1,WILSON YARD HOSTLER #2,,facility,,rule,,
WILSON YARD HOSTLER 2,YU,1,WILSON YARD HOSTLER 2,,facility,,rule,,
WILSON YARD NORTH HOST,YU,1,WILSON YARD NORTH HOST,,facility,,rule,,
WILSON YARD PLANT BUIL,UNKNOWN,1,WILSON YARD PLANT BUIL,,facility,,rule,,
WILSON YARD TRACK 3,YU,1,WILSON YARD TRACK 3,,facility,,rule,,
WILSON YARD- WILSON GA,YU,1,WILSON YARD WILSON GA,,facility,,rule,,
WISLON STATION,YU,1,WISLON,,unmatched,,none,,
WOODBINE - KENNEDY,BD,1,WOODBINE,,station,BD_WOODBINE,alias,,
WOODBINE AND WARDEN,BD,1,WOODBINE AND WARDEN,,segment,,rule,,
WOODBINE STATION (DEPA,BD,1,WOODBINE,,station,BD_WOODBINE,alias,,
WOODBINE STATION - KEN,BD,1,WOODBINE,,station,BD_WOODBINE,alias,,
WOODBINE STATION LEAVI,BD,1,WOODBINE,,station,BD_WOODBINE,alias,,
WOODBINE STATION TO BR,BD,1,WOODBINE STATION TO BR,,segment,,rule,,
WOODBINE STATION TO CO,BD,1,WOODBINE STATION TO CO,,segment,,rule,,
WOODBINE TO COXWELL,BD,1,WOODBINE TO COXWELL,,segment,,rule,,
WOODBINE TO ST.GEORGE,BD,1,WOODBINE TO ST GEORGE,,segment,,rule,,
YARD SWITCH - BD CHECK,BD,1,YARD SWITCH,,facility,,rule,,
YONGE & BLOOR STATION,BD,1,YONGE AND BLOOR,,segment,,rule,,
YONGE - SHEPPARD (LEAV,SHP,1,YONGE,,station,SHP_SHEPPARD_YONGE,alias,,
YONGE - UNIVERSITY BLO,MULTI,1,YONGE,,station,BD_BLOOR_YONGE,alias,,
YONGE - UNIVERSITY- SP,YU,1,YONGE,,station,YU_BLOOR_YONGE,alias,,
YONGE - UNIVERSITY/BLO,MULTI,1,YONGE,,station,BD_BLOOR_YONGE,alias,,
YONGE / UNIVERSITY - B,MULTI,1,YONGE UNIVERSITY,,line_wide,,rule,,
YONGE / UNIVERSITY - L,YU,1,YONGE UNIVERSITY,,line_wide,,rule,,
YONGE / UNIVERSITY / S,YU,1,YONGE UNIVERSITY S,,line_wide,,rule,,
YONGE 1,YU,1,YONGE 1,,unmatched,,none,,
YONGE AND BLOOR,UNKNOWN,1,YONGE AND BLOOR,,segment,,rule,,
YONGE AND BLOOR STATIO,YU,1,YONGE AND BLOOR,,segment,,rule,,
YONGE AND EGLINTON (EG,YU,1,YONGE AND EGLINTON,,segment,,rule,,
YONGE AND QUEEN,YU,1,YONGE AND QUEEN,,segment,,rule,,
YONGE AND SHEPPARD,SHP,1,YONGE AND SHEPPARD,,segment,,rule,,
YONGE AND STEELES,YU,1,YONGE AND STEELES,,segment,,rule,,
YONGE AND UNIVERSITY S,YU,1,YONGE AND UNIVERSITY S,,segment,,rule,,
YONGE AUTO ENTRANCE,BD,1,YONGE AUTO ENTRANCE,,unmatched,,none,,
YONGE BD - SPADINA,BD,1,YONGE,BD,station,BD_BLOOR_YONGE,alias,,
YONGE BD STATION ( APP,BD,1,YONGE,BD,station,BD_BLOOR_YONGE,alias,,
YONGE BD STATION (APPR,BD,1,YONGE,BD,station,BD_BLOOR_YONGE,alias,,
YONGE BD STATION (ON R,BD,1,YONGE,BD,station,BD_BLOOR_YONGE,alias,,
YONGE BD STATION - BOO,BD,1,YONGE,BD,station,BD_BLOOR_YONGE,alias,,
YONGE BD STATION - LEA,BD,1,YONGE,BD,station,BD_BLOOR_YONGE,alias,,
YONGE BD STATION BOOTH,BD,1,YONGE,BD,station,BD_BLOOR_YONGE,alias,,
YONGE BD STATION LEAVI,BD,1,YONGE,BD,station,BD_BLOOR_YONGE,alias,,
YONGE BD STATION TO CO,BD,1,YONGE BD STATION TO CO,,segment,,rule,,
YONGE BLOOR,YU,1,YONGE BLOOR,,station,YU_BLOOR_YONGE,alias,,
YONGE SHEPPARD SATATIO,SHP,1,YONGE SHEPPARD SATATIO,,unmatched,,none,,
YONGE SHEPPARD TO EGLI,YU,1,YONGE SHEPPARD TO EGLI,,segment,,rule,,
YONGE SHP STATION,UNKNOWN,1,YONGE,SHP,station,SHP_SHEPPARD_YONGE,alias,,
YONGE STATION,UNKNOWN,1,YONGE,,station,BD_BLOOR_YONGE,alias,,
YONGE STATION (EXITING,BD,1,YONGE,,station,BD_BLOOR_YONGE,alias,,
YONGE STATION TO CHEST,BD,1,YONGE STATION TO CHEST,,segment,,rule,,
YONGE STATION TO GREEN,BD,1,YONGE STATION TO GREEN,,segment,,rule,,
YONGE TO COXWELL STATI,BD,1,YONGE TO COXWELL,,segment,,rule,,
YONGE UNIVERISTY LINE,YU,1,YONGE UNIVERISTY LINE,,line_wide,,rule,,
YONGE UNIVERISTY SUBWA,YU,1,YONGE UNIVERISTY SUBWA,,line_wide,,rule,,
YONGE UNIVERSITTY - BL,MULTI,1,YONGE UNIVERSITTY,,unmatched,,none,,
YONGE UNIVERSITY - SPA,YU,1,YONGE UNIVERSITY,,line_wide,,rule,,
YONGE UNIVERSITY / BLO,MULTI,1,YONGE UNIVERSITY BLO,,line_wide,,rule,,
YONGE UNIVERSITY / BLO,YU,1,YONGE UNIVERSITY BLO,,line_wide,,rule,,
YONGE UNIVERSITY AND B,BD,1,YONGE UNIVERSITY AND B,,line_wide,,rule,,
YONGE UNIVERSITY LINE,SHP,1,YONGE UNIVERSITY LINE,,line_wide,,rule,,
YONGE UNIVERSITY LINE/,MULTI,1,YONGE UNIVERSITY LINE,,line_wide,,rule,,
YONGE UNIVERSITY SPADI,UNKNOWN,1,YONGE UNIVERSITY SPADI,,line_wide,,rule,,
"YONGE UNIVERSITY, LINE",YU,1,YONGE UNIVERSITY LINE,,line_wide,,rule,,
YONGE UNIVERSITY/ BLOO,UNKNOWN,1,YONGE UNIVERSITY BLOO,,line_wide,,rule,,
YONGE UNIVERSITY/BD LI,MULTI,1,YONGE UNIVERSITY BD LI,,line_wide,,rule,,
YONGE UNIVERSTIY SPADI,MULTI,1,YONGE UNIVERSTIY SPADI,,line_wide,,rule,,
YONGE UNIVERVISTY SUBW,YU,1,YONGE UNIVERVISTY SUBW,,line_wide,,rule,,
YONGE UNIVESITY,OTHER,1,YONGE UNIVESITY,,unmatched,,none,,
YONGE UNIVESITY AND BL,BD,1,YONGE UNIVESITY AND BL,,segment,,rule,,
YONGE UNIVESITY LINE 1,YU,1,YONGE UNIVESITY LINE 1,,line_wide,,rule,,
YONGE UNIVRESITY/BLOOR,MULTI,1,YONGE UNIVRESITY BLOOR,,unmatched,,none,,
YONGE UNVERSITY SUBWAY,YU,1,YONGE UNVERSITY SUBWAY,,line_wide,,rule,,
YONGE- UNIVERSITY AND,YU,1,YONGE UNIVERSITY AND,,line_wide,,rule,,
YONGE- UNIVERSITY LINE,YU,1,YONGE UNIVERSITY LINE,,line_wide,,rule,,
YONGE- UNIVERSITY SPAD,YU,1,YONGE UNIVERSITY SPAD,,line_wide,,rule,,
YONGE- UNIVERSTIY AND,YU,1,YONGE UNIVERSTIY AND,,line_wide,,rule,,
YONGE-BLOOR,BD,1,YONGE BLOOR,,station,BD_BLOOR_YONGE,alias,,
YONGE-BLOOR,UNKNOWN,1,YONGE BLOOR,,station,YU_BLOOR_YONGE,alias,,
YONGE-DUNDAS SQUARE,YU,1,YONGE DUNDAS SQUARE,,unmatched,,none,,
YONGE-SHEPPARD (LINE 4,UNKNOWN,1,YONGE SHEPPARD,,station,YU_SHEPPARD_YONGE,alias,,
YONGE-SHEPPARD STATION,YU,1,YONGE SHEPPARD,,station,YU_SHEPPARD_YONGE,alias,,
YONGE-UNIVERISTY & BLO,MULTI,1,YONGE UNIVERISTY AND BLO,,line_wide,,rule,,
YONGE-UNIVERISTY-SPADI,MULTI,1,YONGE UNIVERISTY SPADI,,line_wide,,rule,,
YONGE-UNIVERISTY-SPADI,YU,1,YONGE UNIVERISTY SPADI,,line_wide,,rule,,
YONGE-UNIVERSITY / BLO,MULTI,1,YONGE UNIVERSITY BLO,,line_wide,,rule,,
YONGE-UNIVERSITY AND,MULTI,1,YONGE UNIVERSITY AND,,line_wide,,rule,,
YONGE-UNIVERSITY AND B,OTHER,1,YONGE UNIVERSITY AND B,,line_wide,,rule,,
YONGE-UNIVERSITY EARLY,YU,1,YONGE UNIVERSITY EARLY,,line_wide,,rule,,
YONGE-UNIVERSITY LINE,BD,1,YONGE UNIVERSITY LINE,,line_wide,,rule,,
YONGE-UNIVERSITY SUBW,YU,1,YONGE UNIVERSITY SUBW,,line_wide,,rule,,
YONGE-UNIVERSITY/BLOOR,BD,1,YONGE UNIVERSITY BLOOR,,line_wide,,rule,,
YONGE-UNIVERSTY AND BL,MULTI,1,YONGE UNIVERSTY AND BL,,segment,,rule,,
YONGE-UNIVRESITY LINE,YU,1,YONGE UNIVRESITY LINE,,line_wide,,rule,,
YONGE/SHEPPARD,SHP,1,YONGE SHEPPARD,,station,SHP_SHEPPARD_YONGE,alias,,
YONGE/UINVERSITY & BLO,MULTI,1,YONGE UINVERSITY AND BLO,,segment,,rule,,
YONGE/UNIVERISITY-BLOO,MULTI,1,YONGE UNIVERISITY BLOO,,unmatched,,none,,
YONGE/UNIVERSITY & BLO,BD,1,YONGE UNIVERSITY AND BLO,,line_wide,,rule,,
YONGE/UNIVERSITY AND B,BD,1,YONGE UNIVERSITY AND B,,line_wide,,rule,,
YONGE/UNIVERSITY BLOOR,MULTI,1,YONGE UNIVERSITY BLOOR,,line_wide,,rule,,
YONGE/UNIVERSITY-SPADI,YU,1,YONGE UNIVERSITY SPADI,,line_wide,,rule,,
YONGE/UNIVERSITY/ BLOO,MULTI,1,YONGE UNIVERSITY BLOO,,line_wide,,rule,,
YONGE/UNIVESITY AND BL,MULTI,1,YONGE UNIVESITY AND BL,,segment,,rule,,
YOONGE-UNIVERSITY SUBW,YU,1,YOONGE UNIVERSITY SUBW,,line_wide,,rule,,
YORK AND ADELAIDE,OTHER,1,YORK AND ADELAIDE,,segment,,rule,,
YORK MILLS (APPROACHIN,YU,1,YORK MILLS,,station,YU_YORK_MILLS,alias,,
YORK MILLS AND EGLINTO,YU,1,YORK MILLS AND EGLINTO,,segment,,rule,,
YORK MILLS CENTRE,YU,1,YORK MILLS CENTRE,,unmatched,,none,,
YORK MILLS STATION (A,YU,1,YORK MILLS,,station,YU_YORK_MILLS,alias,,
YORK MILLS STATION - C,YU,1,YORK MILLS,,station,YU_YORK_MILLS,alias,,
YORK MILLS STATION CEN,YU,1,YORK MILLS,,station,YU_YORK_MILLS,alias,,
YORK MILLS STATION TO,YU,1,YORK MILLS STATION TO,,segment,,rule,,
YORK MILLS STATION [,YU,1,YORK MILLS,,station,YU_YORK_MILLS,alias,,
YORK MILLS STATION(APP,YU,1,YORK MILLS,,station,YU_YORK_MILLS,alias,,
YORK MILLS TO EGLINTON,YU,1,YORK MILLS TO EGLINTON,,segment,,rule,,
YORK MILLS TO LAWRENCE,YU,1,YORK MILLS TO LAWRENCE,,segment,,rule,,
YORK MILLS TO SHEPPARD,YU,1,YORK MILLS TO SHEPPARD,,segment,,rule,,
YORK MILLS TO ST. CLAI,YU,1,YORK MILLS TO ST CLAI,,segment,,rule,,
YORK UNIVERISTY STATIO,BD,1,YORK UNIVERISTY,,station,YU_YORK_UNIVERSITY,fuzzy_reviewed,YORK UNIVERSITY,0.933
YORK UNIVERISTY TO PIO,YU,1,YORK UNIVERISTY TO PIO,,segment,,rule,,
YORK UNIVERSITY LINE 1,YU,1,YORK UNIVERSITY LINE 1,,line_wide,,rule,,
YORK UNIVERSITY TO FIN,YU,1,YORK UNIVERSITY TO FIN,,segment,,rule,,
"YORK UNIVERSTITY, DOWN",YU,1,YORK UNIVERSTITY DOWN,,unmatched,,none,,
YORKDALE S/O TO S/O CL,YU,1,YORKDALE S O TO S O CL,,segment,,rule,,
YORKDALE STATION (EXIT,YU,1,YORKDALE,,station,YU_YORKDALE,alias,,
YORKDALE STATION TO ST,YU,1,YORKDALE STATION TO ST,,segment,,rule,,
YORKDALE TO DUPONT STA,YU,1,YORKDALE TO DUPONT,,segment,,rule,,
YORKDALE TO FINCH STAT,YU,1,YORKDALE TO FINCH,,segment,,rule,,
YORKDALE TO LAWRENCE W,YU,1,YORKDALE TO LAWRENCE W,,segment,,rule,,
YORKDALE TO WILSON,YU,1,YORKDALE TO WILSON,,segment,,rule,,
YORKDLAE STATION,YU,1,YORKDLAE,,station,YU_YORKDALE,fuzzy_reviewed,YORKDALE,0.875
YOUNG UNIVERSITY LINE,YU,1,YOUNG UNIVERSITY LINE,,line_wide,,rule,,
YOUNG-UNIVERSITY-SPADI,YU,1,YOUNG UNIVERSITY SPADI,,line_wide,,rule,,
YOUNGE UNIVERSITY AND,MULTI,1,YOUNGE UNIVERSITY AND,,segment,,rule,,
YOUNGE UNIVERSITY SPAD,YU,1,YOUNGE UNIVERSITY SPAD,,unmatched,,none,,
YOUNGE-UNIVERSITY-SPAD,YU,1,YOUNGE UNIVERSITY SPAD,,unmatched,,none,,
YU & BD,YU,1,YU AND,BD,segment,,rule,,
YU & BD LINES,MULTI,1,YU AND BD LINES,,line_wide,,rule,,
YU LINE,YU,1,YU LINE,,line_wide,,rule,,
YU- YONGE-UNIVERSITY S,YU,1,YU YONGE UNIVERSITY S,,unmatched,,none,,
YU-ST CLAIR STATION TO,YU,1,YU ST CLAIR STATION TO,,segment,,rule,,
YU/BD,MULTI,1,YU,BD,line_wide,,rule,,
YUS & BD,MULTI,1,YUS AND,BD,segment,,rule,,
YUS AND BD SUBWAY,MULTI,1,YUS AND BD SUBWAY,,line_wide,,rule,,
YUS AND BLOOR DANFORTH,MULTI,1,YUS AND BLOOR DANFORTH,,segment,,rule,,
YUS LINE,YU,1,YUS LINE,,line_wide,,rule,,
YUS-BD,MULTI,1,YUS,BD,line_wide,,rule,,
YUS/ BD,YU,1,YUS,BD,line_wide,,rule,,
YUS/BD,MULTI,1,YUS,BD,line_wide,,rule,,
YUS/BD/SRT,BD,1,YUS BD,SRT,unmatched,,none,,
ZONE 1,YU,1,ZONE 1,,unmatched,,none,,
ZONE 2,YU,1,ZONE 2,,unmatched,,none,,
