_id,Date,Time,Day,Station,Code,Min Delay,Min Gap,Bound,Line,Vehicle
1,2025-01-01,02:10,Wednesday,BATHURST STATION,MUSAN,5,9,E,BD,5227
26,2025-01-01,16:42,Wednesday,YORK MILLS STATION,PUOPO,12,16,S,YU,5686
51,2025-01-02,02:05,Thursday,VAUGHAN MC STATION,MUIS,0,0,,YU,0
76,2025-01-02,11:50,Thursday,KIPLING STATION (PLATF,MUIR,3,7,E,BD,5303
101,2025-01-02,19:44,Thursday,CASTLE FRANK STATION,SUDP,26,30,W,BD,5086
126,2025-01-02,00:35,Thursday,BLOOR STATION,SUO,0,0,,YU,0
151,2025-01-03,11:15,Friday,YONGE BD STATION,SUDP,9,13,E,BD,5074
176,2025-01-03,19:21,Friday,HIGH PARK STATION (LEA,EUDO,12,16,W,BD,5313
201,2025-01-04,06:02,Saturday,KIPLING STATION,MUCL,5,10,E,BD,5301
226,2025-01-04,17:54,Saturday,OLD MILL STATION,SUDP,3,7,E,BD,5066
251,2025-01-05,10:23,Sunday,ISLINGTON STATION,SUUT,3,7,W,BD,5108
276,2025-01-05,20:21,Sunday,KEELE STATION LEAVING,MUSC,0,0,E,BD,5142
301,2025-01-06,05:45,Monday,WELLESLEY STATION,MUNCA,0,0,,YU,0
326,2025-01-06,13:37,Monday,COXWELL STATION,MUIR,12,16,E,BD,5014
351,2025-01-06,20:12,Monday,KIPLING STATION - PLAT,MUSAN,4,8,W,BD,5111
376,2025-01-07,07:26,Tuesday,BLOOR STATION,PUMST,0,0,,YU,0
401,2025-01-07,14:07,Tuesday,DOWNSVIEW PARK STATION,EUDO,0,0,N,YU,5956
426,2025-01-07,19:31,Tuesday,COLLEGE STATION,PUOPO,5,7,S,YU,5961
451,2025-01-08,02:09,Wednesday,KENNEDY BD STATION,PUMEL,0,0,,BD,0
476,2025-01-08,11:21,Wednesday,WOODBINE STATION,EUSC,0,0,W,BD,5023
501,2025-01-08,18:40,Wednesday,KENNEDY BD STATION,TUS,3,7,W,BD,5139
526,2025-01-09,06:23,Thursday,EGLINTON STATION,EUME,3,6,N,YU,5641
551,2025-01-09,12:39,Thursday,BLOOR STATION,SUAE,7,12,S,YU,5641
576,2025-01-09,17:12,Thursday,DAVISVILLE STATION,MUIE,0,0,,YU,9463
601,2025-01-09,01:57,Thursday,WILSON STATION,MUIS,0,0,,YU,0
626,2025-01-10,10:58,Friday,SHEPPARD STATION,SUDP,0,0,N,YU,0
651,2025-01-10,18:50,Friday,RUNNYMEDE STATION,EUNT,12,16,W,BD,5118
676,2025-01-11,05:00,Saturday,YORK MILLS STATION,MUNCA,0,0,,YU,0
701,2025-01-11,15:17,Saturday,CASTLE FRANK STATION,SUDP,15,19,E,BD,5139
726,2025-01-11,00:02,Saturday,FINCH WEST STATION,MUIS,0,0,,YU,0
751,2025-01-12,15:45,Sunday,WELLESLEY STATION,PUMO,4,8,N,YU,5571
776,2025-01-13,02:17,Monday,ST GEORGE BD STATION,SUDP,0,0,W,BD,0
801,2025-01-13,14:05,Monday,DUNDAS STATION,PUOPO,8,12,N,YU,5836
826,2025-01-13,21:14,Monday,DUNDAS STATION,MUIS,0,0,,YU,0
851,2025-01-14,06:00,Tuesday,KING STATION,PUTR,8,0,S,YU,6116
876,2025-01-14,13:40,Tuesday,MAIN STREET STATION,PUTDN,0,0,E,BD,5041
901,2025-01-14,20:06,Tuesday,KENNEDY BD STATION,TUSC,0,0,W,BD,5001
926,2025-01-14,01:57,Tuesday,JANE STATION,SUO,0,0,,BD,0
951,2025-01-15,11:55,Wednesday,SHERBOURNE STATION,SUDP,14,18,E,BD,5004
976,2025-01-15,17:11,Wednesday,KEELE STATION,MUSC,0,0,W,BD,5009
1001,2025-01-16,04:00,Thursday,COLLEGE STATION,MUNCA,0,0,,YU,0
1026,2025-01-16,12:08,Thursday,KENNEDY BD STATION,SUO,0,0,,BD,0
1051,2025-01-16,20:38,Thursday,KEELE STATION,MUIS,0,0,W,BD,0
1076,2025-01-17,05:30,Friday,GLENCAIRN STATION,MUNCA,0,0,,YU,0
1101,2025-01-17,14:19,Friday,SHERBOURNE STATION,TUO,4,8,E,BD,5026
1126,2025-01-17,22:41,Friday,DUNDAS STATION,SUDP,0,0,,YU,0
1151,2025-01-18,12:00,Saturday,GLENCAIRN STATION,MUNCA,0,0,,YU,0
1176,2025-01-18,19:59,Saturday,UNION STATION,MUO,0,0,,YU,0
1201,2025-01-19,13:53,Sunday,FINCH STATION,EUCD,0,0,S,YU,6041
1226,2025-01-19,00:18,Sunday,KENNEDY BD STATION,MUIS,0,0,,BD,0
1251,2025-01-20,10:04,Monday,OSSINGTON STATION,MUPAA,0,0,W,BD,5289
1276,2025-01-20,15:55,Monday,RUNNYMEDE STATION,SUAE,0,0,,BD,0
1301,2025-01-20,22:00,Monday,YONGE-UNIVERSITY AND B,MUO,0,0,,YU/ BD,0
1326,2025-01-21,06:00,Tuesday,KING STATION,PUTR,6,0,S,YU,5456
1351,2025-01-21,14:23,Tuesday,YORKDALE STATION,MUD,7,11,S,YU,5556
1376,2025-01-21,19:50,Tuesday,QUEEN STATION,PUOPO,0,0,S,YU,5501
1401,2025-01-22,05:30,Wednesday,GREENWOOD STATION,MUNCA,0,0,,BD,0
1426,2025-01-22,13:38,Wednesday,LAWRENCE WEST STATION,PUOPO,9,13,S,YU,6061
1451,2025-01-22,21:30,Wednesday,YONGE BD STATION,SUROB,0,0,W,BD,0
1476,2025-01-23,08:45,Thursday,UNION STATION,MUIR,3,5,S,YU,5576
1501,2025-01-23,17:18,Thursday,YORKDALE STATION,PUOPO,18,21,S,YU,5636
1526,2025-01-23,00:17,Thursday,EGLINTON STATION,SUDP,4,10,N,YU,5541
1551,2025-01-24,08:37,Friday,QUEEN STATION,SUUT,9,11,N,YU,6041
1576,2025-01-24,15:59,Friday,DONLANDS STATION,SUO,0,0,,BD,0
1601,2025-01-24,22:48,Friday,ST GEORGE YUS STATION,SUDP,0,0,N,YU,5961
1626,2025-01-25,11:16,Saturday,ST GEORGE YUS STATION,SUO,6,12,S,YU,6096
1651,2025-01-25,19:47,Saturday,MAIN STREET STATION,SUDP,0,0,,BD,0
1676,2025-01-25,13:00,Saturday,LESLIE STATION,MUSC,0,0,W,SHP,6176
1701,2025-01-26,15:56,Sunday,VICTORIA PARK STATION,PUMEL,0,0,,BD,0
1726,2025-01-27,06:14,Monday,DUPONT STATION,PUTWZ,14,0,N,YU,5886
1751,2025-01-27,14:32,Monday,WARDEN STATION,MUI,16,20,W,BD,5303
1776,2025-01-27,21:49,Monday,MAIN STREET STATION,MUO,0,0,,BD,0
1801,2025-01-28,07:36,Tuesday,COLLEGE STATION,MUPAA,5,7,S,YU,5716
1826,2025-01-28,15:05,Tuesday,NORTH YORK CTR STATION,SUDP,5,9,S,YU,5636
1851,2025-01-28,19:59,Tuesday,MAIN STREET STATION,EUSC,0,0,E,BD,5369
1876,2025-01-29,02:36,Wednesday,FINCH STATION,SUDP,0,0,,YU,0
1901,2025-01-29,11:53,Wednesday,BLOOR STATION,SUDP,0,0,S,YU,0
1926,2025-01-29,16:27,Wednesday,WARDEN STATION,SUO,0,0,E,BD,5319
1951,2025-01-29,00:47,Wednesday,LANSDOWNE,PUMO,30,35,W,BD,5155
1976,2025-01-30,09:45,Thursday,BLOOR STATION,MUIR,3,8,S,YU,5491
2001,2025-01-30,17:32,Thursday,WILSON STATION,EUDO,6,9,N,YU,5971
2026,2025-01-31,02:33,Friday,FINCH STATION,MUIS,0,0,,YU,0
2051,2025-01-31,11:56,Friday,BATHURST STATION,MUI,34,38,W,BD,5116
2076,2025-01-31,16:23,Friday,LAWRENCE WEST STATION,TUO,0,0,,YU,5766
2101,2025-01-31,00:01,Friday,BLOOR STATION,MUIS,0,0,,YU,0
2126,2025-02-01,13:07,Saturday,CASTLE FRANK STATION,EUSC,0,0,W,BD,5189
2151,2025-02-01,22:00,Saturday,YONGE-UNIVERSITY AND B,MUO,0,0,,YU/BD,0
2176,2025-02-02,10:31,Sunday,SCARBOROUGH CTR STATIO,SUO,0,0,,BD,0
2201,2025-02-02,17:18,Sunday,KIPLING STATION,SUDP,4,8,E,BD,5207
2226,2025-02-02,00:33,Sunday,DAVISVILLE STATION,MUPAA,4,12,S,YU,5441
2251,2025-02-03,07:28,Monday,WELLESLEY STATION,PUOPO,7,10,S,YU,5586
2276,2025-02-03,13:50,Monday,CHESTER STATION,SUDP,0,0,E,BD,5224
2301,2025-02-03,18:25,Monday,LANSDOWNE STATION,MUNCA,0,0,,BD,0
2326,2025-02-03,00:00,Monday,ST CLAIR STATION,MUPAA,0,0,S,YU,5716
2351,2025-02-04,08:02,Tuesday,BLOOR STATION,SUDP,5,7,N,YU,5752
2376,2025-02-04,17:16,Tuesday,KING STATION,SUDP,0,0,S,YU,5691
2401,2025-02-05,05:46,Wednesday,DONLANDS STATION,MUSC,4,9,W,BD,5307
2426,2025-02-05,14:38,Wednesday,YONGE BD STATION,SUAP,0,0,E,BD,5089
2451,2025-02-05,22:01,Wednesday,KENNEDY BD STATION,MUI,0,0,,BD,5148
2476,2025-02-06,12:03,Thursday,BATHURST STATION,PUMEL,0,0,,BD,0
2501,2025-02-06,18:24,Thursday,YONGE BD STATION,PUMST,0,0,,BD,0
2526,2025-02-06,22:46,Thursday,WILSON STATION,MUIRS,0,0,,YU,0
2551,2025-02-07,05:35,Friday,WELLESLEY STATION,MUNCA,0,0,,YU,0
2576,2025-02-07,11:12,Friday,PIONEER VILLAGE STATIO,SUDP,5,10,S,YU,5871
2601,2025-02-07,17:10,Friday,ST CLAIR WEST STATION,MUNCA,0,0,,YU,0
2626,2025-02-07,23:11,Friday,SHEPPARD-YONGE STATION,MUIR,0,0,E,SHP,6171
2651,2025-02-08,17:38,Saturday,LANSDOWNE STATION,SUO,0,0,,BD,0
2676,2025-02-08,01:10,Saturday,KIPLING STATION,SUG,3,9,W,BD,5148
2701,2025-02-09,10:02,Sunday,YORK MILLS STATION,TUS,9,15,N,YU,5811
2726,2025-02-09,22:13,Sunday,DUNDAS STATION,SUDP,0,0,N,YU,0
2751,2025-02-10,11:42,Monday,YORK UNIVERSITY STATIO,SUDP,0,0,N,YU,5986
2776,2025-02-10,16:08,Monday,VAUGHAN MC STATION,MUSAN,3,5,S,YU,5671
2801,2025-02-10,22:54,Monday,VICTORIA PARK STATION,PUTIS,0,0,W,BD,5026
2826,2025-02-11,07:37,Tuesday,KIPLING STATION,PUSSW,4,7,E,BD,5259
2851,2025-02-11,16:55,Tuesday,RUNNYMEDE STATION,MUIRS,0,0,W,BD,5180
2876,2025-02-11,23:58,Tuesday,SHERBOURNE STATION,SUO,0,0,,BD,0
2901,2025-02-12,09:09,Wednesday,COLLEGE STATION,MUPAA,0,0,S,YU,5806
2926,2025-02-12,16:21,Wednesday,ISLINGTON STATION,MUSC,0,0,W,BD,5024
2951,2025-02-12,20:06,Wednesday,OSSINGTON STATION,MUIRS,0,0,,BD,0
2976,2025-02-13,02:02,Thursday,DUNDAS STATION,SUDP,0,0,S,YU,0
3001,2025-02-13,06:37,Thursday,HIGH PARK STATION,MUSC,0,0,E,BD,5275
3026,2025-02-13,11:32,Thursday,VAUGHAN MC STATION,SUUT,7,12,S,YU,6021
3051,2025-02-13,17:49,Thursday,WELLESLEY STATION,SUDP,0,0,,YU,0
3076,2025-02-13,07:15,Thursday,SHEPPARD-YONGE STATION,MUI,3,10,E,SHP,6191
3101,2025-02-14,07:09,Friday,QUEEN'S PARK STATION,PUOPO,0,0,S,YU,5721
3126,2025-02-14,12:46,Friday,WOODBINE STATION,TUO,4,8,E,BD,5094
3151,2025-02-14,17:07,Friday,EGLINTON STATION,PUMEL,0,0,,YU,0
3176,2025-02-14,22:02,Friday,ST GEORGE BD STATION,SUO,13,18,E,BD,5220
3201,2025-02-15,07:47,Saturday,VICTORIA PARK STATION,PUSTC,0,0,W,BD,5358
3226,2025-02-15,15:27,Saturday,YONGE BD STATION,SUO,0,0,W,BD,5340
3251,2025-02-15,20:58,Saturday,WOODBINE STATION,SUUT,0,0,E,BD,5333
3276,2025-02-15,09:00,Saturday,BESSARION STATION,MUNCA,0,0,,SHP,0
3301,2025-02-16,08:37,Sunday,DUPONT STATION,MUWEA,0,0,S,YU,6066
3326,2025-02-16,11:44,Sunday,ST GEORGE YUS STATION,MUPAA,5,9,N,YU,6061
3351,2025-02-16,16:45,Sunday,BROADVIEW STATION,MUNCA,0,0,,BD,0
3376,2025-02-16,21:14,Sunday,KIPLING STATION,PUTR,5,10,W,BD,5158
3401,2025-02-16,01:11,Sunday,CASTLE FRANK STATION,MUIS,0,0,,BD,0
3426,2025-02-17,06:58,Monday,WARDEN STATION,PUSIS,0,0,E,BD,5021
3451,2025-02-17,11:56,Monday,WARDEN STATION,EUSC,0,0,E,BD,5200
3476,2025-02-17,17:42,Monday,DUPONT STATION,PUMST,0,0,,YU,0
3501,2025-02-17,22:34,Monday,UNION STATION,SUUT,0,0,S,YU,0
3526,2025-02-18,06:11,Tuesday,DUFFERIN STATION,EUSC,0,0,W,BD,5160
3551,2025-02-18,07:39,Tuesday,WILSON STATION,MUWEA,3,6,S,YU,0
3576,2025-02-18,09:46,Tuesday,VICTORIA PARK STATION,MUPLA,11,13,W,BD,5288
3601,2025-02-18,16:12,Tuesday,KENNEDY BD STATION,SUAP,0,0,,BD,0
3626,2025-02-18,17:43,Tuesday,ST CLAIR STATION,MUWEA,3,6,S,YU,5000
3651,2025-02-18,22:55,Tuesday,RUNNYMEDE STATION,SUAE,0,0,,BD,0
3676,2025-02-19,06:09,Wednesday,VAUGHAN MC STATION,TUO,14,16,S,YU,5491
3701,2025-02-19,07:16,Wednesday,WILSON STATION,MUWEA,3,6,S,YU,0
3726,2025-02-19,09:28,Wednesday,MAIN STREET STATION,EUSC,0,0,W,BD,5160
3751,2025-02-19,17:39,Wednesday,BLOOR STATION,MUIRS,0,0,,YU,0
3776,2025-02-19,22:23,Wednesday,VAUGHAN MC STATION PLA,TUO,6,12,S,YU,5901
3801,2025-02-20,06:26,Thursday,COXWELL STATION,EUDO,3,6,E,BD,5259
3826,2025-02-20,16:47,Thursday,LAWRENCE STATION,MUPAA,0,0,N,YU,5681
3851,2025-02-20,00:11,Thursday,KIPLING STATION,TUNIP,5,10,E,BD,5137
3876,2025-02-21,06:39,Friday,KENNEDY BD STATION,MUSC,0,0,W,BD,5283
3901,2025-02-21,14:26,Friday,WILSON STATION,MUO,5,10,N,YU,5811
3926,2025-02-21,20:44,Friday,ST GEORGE YUS STATION,PUMST,0,0,,YU,0
3951,2025-02-22,11:24,Saturday,WOODBINE STATION,MUIS,0,0,,BD,0
3976,2025-02-22,19:28,Saturday,YORKDALE STATION,MUIS,0,0,N,YU,5401
4001,2025-02-23,12:53,Sunday,KEELE STATION,SUDP,3,7,W,BD,5415
4026,2025-02-23,21:12,Sunday,SUMMERHILL STATION,MUO,6,12,S,YU,5441
4051,2025-02-24,05:30,Monday,DUPONT STATION,PUSAC,0,0,N,YU,0
4076,2025-02-24,12:32,Monday,DAVISVILLE STATION,MUIS,0,0,,YU,0
4101,2025-02-24,18:02,Monday,EGLINTON WEST STATION,SUAP,6,8,N,YU,5711
4126,2025-02-24,10:10,Monday,DON MILLS STATION,PUMO,0,0,,SHP,0
4151,2025-02-25,11:48,Tuesday,BATHURST STATION,SUAE,0,0,,BD,0
4176,2025-02-25,18:26,Tuesday,YONGE BD STATION,MUIRS,0,0,,BD,0
4201,2025-02-26,07:32,Wednesday,DUFFERIN STATION,MUIE,0,0,,BD,0
4226,2025-02-26,18:16,Wednesday,FINCH STATION,SUG,3,6,S,YU,5996
4251,2025-02-27,06:26,Thursday,VICTORIA PARK STATION,MUSC,0,0,W,BD,5016
4276,2025-02-27,11:41,Thursday,KIPLING STATION,EUSC,3,7,E,BD,5041
4301,2025-02-27,19:39,Thursday,WOODBINE STATION,MUSC,3,7,W,BD,5134
4326,2025-02-28,06:00,Friday,TORONTO TRANSIT COMMIS,MUO,0,0,,BD,0
4351,2025-02-28,15:22,Friday,ST GEORGE BD STATION,MUIS,0,0,E,BD,0
4376,2025-02-28,00:23,Friday,BLOOR STATION,MUIS,0,0,,YU,0
4401,2025-03-01,09:35,Saturday,LANSDOWNE STATION,TUO,5,10,W,BD,5120
4426,2025-03-01,19:52,Saturday,SPADINA YUS STATION,SUDP,0,0,E,BD,0
4451,2025-03-02,11:46,Sunday,KIPLING STATION,MUTO,4,8,E,BD,5144
4476,2025-03-02,08:03,Sunday,SHEPPARD-YONGE STATION,SUG,3,10,W,SHP,6186
4501,2025-03-03,10:57,Monday,VICTORIA PARK STATION,MUFS,11,15,W,BD,5055
4526,2025-03-03,19:53,Monday,RUNNYMEDE STATION,EUME,6,11,W,BD,5077
4551,2025-03-04,09:04,Tuesday,NORTH YORK CTR STATION,EUBO,20,23,N,YU,5501
4576,2025-03-04,15:42,Tuesday,SPADINA YUS STATION,MUPAA,4,8,N,YU,5931
4601,2025-03-04,00:16,Tuesday,SHERBOURNE STATION,EUNT,5,10,W,BD,5005
4626,2025-03-05,06:12,Wednesday,GREENWOOD STATION,PUTSM,3,6,E,BD,0
4651,2025-03-05,08:40,Wednesday,ST GEORGE BD STATION,MUIR,5,8,W,BD,5141
4676,2025-03-05,17:26,Wednesday,BLOOR STATION,EUBO,10,13,S,YU,5751
4701,2025-03-05,20:24,Wednesday,LESLIE STATION,SUDP,0,0,W,SHP,0
4726,2025-03-06,13:11,Thursday,SHERBOURNE STATION,SUDP,0,0,W,BD,0
4751,2025-03-06,20:16,Thursday,KEELE STATION,MUIS,0,0,,BD,0
4776,2025-03-07,06:25,Friday,CASTLE FRANK STATION,EUSC,0,0,W,BD,5188
4801,2025-03-07,15:54,Friday,SPADINA YUS STATION,SUO,4,8,N,YU,6096
4826,2025-03-07,23:24,Friday,SHEPPARD WEST STATION,MUIRS,0,0,,YU,0
4851,2025-03-08,10:19,Saturday,SPADINA BD STATION,PUMEL,0,0,,BD,0
4876,2025-03-08,18:10,Saturday,YONGE BD STATION,SUDP,4,9,W,BD,5259
4901,2025-03-08,01:36,Saturday,BATHURST STATION,MUIS,0,0,W,BD,0
4926,2025-03-09,14:39,Sunday,SHEPPARD WEST STATION,SUAP,0,0,N,YU,5776
4951,2025-03-10,06:33,Monday,WARDEN STATION,SUAE,0,0,W,BD,5309
4976,2025-03-10,16:00,Monday,JANE STATION,MUPAA,0,0,E,BD,5100
5001,2025-03-10,23:00,Monday,LINE 1 - YONGE-UNIVERS,MUCP,0,0,,YU,0
5026,2025-03-11,08:47,Tuesday,VMC STATION,SUDP,3,5,S,YU,6006
5051,2025-03-11,16:33,Tuesday,EGLINTON STATION,SUDP,3,7,N,YU,5816
5076,2025-03-11,01:52,Tuesday,DUNDAS STATION,SUDP,0,0,,YU,0
5101,2025-03-12,14:09,Wednesday,DUFFERIN STATION,SUDP,0,0,W,BD,0
5126,2025-03-12,21:59,Wednesday,ST ANDREW STATION,MUIR,3,9,N,YU,5506
5151,2025-03-13,05:57,Thursday,KENNEDY BD STATION,EUDO,5,10,E,BD,5231
5176,2025-03-13,17:50,Thursday,WELLESLEY STATION,PUMEL,0,0,,YU,0
5201,2025-03-13,23:48,Thursday,KING STATION,MUIS,0,0,,YU,0
5226,2025-03-14,12:30,Friday,WILSON STATION,MUIRS,0,0,N,YU,0
5251,2025-03-14,19:53,Friday,YORK MILLS STATION,PUMEL,0,0,,YU,0
5276,2025-03-15,05:54,Saturday,DONLANDS STATION,EUNT,8,0,W,BD,5318
5301,2025-03-15,17:00,Saturday,YORKDALE STATION,PUOPO,29,33,S,YU,5981
5326,2025-03-16,06:14,Sunday,ST PATRICK STATION,PUTWZ,0,0,S,YU,0
5351,2025-03-16,16:26,Sunday,FINCH STATION,MUSAN,4,8,S,YU,5631
5376,2025-03-16,01:23,Sunday,WELLESLEY STATION,MUIS,0,0,S,YU,0
5401,2025-03-17,08:53,Monday,BLOOR STATION,MUI,6,9,S,YU,5936
5426,2025-03-17,17:14,Monday,OSGOODE STATION,PUOPO,5,7,N,YU,5521
5451,2025-03-17,00:59,Monday,GREENWOOD STATION,TUSC,0,0,W,BD,5261
5476,2025-03-18,10:02,Tuesday,WOODBINE STATION,PUMEL,0,0,,BD,0
5501,2025-03-18,01:37,Tuesday,GREENWOOD STATION,MUSC,0,0,W,BD,5110
5526,2025-03-19,10:07,Wednesday,DUNDAS STATION,MUIRS,0,0,,YU,0
5551,2025-03-19,17:41,Wednesday,ST CLAIR STATION,MUPAA,0,0,S,YU,5856
5576,2025-03-20,05:52,Thursday,GREENWOOD STATION,MUSC,3,8,E,BD,5303
5601,2025-03-20,15:45,Thursday,DUPONT STATION,MUO,12,15,S,YU,5716
5626,2025-03-20,21:05,Thursday,VICTORIA PARK STATION,SUDP,3,8,E,BD,5367
5651,2025-03-21,06:45,Friday,ST. PATRICK STATION,PUTWZ,9,0,N,YU,6041
5676,2025-03-21,13:40,Friday,KENNEDY STATION,MUIRS,0,0,,BD,0
5701,2025-03-21,22:01,Friday,MAIN STREET STATION,SUDP,0,0,,BD,0
5726,2025-03-22,13:00,Saturday,OSSINGTON STATION,SUO,0,0,W,BD,5093
5751,2025-03-22,21:25,Saturday,COLLEGE STATION,MUPAA,4,10,S,YU,5436
5776,2025-03-23,11:25,Sunday,KENNEDY BD STATION,MUIS,0,0,,BD,0
5801,2025-03-23,18:32,Sunday,CASTLE FRANK STATION,SUO,0,0,,BD,0
5826,2025-03-23,23:49,Sunday,BAY STATION,SUAP,0,0,,BD,0
5851,2025-03-24,09:43,Monday,MUSEUM STATION,MUIR,0,0,N,YU,5826
5876,2025-03-24,16:02,Monday,WELLESLEY STATION,SUDP,0,0,,YU,0
5901,2025-03-24,21:03,Monday,VMC STATION,PUOPO,0,0,,YU,5777
5926,2025-03-25,08:33,Tuesday,DUNDAS WEST STATION,SUO,4,6,E,BD,5310
5951,2025-03-25,16:00,Tuesday,BATHURST STATION,SUO,0,0,,BD,0
5976,2025-03-25,01:01,Tuesday,ST GEORGE BD STATION,SUO,0,0,,YU,0
6001,2025-03-26,12:36,Wednesday,HIGH PARK STATION,MUIR,3,7,W,BD,5225
6026,2025-03-26,19:56,Wednesday,NORTH YORK CTR STATION,PUATC,7,10,S,YU,5806
6051,2025-03-27,05:59,Thursday,KING STATION,PUTR,8,0,S,YU,5886
6076,2025-03-27,14:56,Thursday,FINCH STATION,SUDP,4,8,S,YU,6126
6101,2025-03-27,21:46,Thursday,SPADINA BD STATION,TUO,0,0,E,BD,5244
6126,2025-03-28,09:13,Friday,KIPLING STATION,EUSC,0,0,W,BD,5069
6151,2025-03-28,17:32,Friday,DUNDAS STATION,MUIRS,0,0,S,YU,0
6176,2025-03-28,23:27,Friday,VICTORIA PARK STATION,MUSAN,4,8,W,BD,5078
6201,2025-03-29,13:27,Saturday,COLLEGE STATION,SUAP,0,0,,YU,0
6226,2025-03-29,22:49,Saturday,FINCH WEST STATION,PUATC,5,10,S,YU,5756
6251,2025-03-30,12:39,Sunday,LAWRENCE WEST STATION,PUOPO,0,0,S,YU,5931
6276,2025-03-30,00:01,Sunday,VMC STATION,MUNCA,0,0,,YU,0
6301,2025-03-31,08:24,Monday,LANSDOWNE STATION,EUSC,0,0,E,BD,5123
6326,2025-03-31,15:32,Monday,SPADINA BD STATION,SUO,5,8,W,BD,5091
6351,2025-03-31,22:00,Monday,BLOOR STATION,MUIS,0,0,,YU,0
6376,2025-04-01,05:40,Tuesday,KIPLING STATION,EUVE,34,0,E,BD,5057
6401,2025-04-01,11:55,Tuesday,KIPLING STATION,TUMVS,4,8,W,BD,5230
6426,2025-04-01,19:24,Tuesday,DUNDAS STATION,SUDP,0,0,,YU,0
6451,2025-04-02,10:55,Wednesday,SHEPPARD WEST STATION,MUIR,7,12,S,YU,5606
6476,2025-04-02,14:59,Wednesday,BLOOR STATION,SUO,3,7,N,YU,5511
6501,2025-04-02,18:24,Wednesday,ISLINGTON STATION (APP,MUSC,0,0,W,BD,5170
6526,2025-04-02,23:00,Wednesday,LINE 1 YONGE UNIVERSIT,MUCP,0,0,,YU,0
6551,2025-04-03,08:58,Thursday,BLOOR STATION,SUAP,4,6,S,YU,5491
6576,2025-04-03,18:07,Thursday,ST GEORGE BD STATION,SUO,20,23,W,BD,5282
6601,2025-04-03,23:18,Thursday,DUNDAS STATION,MUIS,0,0,,YU,0
6626,2025-04-04,12:33,Friday,EGLINTON WEST STATION,MUI,18,23,S,YU,5746
6651,2025-04-04,20:54,Friday,ST CLAIR STATION,PUMEL,0,0,,YU,0
6676,2025-04-04,01:44,Friday,KIPLING BD STATION - P,SUAE,0,0,W,BD,5219
6701,2025-04-05,12:12,Saturday,SPADINA YUS STATION,PUMO,0,0,N,YU,0
6726,2025-04-05,19:06,Saturday,WOODBINE STATION,EUSC,3,8,E,BD,5021
6751,2025-04-05,14:00,Saturday,LESLIE STATION,EUSC,3,8,W,SHP,6181
6776,2025-04-06,15:54,Sunday,BATHURST STATION,PUMEL,0,0,,BD,0
6801,2025-04-06,23:28,Sunday,WARDEN STATION,MUTO,5,10,E,BD,5344
6826,2025-04-07,07:01,Monday,YONGE BD STATION,MUO,0,0,W,BD,5361
6851,2025-04-07,15:37,Monday,KEELE STATION,PUTR,3,6,W,BD,5284
6876,2025-04-07,00:31,Monday,PIONEER VILLAGE TO VAU,MUCP,0,0,,YU,0
6901,2025-04-08,07:34,Tuesday,VICTORIA PARK STATION,MUPLB,11,13,W,BD,5074
6926,2025-04-08,16:28,Tuesday,SPADINA YUS STATION,SUUT,15,18,S,YU,5526
6951,2025-04-08,21:01,Tuesday,OSSINGTON STATION,SUO,17,22,E,BD,5020
6976,2025-04-09,05:41,Wednesday,KENNEDY BD STATION,TUSC,0,0,W,BD,5156
7001,2025-04-09,17:52,Wednesday,DUNDAS WEST STATION (A,MUSC,0,0,E,BD,5348
7026,2025-04-09,23:40,Wednesday,YONGE BD STATION,MUIRS,0,0,E,BD,0
7051,2025-04-10,07:17,Thursday,ST ANDREW STATION,MUI,12,15,S,YU,6056
7076,2025-04-10,16:15,Thursday,LANSDOWNE STATION,MUIR,0,0,E,BD,5304
7101,2025-04-10,00:01,Thursday,MAIN STREET STATION,MUIS,0,0,,BD,0
7126,2025-04-11,10:24,Friday,SPADINA BD STATION,EUSC,0,0,W,BD,5122
7151,2025-04-11,15:30,Friday,SPADINA YUS STATION,MUIS,0,0,,YU,0
7176,2025-04-11,22:00,Friday,EGLINTON STATION,MUIRS,0,0,,YU,0
7201,2025-04-12,05:45,Saturday,LAWRENCE WEST STATION,MUNCA,0,0,,YU,0
7226,2025-04-12,17:46,Saturday,WARDEN STATION,TUMVS,0,0,E,BD,5086
7251,2025-04-13,08:03,Sunday,ISLINGTON STATION,EUBK,10,0,E,BD,5227
7276,2025-04-13,19:54,Sunday,ST CLAIR STATION,MUPAA,0,0,S,YU,5641
7301,2025-04-13,19:17,Sunday,DON MILLS STATION,TUMVS,3,8,E,SHP,6126
7326,2025-04-14,13:06,Monday,BLOOR STATION,SUUT,13,19,N,YU,5866
7351,2025-04-14,19:23,Monday,ST CLAIR STATION,EUDO,7,9,S,YU,5886
7376,2025-04-15,05:25,Tuesday,DUNDAS STATION,MUIRS,0,0,,YU,0
7401,2025-04-15,13:25,Tuesday,VMC STATION,TUO,4,8,S,YU,5866
7426,2025-04-15,20:26,Tuesday,OLD MILL STATION,MUSC,3,7,W,BD,5282
7451,2025-04-16,02:07,Wednesday,OSSINGTON STATION,MUI,0,0,W,BD,5316
7476,2025-04-16,12:51,Wednesday,BROADVIEW STATION,MUIS,0,0,,BD,0
7501,2025-04-16,17:52,Wednesday,OSGOODE STATION,EUATC,4,6,S,YU,5496
7526,2025-04-16,14:30,Wednesday,DON MILLS STATION (LEA,PUSTS,0,0,W,SHP,6141
7551,2025-04-17,13:12,Thursday,KIPLING STATION,MUSC,0,0,E,BD,5047
7576,2025-04-17,22:56,Thursday,ROSEDALE STATION,SUDP,3,9,S,YU,5931
7601,2025-04-18,10:27,Friday,DUNDAS STATION,SUUT,13,17,N,YU,5121
7626,2025-04-18,22:49,Friday,MAIN STREET STATION,EUPI,0,0,W,BD,5112
7651,2025-04-19,09:56,Saturday,WILSON STATION,EUO,9,15,S,YU,5666
7676,2025-04-19,19:42,Saturday,BROADVIEW STATION,MUIR,12,17,E,BD,5286
7701,2025-04-19,01:51,Saturday,KIPLING STATION - PLAT,MUI,0,0,E,BD,5234
7726,2025-04-20,11:53,Sunday,FINCH STATION,MUSAN,3,7,S,YU,6046
7751,2025-04-20,00:35,Sunday,DUFFERIN STATION,SUDP,0,0,W,BD,0
7776,2025-04-21,08:36,Monday,BLOOR STATION,SUDP,0,0,S,YU,0
7801,2025-04-21,15:21,Monday,KEELE STATION,MUIR,3,7,W,BD,5307
7826,2025-04-21,19:29,Monday,DOWNSVIEW PARK STATION,MUNCA,0,0,,YU,0
7851,2025-04-22,02:44,Tuesday,UNION STATION,MUIS,0,0,,YU,0
7876,2025-04-22,09:40,Tuesday,SPADINA BD STATION,SUDP,0,0,W,BD,5034
7901,2025-04-22,18:04,Tuesday,LAWRENCE STATION,PUOPO,0,0,S,YU,5391
7926,2025-04-22,23:59,Tuesday,OSSINGTON STATION,SUAP,0,0,,BD,0
7951,2025-04-23,09:17,Wednesday,YONGE BD STATION,MUIRS,0,0,W,BD,0
7976,2025-04-23,22:30,Wednesday,GREENWOOD CARHOUSE,SUG,0,0,,,0
8001,2025-04-24,08:05,Thursday,YONGE BD STATION,PUMST,0,0,,BD,0
8026,2025-04-24,16:55,Thursday,WILSON STATION,MUO,4,7,S,YU,5701
8051,2025-04-24,22:48,Thursday,VICTORIA PARK STATION,MUIRS,0,0,,BD,0
8076,2025-04-25,10:10,Friday,FINCH STATION,SUO,0,0,,YU,0
8101,2025-04-25,17:36,Friday,DUPONT STATION,MUDD,6,9,S,YU,5911
8126,2025-04-25,01:38,Friday,QUEEN'S PARK STATION,SUG,0,0,,YU,5866
8151,2025-04-26,10:02,Saturday,WARDEN STATION,PUSTS,0,0,E,BD,5341
8176,2025-04-26,18:28,Saturday,SHEPPARD WEST STATION,MUNCA,0,0,,YU,0
8201,2025-04-27,07:45,Sunday,SHEPPARD WEST STATION,PUTWZ,35,0,N,YU,6021
8226,2025-04-27,16:08,Sunday,LANSDOWNE STATION,PUMEL,0,0,,BD,0
8251,2025-04-28,05:00,Monday,EGLINTON STATION,MUNCA,0,0,,YU,0
8276,2025-04-28,12:28,Monday,ST CLAIR STATION,PUOPO,7,12,S,YU,5421
8301,2025-04-28,17:55,Monday,SHEPPARD WEST STATION,MUIS,0,0,,YU,0
8326,2025-04-28,00:52,Monday,EGLINTON STATION,MUIRS,0,0,,YU,0
8351,2025-04-29,09:51,Tuesday,ROYAL YORK STATION,MUNCA,0,0,,BD,0
8376,2025-04-29,17:51,Tuesday,BLOOR STATION,MUIS,0,0,N,YU,0
8401,2025-04-29,21:35,Tuesday,UNION STATION,SUAP,0,0,S,YU,5936
8426,2025-04-30,06:07,Wednesday,KENNEDY BD STATION,PUSI,5,7,E,BD,5312
8451,2025-04-30,15:11,Wednesday,WARDEN STATION,SUO,0,0,E,BD,5121
8476,2025-04-30,23:00,Wednesday,YONGE UNIVERSITY LINE,MUCP,0,0,,YU,0
8501,2025-05-01,08:17,Thursday,YONGE BD STATION,MUIS,0,0,E,BD,0
8526,2025-05-01,15:58,Thursday,KING STATION,MUIR,6,10,N,YU,5716
8551,2025-05-01,23:00,Thursday,JANE TO OSSINGTON,MUCP,0,0,,BD,0
8576,2025-05-02,10:09,Friday,CHRISTIE STATION,SUDP,15,19,W,BD,5239
8601,2025-05-02,18:24,Friday,FINCH STATION (PLATFOR,EUDO,3,6,S,YU,5726
8626,2025-05-02,17:04,Friday,SHEPPARD-YONGE STATION,EUDO,3,8,E,SHP,6141
8651,2025-05-03,15:54,Saturday,KIPLING STATION,MUSC,0,0,E,BD,5078
8676,2025-05-03,01:58,Saturday,BLOOR STATION,MUPAA,0,0,N,YU,5911
8701,2025-05-04,12:10,Sunday,DUFFERIN STATION,EUSC,0,0,E,BD,5122
8726,2025-05-04,20:33,Sunday,CHESTER STATION,SUUT,4,9,E,BD,5059
8751,2025-05-05,03:51,Monday,VMC STATION,MUIS,0,0,,YU,0
8776,2025-05-05,13:52,Monday,ST PATRICK STATION,MUIR,21,25,S,YU,5671
8801,2025-05-05,22:26,Monday,WOODBINE STATION,MUIS,0,0,,BD,0
8826,2025-05-06,09:31,Tuesday,ISLINGTON STATION,TUSC,5,8,W,BD,5324
8851,2025-05-06,18:53,Tuesday,YORKDALE STATION,SUEAS,14,17,N,YU,5946
8876,2025-05-07,05:35,Wednesday,FINCH STATION,PUOPO,0,0,S,YU,5651
8901,2025-05-07,13:28,Wednesday,DUNDAS STATION,SUEAS,13,18,N,YU,5656
8926,2025-05-07,22:19,Wednesday,KING STATION,MUPAA,3,9,S,YU,6081
8951,2025-05-08,06:56,Thursday,DUNDAS STATION,SUPOL,0,0,N,YU,5631
8976,2025-05-08,15:19,Thursday,WELLESLEY STATION,SUAP,0,0,S,YU,5931
9001,2025-05-08,23:01,Thursday,LAWRENCE WEST STATION,MUIRS,0,0,,YU,0
9026,2025-05-09,11:00,Friday,ST GEORGE BD STATION,MUIRS,0,0,,BD,0
9051,2025-05-09,17:30,Friday,OSSINGTON STATION,MUNCA,0,0,,BD,0
9076,2025-05-09,22:11,Friday,BESSARION STATION,PUOPO,0,0,E,SHP,6191
9101,2025-05-10,12:25,Saturday,DUNDAS WEST STATION,TUSC,0,0,E,BD,5163
9126,2025-05-10,19:38,Saturday,MUSEUM STATION,PUOPO,5,9,N,YU,5896
9151,2025-05-11,07:50,Sunday,MUSEUM STATION,MUNCA,0,0,,YU,0
9176,2025-05-11,15:43,Sunday,WARDEN STATION,MUSC,0,0,E,BD,5268
9201,2025-05-11,22:00,Sunday,YONGE-UNIVERSITY AND B,MUO,0,0,,YU/BD,0
9226,2025-05-12,05:52,Monday,KENNEDY BD STATION,EUSC,0,0,W,BD,5189
9251,2025-05-12,12:39,Monday,ST PATRICK STATION,PUMEL,0,0,,YU,0
9276,2025-05-12,17:38,Monday,GLENCAIRN STATION,MUSAN,3,6,N,YU,6011
9301,2025-05-12,00:00,Monday,YONGE BD STATION,TUSC,0,0,E,BD,5113
9326,2025-05-13,10:30,Tuesday,ISLINGTON STATION,PUMEL,0,0,W,BD,0
9351,2025-05-13,20:15,Tuesday,KEELE STATION,MUSC,0,0,E,BD,5241
9376,2025-05-14,05:29,Wednesday,KENNEDY BD STATION,MUIRS,0,0,,BD,0
9401,2025-05-14,09:43,Wednesday,DONLANDS STATION,TUSC,0,0,W,BD,5305
9426,2025-05-14,17:35,Wednesday,DUNDAS STATION,MUNCA,0,0,S,YU,0
9451,2025-05-14,23:10,Wednesday,FINCH STATION,MUIS,0,0,,YU,0
9476,2025-05-15,08:17,Thursday,EGLINTON STATION,SUDP,0,0,N,YU,5961
9501,2025-05-15,14:08,Thursday,WARDEN STATION,EUNT,5,9,E,BD,5349
9526,2025-05-15,19:49,Thursday,SPADINA BD STATION,MUNCA,0,0,,BD,0
9551,2025-05-16,06:01,Friday,GREENWOOD STATION,TUNIP,8,0,E,BD,5110
9576,2025-05-16,12:49,Friday,SHEPPARD STATION,MUIRS,0,0,N,YU,0
9601,2025-05-16,18:57,Friday,VMC STATION PLATFORM 1,SUG,4,9,,YU,5916
9626,2025-05-16,01:09,Friday,PAPE STATION (APPROACH,EUSC,0,0,W,BD,5052
9651,2025-05-17,07:47,Saturday,VMC STATION,PUOPO,0,0,S,YU,5741
9676,2025-05-17,17:56,Saturday,KIPLING STATION,TUMVS,0,0,,BD,5129
9701,2025-05-18,02:24,Sunday,FINCH STATION PLATFORM,MUIS,0,0,S,YU,0
9726,2025-05-18,21:01,Sunday,ST PATRICK STATION,MUIS,0,0,,YU,0
9751,2025-05-19,07:25,Monday,ST CLAIR STATION,SUDP,0,0,,YU,0
9776,2025-05-19,22:22,Monday,ROSEDALE STATION,MUPAA,3,9,N,YU,6116
9801,2025-05-20,07:13,Tuesday,GREENWOOD STATION,MUCL,3,6,E,BD,5324
9826,2025-05-20,12:55,Tuesday,ST CLAIR STATION,SUO,0,0,,YU,0
9851,2025-05-20,18:34,Tuesday,ROYAL YORK STATION,SUUT,0,0,W,BD,5228
9876,2025-05-21,05:59,Wednesday,KING STATION,PUTR,9,0,S,YU,6126
9901,2025-05-21,13:20,Wednesday,KING STATION,PUMEL,0,0,S,YU,0
9926,2025-05-21,18:30,Wednesday,QUEEN'S PARK STATION,PUMST,0,0,,YU,0
9951,2025-05-21,23:30,Wednesday,OSSINGTON STATION,MUIRS,0,0,,BD,0
9976,2025-05-22,09:02,Thursday,FINCH STATION,SUDP,0,0,N,YU,6105
10001,2025-05-22,17:35,Thursday,WILSON STATION,EUYRD,3,5,S,YU,0
10026,2025-05-22,23:20,Thursday,EGLINTON WEST STATION,SUDP,10,16,N,YU,5811
10051,2025-05-23,11:44,Friday,BLOOR STATION,MUPAA,3,8,N,YU,5486
10076,2025-05-23,19:09,Friday,DONLANDS STATION,PUMEL,0,0,,BD,0
10101,2025-05-23,17:37,Friday,DON MILLS STATION (ENT,MUI,7,12,E,SHP,6156
10126,2025-05-24,14:25,Saturday,DUNDAS STATION,SUPOL,3,9,N,YU,5701
10151,2025-05-24,22:46,Saturday,DUNDAS WEST STATION,PUMST,0,0,W,BD,0
10176,2025-05-25,16:26,Sunday,WELLESLEY STATION,SUO,0,0,,YU,0
10201,2025-05-25,23:47,Sunday,BAYVIEW STATION,PUOPO,5,10,E,SHP,6141
10226,2025-05-26,13:43,Monday,FINCH STATION,MUIS,0,0,,YU,0
10251,2025-05-26,20:57,Monday,ST PATRICK STATION,PUMO,0,0,,YU,0
10276,2025-05-27,05:40,Tuesday,KIPLING STATION,TUNOA,0,0,E,BD,5371
10301,2025-05-27,14:32,Tuesday,KEELE STATION,MUSC,0,0,E,BD,5816
10326,2025-05-27,23:00,Tuesday,SHEPPARD STATION TO CO,MUCP,0,0,,YU,0
10351,2025-05-28,10:01,Wednesday,KEELE STATION,EUSC,0,0,E,BD,5020
10376,2025-05-28,16:39,Wednesday,VMC STATION - PLATFORM,MUIR,3,6,S,BD,6091
10401,2025-05-28,00:43,Wednesday,RUNNYMEDE STATION,MUDD,10,15,E,BD,5286
10426,2025-05-29,07:45,Thursday,CHESTER STATION,SUUT,0,0,E,BD,5312
10451,2025-05-29,14:39,Thursday,GLENCAIRN STATION,SUO,3,8,N,YU,5981
10476,2025-05-29,18:20,Thursday,COLLEGE STATION,SUAP,0,0,,YU,0
10501,2025-05-29,00:28,Thursday,FINCH STATION,MUIS,0,0,,YU,0
10526,2025-05-30,10:06,Friday,OSGOODE STATION,MUIS,0,0,,YU,0
10551,2025-05-30,16:16,Friday,ST CLAIR STATION,MUPAA,5,9,S,YU,5896
10576,2025-05-30,22:00,Friday,YONGE-UNIVERSITY AND B,MUO,0,0,,YUS/BD,0
10601,2025-05-31,07:41,Saturday,VMC STATION,PUOPO,0,0,S,YU,5406
10626,2025-05-31,17:15,Saturday,EGLINTON WEST STATION,MUPAA,6,10,S,YU,5801
10651,2025-05-31,00:40,Saturday,SHERBOURNE STATION,SUUT,7,13,W,BD,5360
10676,2025-06-01,10:36,Sunday,QUEEN'S PARK STATION,SUROB,0,0,,YU,0
10701,2025-06-01,00:06,Sunday,SPADINA YUS STATION,MUNCA,0,0,,YU,0
10726,2025-06-02,10:01,Monday,FINCH WEST STATION,MUIRS,0,0,,YU,0
10751,2025-06-02,17:14,Monday,WOODBINE STATION,MUIS,0,0,,BD,0
10776,2025-06-02,00:25,Monday,SPADINA BD STATION,MUIS,0,0,,BD,0
10801,2025-06-03,08:44,Tuesday,ST CLAIR STATION,MUDD,7,9,S,YU,5606
10826,2025-06-03,15:56,Tuesday,YONGE BD STATION,SUDP,4,7,E,BD,5334
10851,2025-06-04,05:30,Wednesday,FINCH STATION,PUOPO,0,0,S,YU,5591
10876,2025-06-04,11:35,Wednesday,FINCH STATION (PLATFOR,MUI,5,10,S,YU,5931
10901,2025-06-04,19:47,Wednesday,CHRISTIE STATION,SUPOL,5,9,E,BD,5074
10926,2025-06-05,02:41,Thursday,DAVISVILLE TRACK AND S,MUWR,0,0,,YU,0
10951,2025-06-05,12:46,Thursday,SHERBOURNE STATION,MUIS,0,0,,BD,0
10976,2025-06-05,21:22,Thursday,WARDEN STATION,TUSC,0,0,E,BD,5022
11001,2025-06-06,02:52,Friday,GREENWOOD YARD,PUTOE,0,0,,BD,0
11026,2025-06-06,12:17,Friday,EGLINTON STATION,SUDP,0,0,,YU,0
11051,2025-06-06,20:03,Friday,WELLESLEY STATION,MUIS,0,0,N,YU,5616
11076,2025-06-07,09:35,Saturday,GLENCAIRN STATION,SUDP,4,10,S,YU,5531
11101,2025-06-07,20:38,Saturday,SUMMERHILL STATION,SUDP,5,10,N,YU,5776
11126,2025-06-08,02:07,Sunday,WELLESLEY STATION,MUIS,0,0,,YU,0
11151,2025-06-08,18:53,Sunday,RUNNYMEDE STATION,SUO,0,0,,BD,0
11176,2025-06-09,07:05,Monday,KEELE STATION,MUSC,0,0,W,BD,5021
11201,2025-06-09,17:05,Monday,BAY STATION,MUIR,8,11,E,BD,5261
11226,2025-06-10,06:45,Tuesday,KIPLING STATION,MUIE,0,0,,BD,0
11251,2025-06-10,16:24,Tuesday,OSSINGTON STATION,MUPAA,0,0,W,BD,5204
11276,2025-06-10,00:38,Tuesday,DUNDAS STATION,SUUT,0,0,N,YU,0
11301,2025-06-11,13:30,Wednesday,DUNDAS WEST STATION,TUMVS,4,8,W,BD,5370
11326,2025-06-11,20:01,Wednesday,DOWNSVIEW PARK STATION,MUIR,6,8,N,YU,6126
11351,2025-06-12,05:32,Thursday,LAWRENCE WEST STATION,MUNCA,0,0,,YU,0
11376,2025-06-12,13:36,Thursday,NORTH YORK CTR STATION,SUO,0,0,,YU,0
11401,2025-06-12,18:23,Thursday,FINCH WEST STATION,MUIR,0,0,S,YU,5921
11426,2025-06-12,15:18,Thursday,DON MILLS STATION,TUMVS,0,0,E,SHP,6171
11451,2025-06-13,08:10,Friday,EGLINTON STATION,MUIRS,0,0,,YU,0
11476,2025-06-13,19:12,Friday,KIPLING STATION,TUKEY,0,0,E,BD,5370
11501,2025-06-13,01:59,Friday,ROSEDALE STATION,MUPAA,0,0,N,YU,5401
11526,2025-06-14,12:16,Saturday,EGLINTON STATION,MUIS,0,0,,YU,0
11551,2025-06-14,20:30,Saturday,HIGHWAY 407 STATION,MUESA,0,0,,YU,0
11576,2025-06-15,11:48,Sunday,SHEPPARD STATION,PUOPO,0,0,N,YU,0
11601,2025-06-15,21:31,Sunday,BLOOR STATION,MUIRS,0,0,,YU,0
11626,2025-06-16,06:53,Monday,CHESTER STATION,MUIR,0,0,W,BD,5210
11651,2025-06-16,14:56,Monday,ST ANDREW STATION,PUMST,0,0,,YU,0
11676,2025-06-16,23:02,Monday,GREENWOOD YARD,SUUT,0,0,E,BD,5316
11701,2025-06-17,11:29,Tuesday,ST GEORGE YUS STATION,PUMEL,0,0,,YU,0
11726,2025-06-17,17:43,Tuesday,BLOOR STATION,SUDP,5,8,N,YU,5492
11751,2025-06-18,07:37,Wednesday,QUEEN STATION,PUMEL,0,0,,YU,0
11776,2025-06-18,15:50,Wednesday,DANFORTH DIVISION,PUMO,0,0,,BD,0
11801,2025-06-18,01:01,Wednesday,PIONEER VILLAGE STATIO,SUO,0,0,,YU,0
11826,2025-06-19,14:17,Thursday,KING STATION,SUUT,0,0,S,YU,6011
11851,2025-06-19,23:30,Thursday,VICTORIA PARK STATION,SUO,0,0,W,BD,0
11876,2025-06-20,09:20,Friday,ISLINGTON STATION,MUSC,0,0,E,BD,5036
11901,2025-06-20,20:50,Friday,MUSEUM STATION,MUPAA,3,7,N,YU,5801
11926,2025-06-21,02:21,Saturday,MAIN STREET STATION,MUIS,0,0,,BD,0
11951,2025-06-21,14:40,Saturday,UNION STATION,PUMST,0,0,,YU,0
11976,2025-06-21,23:20,Saturday,UNION STATION,MUNCA,0,0,,YU,0
12001,2025-06-22,14:01,Sunday,WILSON STATION,PUMO,0,0,,YU,0
12026,2025-06-22,01:27,Sunday,DAVISVILLE STATION,MUTO,6,12,S,YU,5571
12051,2025-06-23,08:07,Monday,YONGE BD STATION,SUUT,0,0,W,BD,5143
12076,2025-06-23,15:46,Monday,EGLINTON STATION,MUNCA,0,0,,YU,0
12101,2025-06-23,22:05,Monday,BROADVIEW STATION,PUMST,0,0,,BD,0
12126,2025-06-24,07:03,Tuesday,KIPLING STATION,MUPAA,0,0,E,BD,5130
12151,2025-06-24,14:46,Tuesday,CHESTER STATION,SUDP,0,0,,BD,0
12176,2025-06-24,19:03,Tuesday,EGLINTON STATION,SUDP,0,0,N,YU,5461
12201,2025-06-24,01:17,Tuesday,KENNEDY BD STATION,MUIS,0,0,,BD,0
12226,2025-06-25,08:30,Wednesday,OLD MILL STATION,TUMVS,5,7,E,BD,5271
12251,2025-06-25,17:23,Wednesday,KING STATION,PUOPO,0,0,S,YU,5556
12276,2025-06-26,05:09,Thursday,KIPLING STATION,SUDP,0,0,,BD,0
12301,2025-06-26,11:05,Thursday,BATHURST STATION,MUPAA,3,7,W,BD,5200
12326,2025-06-26,18:26,Thursday,SPADINA BD STATION,SUAP,0,0,,BD,0
12351,2025-06-27,03:41,Friday,UNION STATION,MUNCA,0,0,,YU,0
12376,2025-06-27,09:26,Friday,CHRISTIE STATION,MUIRS,0,0,,BD,0
12401,2025-06-27,15:01,Friday,BROADVIEW STATION,MUSC,0,0,W,BD,5266
12426,2025-06-27,23:58,Friday,WARDEN STATION,SUDP,26,31,W,BD,5287
12451,2025-06-28,13:34,Saturday,WELLESLEY STATION,MUPAA,3,7,S,YU,5786
12476,2025-06-28,21:46,Saturday,YORKDALE STATION,SUDP,0,0,,YU,0
12501,2025-06-29,10:24,Sunday,SHEPPARD STATION,MUO,0,0,S,YU,6116
12526,2025-06-29,21:29,Sunday,DUPONT STATION,SUDP,12,18,S,YU,5646
12551,2025-06-30,08:13,Monday,KENNEDY BD STATION,PUMST,0,0,,BD,0
12576,2025-06-30,17:36,Monday,LANSDOWNE STATION,MUNCA,0,0,,BD,0
12601,2025-07-01,05:57,Tuesday,OSGOODE STATION,PUTR,4,0,S,YU,5521
12626,2025-07-01,16:35,Tuesday,YORK UNIVERSITY STATIO,MUNCA,0,0,,YU,0
12651,2025-07-01,01:17,Tuesday,SHEPPARD STATION,SUUT,0,0,S,YU,6046
12676,2025-07-02,10:24,Wednesday,DAVISVILLE STATION,MUIRS,0,0,N,YU,0
12701,2025-07-02,22:00,Wednesday,YONGE-UNIVERSITY AND B,MUO,0,0,,YU/BD,0
12726,2025-07-03,07:09,Thursday,CHESTER STATION,MUIS,0,0,E,BD,0
12751,2025-07-03,17:48,Thursday,QUEEN'S PARK STATION,MUIRS,0,0,,YU,0
12776,2025-07-04,06:07,Friday,KIPLING STATION,EUNT,3,6,W,BD,5135
12801,2025-07-04,14:26,Friday,WILSON STATION,PUMO,0,0,,YU,0
12826,2025-07-04,23:17,Friday,KEELE STATION (ENTERIN,SUDP,9,14,E,BD,5304
12851,2025-07-05,16:12,Saturday,PAPE STATION,MUI,24,29,E,BD,5214
12876,2025-07-05,01:52,Saturday,RUNNYMEDE STATION,MUIS,0,0,,BD,0
12901,2025-07-06,13:33,Sunday,VICTORIA PARK STATION,MUIRS,0,0,,BD,0
12926,2025-07-06,22:34,Sunday,OLD MILL STATION,SUO,0,0,E,BD,0
12951,2025-07-07,09:31,Monday,MAIN STREET STATION,EUSC,0,0,W,BD,5122
12976,2025-07-07,16:29,Monday,KING STATION,PUMEL,0,0,,YU,0
13001,2025-07-07,23:32,Monday,WILSON STATION,MUIS,0,0,,YU,0
13026,2025-07-08,10:55,Tuesday,ST GEORGE BD STATION,TUSC,0,0,W,BD,5371
13051,2025-07-08,18:30,Tuesday,DAVISVILLE STATION,TUNCA,0,0,,YU,0
13076,2025-07-08,05:53,Tuesday,LESLIE STATION,PUOPO,0,0,E,SHP,6141
13101,2025-07-09,09:21,Wednesday,SPADINA STATION,SUAE,0,0,W,BD,0
13126,2025-07-09,16:19,Wednesday,SHEPPARD WEST STATION,SUG,0,0,S,YU,0
13151,2025-07-09,22:07,Wednesday,RUNNYMEDE STATION,SUDP,3,8,W,BD,5371
13176,2025-07-10,08:16,Thursday,ST GEORGE YUS STATION,MUIRS,0,0,,YU,0
13201,2025-07-10,16:34,Thursday,ISLINGTON STATION,TUMVS,3,6,E,BD,5202
13226,2025-07-10,11:47,Thursday,DON MILLS STATION,MUO,0,0,,SHP,0
13251,2025-07-11,11:13,Friday,LAWRENCE STATION,SUO,21,26,S,YU,5656
13276,2025-07-11,17:11,Friday,DUNDAS WEST STATION,MUIS,0,0,E,BD,5655
13301,2025-07-11,23:47,Friday,BATHURST STATION,SUO,0,0,E,BD,0
13326,2025-07-12,06:23,Saturday,SHEPPARD WEST STATION,PUOPO,4,16,N,YU,5626
13351,2025-07-12,17:21,Saturday,SHERBOURNE STATION,SUAP,0,0,W,BD,5114
13376,2025-07-12,00:24,Saturday,YORKDALE STATION,SUDP,8,14,S,YU,6086
13401,2025-07-13,16:08,Sunday,YORK UNIVERSITY STATIO,PUMEL,0,0,,YU,0
13426,2025-07-13,22:56,Sunday,KENNEDY BD STATION [PL,MUIR,5,10,W,BD,5357
13451,2025-07-14,07:54,Monday,WILSON CARHOUSE,SUG,0,0,,YU,6083
13476,2025-07-14,17:43,Monday,EGLINTON STATION,MUPAA,0,0,N,YU,5511
13501,2025-07-15,02:07,Tuesday,OSSINGTON STATION,MUIS,0,0,W,BD,0
13526,2025-07-15,11:34,Tuesday,PAPE STATION,EUCD,4,8,W,BD,5009
13551,2025-07-15,20:38,Tuesday,BROADVIEW STATION,SUO,0,0,,BD,0
13576,2025-07-16,06:54,Wednesday,HIGH PARK STATION,EUTR,3,5,E,BD,5368
13601,2025-07-16,14:10,Wednesday,FINCH WEST STATION,PUOPO,5,10,N,YU,5461
13626,2025-07-16,18:10,Wednesday,OSGOODE STATION,MUNCA,0,0,,YU,0
13651,2025-07-16,01:07,Wednesday,KENNEDY BD STATION,MUSAN,5,10,E,BD,5177
13676,2025-07-17,09:03,Thursday,ST GEORGE BD STATION,MUIS,0,0,,BD,0
13701,2025-07-17,15:59,Thursday,OSSINGTON STATION,MUIR,7,10,W,BD,5529
13726,2025-07-17,19:29,Thursday,YORK MILLS STATION,MUIR,15,18,N,YU,6051
13751,2025-07-17,01:36,Thursday,ISLINGTON STATION,PUEO,3,8,W,BD,5361
13776,2025-07-18,11:22,Friday,NORTH YORK CTR STATION,PUOPO,5,10,S,YU,5791
13801,2025-07-18,18:30,Friday,ISLINGTON STATION,MUNCA,0,0,,BD,0
13826,2025-07-18,05:31,Friday,DON MILLS STATION,PUSSW,51,0,W,SHP,6166
13851,2025-07-19,10:47,Saturday,SHEPPARD STATION,MUPAA,0,0,N,YU,5441
13876,2025-07-19,20:54,Saturday,WARDEN STATION,SUDP,4,9,E,BD,5001
13901,2025-07-20,04:34,Sunday,FINCH STATION,SUDP,0,0,,YU,0
13926,2025-07-20,15:39,Sunday,OSSINGTON CENTRE TRACK,TUO,0,0,W,BD,5172
13951,2025-07-21,05:14,Monday,ST GEORGE TO SPADINA,PUSAC,0,0,N,YU,0
13976,2025-07-21,12:20,Monday,ST GEORGE YUS STATION,PUSAC,5,10,S,YU,5576
14001,2025-07-21,21:19,Monday,CASTLE FRANK STATION,PUMEL,0,0,,BD,0
14026,2025-07-22,06:16,Tuesday,DUNDAS WEST STATION,TUMVS,0,0,W,BD,5303
14051,2025-07-22,15:40,Tuesday,EGLINTON STATION,SUDP,0,0,,YU,0
14076,2025-07-22,22:42,Tuesday,DUNDAS WEST STATION,MUIRS,0,0,,BD,0
14101,2025-07-23,11:13,Wednesday,LAWRENCE WEST STATION,MUPAA,3,8,N,YU,5441
14126,2025-07-23,17:42,Wednesday,ST GEORGE YUS STATION,MUPAA,4,7,N,YU,5841
14151,2025-07-24,08:05,Thursday,ROSEDALE STATION,PUMO,0,0,,YU,0
14176,2025-07-24,17:03,Thursday,JANE STATION,SUAP,0,0,,BD,0
14201,2025-07-24,00:13,Thursday,SHEPPARD STATION,SUDP,4,10,N,YU,5876
14226,2025-07-25,11:44,Friday,COXWELL STATION,SUO,0,0,E,BD,0
14251,2025-07-25,20:13,Friday,PAPE STATION,SUDP,0,0,,BD,0
14276,2025-07-26,09:36,Saturday,DAVISVILLE STATION,SUAP,14,20,N,YU,5766
14301,2025-07-26,21:57,Saturday,ST CLAIR STATION,MUIR,8,14,S,YU,5896
14326,2025-07-27,13:26,Sunday,COXWELL STATION,TUSUP,4,9,W,BD,5250
14351,2025-07-27,01:16,Sunday,EGLINTON WEST STATION,EUVE,8,14,N,YU,5566
14376,2025-07-28,11:02,Monday,DONLANDS STATION,TUO,0,0,W,BD,5033
14401,2025-07-28,20:49,Monday,DUNDAS STATION,MUIE,0,0,,YU,0
14426,2025-07-29,10:08,Tuesday,KIPLING STATION,SUDP,0,0,,BD,0
14451,2025-07-29,18:35,Tuesday,HIGHWAY 407 STATION,PUOPO,4,7,S,YU,5956
14476,2025-07-29,01:24,Tuesday,VICTORIA PARK STATION,MUPAA,0,0,E,BD,5340
14501,2025-07-30,08:52,Wednesday,CHRISTIE STATION,MUPAA,0,0,N,BD,5541
14526,2025-07-30,12:26,Wednesday,DONLANDS STATION,PUSCR,5,9,W,BD,5121
14551,2025-07-30,15:43,Wednesday,WARDEN STATION,PUMEL,0,0,,BD,0
14576,2025-07-30,18:16,Wednesday,QUEEN STATION,PUOPO,0,0,S,YU,5826
14601,2025-07-30,22:58,Wednesday,DUPONT STATION,PUOPO,4,10,N,YU,6061
14626,2025-07-31,05:25,Thursday,OLD MILL STATION,MUNCA,0,0,,BD,0
14651,2025-07-31,10:39,Thursday,BATHURST STATION,MUNCA,0,0,,BD,0
14676,2025-07-31,15:29,Thursday,VICTORIA PARK STATION,MUIS,0,0,,BD,0
14701,2025-07-31,19:06,Thursday,KENNEDY BD STATION,MUSC,4,7,E,BD,5161
14726,2025-08-01,04:38,Friday,UNION STATION TO KING,PUTWZ,0,0,N,YU,0
14751,2025-08-01,08:36,Friday,ST CLAIR STATION,MUIE,0,0,,YU,0
14776,2025-08-01,12:00,Friday,ST GEORGE STATION,MUNCA,0,0,,YU,0
14801,2025-08-01,17:31,Friday,FINCH STATION (PLATFOR,MUI,3,6,S,YU,5856
14826,2025-08-01,23:18,Friday,EGLINTON WEST STATION,MUIR,6,12,N,YU,5726
14851,2025-08-02,05:45,Saturday,UNION STATION,TUNCA,0,0,,YU,0
14876,2025-08-02,11:00,Saturday,LAWRENCE STATION,TUNCA,0,0,,YU,0
14901,2025-08-02,16:25,Saturday,LAWRENCE WEST STATION,SUDP,15,19,N,YU,5391
14926,2025-08-02,11:00,Saturday,DON MILLS STATION,TUNCA,0,0,,SHP,0
14951,2025-08-03,11:00,Sunday,MAIN STREET STATION,TUNCA,0,0,,BD,0
14976,2025-08-03,14:38,Sunday,LAWRENCE STATION,MUPAA,0,0,N,YU,5671
15001,2025-08-03,11:00,Sunday,BAYVIEW STATION,TUNCA,0,0,,SHP,0
15026,2025-08-04,08:50,Monday,UNION STATION,TUNCA,0,0,,YU,0
15051,2025-08-04,19:01,Monday,GREENWOOD STATION (LEA,TUSC,0,0,W,BD,5048
15076,2025-08-05,06:31,Tuesday,SHEPPARD WEST STATION,PUOPO,4,9,N,YU,5886
15101,2025-08-05,10:47,Tuesday,BLOOR STATION,MUIRS,3,8,N,YU,5411
15126,2025-08-05,14:05,Tuesday,BROADVIEW STATION,TUNCA,0,0,,BD,0
15151,2025-08-05,23:02,Tuesday,UNION STATION,SUDP,0,0,N,YU,5821
15176,2025-08-06,07:00,Wednesday,DONLANDS STATION,TUNCA,0,0,,BD,0
15201,2025-08-06,11:47,Wednesday,GREENWOOD YARD,MUIS,0,0,,BD,0
15226,2025-08-06,18:20,Wednesday,SHERBOURNE STATION,TUNCA,0,0,,BD,0
15251,2025-08-06,01:54,Wednesday,SHEPPARD WEST STATION,MUIS,0,0,,YU,0
15276,2025-08-07,07:47,Thursday,KIPLING STATION,MUTO,3,5,E,BD,5062
15301,2025-08-07,11:55,Thursday,ROYAL YORK STATION,TUNCA,0,0,,BD,0
15326,2025-08-07,16:48,Thursday,BLOOR STATION,SUUT,6,10,S,YU,5416
15351,2025-08-07,21:37,Thursday,UNION STATION,MUIE,0,0,,YU,0
15376,2025-08-08,04:40,Friday,SHEPPARD WEST STATION,TUNCA,0,0,,YU,0
15401,2025-08-08,06:33,Friday,LAWRENCE WEST STATION,TUNCA,0,0,,YU,0
15426,2025-08-08,13:30,Friday,QUEEN STATION,TUNCA,0,0,,YU,0
15451,2025-08-08,18:40,Friday,LAWRENCE STATION,TUNCA,0,0,,YU,0
15476,2025-08-08,12:00,Friday,BAYVIEW STATION,TUNCA,0,0,,SHP,0
15501,2025-08-09,07:32,Saturday,KIPLING STATION,MUSC,0,0,W,BD,5147
15526,2025-08-09,11:07,Saturday,ST GEORGE YUS STATION,SUDP,0,0,S,YU,5446
15551,2025-08-09,15:21,Saturday,DONLANDS STATION,MUIRS,0,0,W,BD,0
15576,2025-08-09,23:48,Saturday,KENNEDY BD STATION,MUSAN,6,12,W,BD,5019
15601,2025-08-10,07:45,Sunday,DUNDAS WEST STATION,TUNCA,0,0,,BD,0
15626,2025-08-10,11:00,Sunday,BLOOR STATION,TUNCA,0,0,,YU,0
15651,2025-08-10,15:33,Sunday,SPADINA BD STATION,MUIRS,5,9,E,BD,5096
15676,2025-08-10,00:29,Sunday,YONGE BD STATION,SUDP,0,0,W,BD,0
15701,2025-08-11,07:50,Monday,ISLINGTON STATION,TUMVS,0,0,W,BD,5147
15726,2025-08-11,12:00,Monday,KEELE STATION,TUNCA,0,0,,BD,0
15751,2025-08-11,17:19,Monday,DAVISVILLE BUILD-UP,EUDO,3,6,S,YU,5501
15776,2025-08-11,22:40,Monday,KENNEDY BD STATION,MUIRS,0,0,,BD,0
15801,2025-08-12,06:28,Tuesday,FINCH STATION,PUOPO,0,0,N,YU,5391
15826,2025-08-12,12:00,Tuesday,NORTH YORK CENTRE STAT,TUNCA,0,0,,YU,0
15851,2025-08-12,16:44,Tuesday,CHESTER STATION,TUO,7,10,E,BD,5198
15876,2025-08-12,01:35,Tuesday,SHEPPARD WEST STATION,SUDP,0,0,S,YU,5956
15901,2025-08-13,07:01,Wednesday,WILSON STATION,PUTWZ,3,5,S,YU,0
15926,2025-08-13,08:53,Wednesday,BLOOR STATION,MUIR,4,7,S,YU,5696
15951,2025-08-13,13:26,Wednesday,OLD MILL STATION,TUOS,3,7,W,BD,5242
15976,2025-08-13,20:37,Wednesday,DUFFERIN STATION,EUDO,4,9,E,BD,5082
16001,2025-08-13,16:09,Wednesday,BESSARION STATION,EUDO,12,17,E,SHP,6146
16026,2025-08-14,08:45,Thursday,YORKDALE STATION,TUNCA,0,0,,YU,0
16051,2025-08-14,16:08,Thursday,ST GEORGE BD STATION,MUSAN,3,6,W,BD,5156
16076,2025-08-14,22:53,Thursday,CHESTER STATION,MUIS,0,0,,BD,0
16101,2025-08-15,05:45,Friday,WELLESLEY STATION,TUNCA,0,0,,YU,0
16126,2025-08-15,11:12,Friday,COXWELL STATION,TUSUP,5,9,W,BD,5113
16151,2025-08-15,16:01,Friday,EGLINTON STATION,MUIRS,0,0,,YU,0
16176,2025-08-15,21:58,Friday,BLOOR STATION,MUIRS,0,0,S,YU,0
16201,2025-08-16,03:35,Saturday,UNION STATION,TUNCA,0,0,,YU,0
16226,2025-08-16,11:00,Saturday,SHERBOURNE STATION,TUNCA,0,0,,BD,0
16251,2025-08-16,13:57,Saturday,DUNDAS STATION,SUDP,0,0,,YU,5815
16276,2025-08-16,22:10,Saturday,ST GEORGE YUS STATION,SUAE,0,0,N,YU,6056
16301,2025-08-17,07:30,Sunday,DUNDAS STATION,TUNCA,0,0,,YU,0
16326,2025-08-17,10:10,Sunday,DUFFERIN STATION,TUNCA,0,0,,BD,0
16351,2025-08-17,11:26,Sunday,YORK UNIVERSITY STATIO,MUPAA,0,0,N,YU,5821
16376,2025-08-17,14:31,Sunday,ST PATRICK STATION,EUDO,0,0,S,YU,6001
16401,2025-08-17,00:53,Sunday,GREENWOOD STATION,MUIS,0,0,W,BD,0
16426,2025-08-18,06:18,Monday,YORK MILLS STATION,TUO,6,10,S,YU,5806
16451,2025-08-18,11:45,Monday,SPADINA STATION,TUNCA,0,0,,BD,0
16476,2025-08-18,17:10,Monday,CHESTER STATION,MUIR,15,18,E,BD,5221
16501,2025-08-18,00:07,Monday,VMC STATION,MUSAN,6,12,S,YU,6106
16526,2025-08-19,07:40,Tuesday,KENNEDY BD STATION,TUNCA,0,0,,BD,0
16551,2025-08-19,12:00,Tuesday,BATHURST STATION,TUNCA,0,0,,BD,0
16576,2025-08-19,16:33,Tuesday,SPADINA BD STATION,MUIS,0,0,,BD,0
16601,2025-08-19,20:24,Tuesday,MCDONALD CARTIER EE,SUO,0,0,,YU,0
16626,2025-08-19,05:45,Tuesday,DON MILLS STATION,TUNCA,0,0,,SHP,0
16651,2025-08-20,11:51,Wednesday,CASTLE FRANK STATION,MUIS,0,0,,YU,0
16676,2025-08-20,22:08,Wednesday,EGLINTON STATION,MUIR,3,9,N,BD,5576
16701,2025-08-21,07:16,Thursday,SHERBOURNE STATION,SUDP,0,0,,BD,0
16726,2025-08-21,17:12,Thursday,ST CLAIR STATION,SUDP,6,10,S,YU,5656
16751,2025-08-21,01:24,Thursday,DUNDAS STATION,PUSAC,6,12,N,YU,5541
16776,2025-08-22,14:30,Friday,LAWRENCE STATION,MUPAA,10,14,S,YU,5626
16801,2025-08-22,00:20,Friday,KING STATION,PUOPO,0,0,S,YU,5891
16826,2025-08-23,05:25,Saturday,BROADVIEW STATION,TUNCA,0,0,,BD,0
16851,2025-08-23,11:00,Saturday,LAWRENCE STATION,TUNCA,0,0,,YU,0
16876,2025-08-23,15:56,Saturday,KIPLING STATION (PLATF,MUTO,4,8,E,BD,5017
16901,2025-08-23,21:34,Saturday,EGLINTON STATION,TUATC,0,0,N,YU,6046
16926,2025-08-24,02:01,Sunday,ST ANDREW STATION,PUTO,8,14,N,YU,6041
16951,2025-08-24,11:00,Sunday,RUNNYMEDE STATION,TUNCA,0,0,,BD,0
16976,2025-08-24,17:10,Sunday,DUNDAS STATION,SUUT,6,10,S,YU,6091
17001,2025-08-24,01:42,Sunday,SHEPPARD WEST STATION,MUIS,0,0,S,YU,0
17026,2025-08-25,14:06,Monday,CHESTER STATION,MUIR,21,25,E,BD,5261
17051,2025-08-25,22:00,Monday,YONGE-UNIVERSITY AND B,MUO,0,0,,YU/BD,0
17076,2025-08-26,08:51,Tuesday,KEELE STATION,TUMVS,3,5,W,BD,5046
17101,2025-08-26,16:50,Tuesday,WELLESLEY STATION,MUIS,0,0,S,YU,0
17126,2025-08-26,01:17,Tuesday,DAVISVILLE STATION,PUTO,6,12,S,YU,6021
17151,2025-08-27,11:18,Wednesday,COXWELL STATION,MUPAA,0,0,E,BD,5273
17176,2025-08-27,22:43,Wednesday,ST CLAIR STATION,MUIR,6,12,N,YU,5621
17201,2025-08-28,08:35,Thursday,ISLINGTON STATION,TUO,3,5,W,BD,5335
17226,2025-08-28,18:52,Thursday,FINCH STATION,MUO,0,0,,YU,0
17251,2025-08-29,05:55,Friday,KING STATION,PUTR,6,0,S,YU,5836
17276,2025-08-29,15:26,Friday,BLOOR STATION,SUUT,3,7,N,YU,5996
17301,2025-08-29,21:56,Friday,QUEEN'S PARK STATION,PUSAC,6,12,S,YU,5936
17326,2025-08-30,05:45,Saturday,BROADVIEW STATION,TUNCA,0,0,,BD,0
17351,2025-08-30,12:19,Saturday,RUNNYMEDE STATION,SUDP,3,7,W,BD,5148
17376,2025-08-30,22:55,Saturday,RUNNYMEDE STATION,MUIS,0,0,,BD,0
17401,2025-08-31,08:48,Sunday,DUNDAS STATION,SUDP,0,0,S,YU,0
17426,2025-08-31,20:28,Sunday,COLLEGE STATION,SUSA,0,0,N,YU,6086
17451,2025-09-01,10:35,Monday,COXWELL STATION,MUPAA,0,0,W,BD,5039
17476,2025-09-02,02:00,Tuesday,FINCH STATION,SUDP,0,0,,YU,0
17501,2025-09-02,13:28,Tuesday,KENNEDY BD STATION,TUO,0,0,E,BD,5359
17526,2025-09-02,22:41,Tuesday,KEELE STATION,PUSTS,4,9,E,BD,5100
17551,2025-09-03,09:42,Wednesday,KEELE STATION,EUSC,0,0,W,BD,5262
17576,2025-09-03,18:27,Wednesday,KING STATION,PUOPO,0,0,S,YU,5731
17601,2025-09-03,00:50,Wednesday,ISLINGTON STATION,MUPAA,4,9,W,BD,5294
17626,2025-09-04,09:52,Thursday,CHRISTIE STATION,MUIS,0,0,,BD,0
17651,2025-09-04,16:50,Thursday,KEELE STATION,MUSC,0,0,E,BD,5667
17676,2025-09-04,23:50,Thursday,CHRISTIE STATION,MUPAA,4,9,E,BD,5231
17701,2025-09-05,14:06,Friday,BROADVIEW STATION,MUPAA,0,0,E,BD,5147
17726,2025-09-05,20:08,Friday,DUNDAS WEST STATION,SUDP,0,0,E,BD,0
17751,2025-09-05,01:33,Friday,OSGOODE STATION,MUSAN,3,6,N,YU,5611
17776,2025-09-06,13:37,Saturday,DUNDAS WEST STATION,PUMEL,0,0,,BD,0
17801,2025-09-06,23:25,Saturday,JANE STATION,SUDP,0,0,,BD,0
17826,2025-09-07,15:17,Sunday,ROSEDALE STATION,TUO,6,10,N,YU,5766
17851,2025-09-08,03:11,Monday,COLLEGE STATION,SUUT,0,0,N,YU,0
17876,2025-09-08,14:23,Monday,COXWELL STATION,MUPAA,0,0,E,BD,5294
17901,2025-09-09,06:23,Tuesday,GREENWOOD YARD,TUMVS,0,0,W,BD,5020
17926,2025-09-09,15:56,Tuesday,BROADVIEW STATION,EUPI,8,11,E,BD,5302
17951,2025-09-09,22:34,Tuesday,SHEPPARD WEST STATION,MUIS,0,0,,YU,0
17976,2025-09-10,08:01,Wednesday,KENNEDY BD STATION,EUBK,3,5,W,BD,5177
18001,2025-09-10,15:47,Wednesday,FINCH STATION PLATFORM,SUAP,17,21,S,YU,5796
18026,2025-09-10,23:23,Wednesday,ST CLAIR WEST STATION,MUIR,3,9,S,YU,5561
18051,2025-09-11,10:32,Thursday,FINCH STATION,SUDP,0,0,N,YU,5581
18076,2025-09-11,19:19,Thursday,SHERBOURNE STATION,PUMEL,0,0,,BD,0
18101,2025-09-12,08:29,Friday,BLOOR STATION,SUO,0,0,S,YU,5636
18126,2025-09-12,16:52,Friday,YONGE BD STATION,MUPAA,0,0,W,BD,5099
18151,2025-09-12,23:46,Friday,YONGE BD STATION,SUO,0,0,,BD,0
18176,2025-09-13,11:14,Saturday,EGLINTON STATION,MUSAN,4,8,N,YU,5566
18201,2025-09-13,20:45,Saturday,DUFFERIN STATION,PUSRA,6,11,E,BD,5293
18226,2025-09-14,12:04,Sunday,ROYAL YORK STATION,MUIS,6,10,E,BD,5192
18251,2025-09-15,05:31,Monday,FINCH STATION,PUOPO,0,0,S,YU,5411
18276,2025-09-15,14:38,Monday,EGLINTON STATION,SUAE,0,0,,YU,0
18301,2025-09-15,18:52,Monday,DONLANDS STATION,MUIS,0,0,,BD,0
18326,2025-09-16,04:19,Tuesday,VICTORIA PARK STATION,EUVE,0,0,W,BD,6
18351,2025-09-16,11:00,Tuesday,WOODBINE STATION,MUPAA,0,0,W,BD,5213
18376,2025-09-16,21:18,Tuesday,ISLINGTON STATION,SUDP,0,0,W,BD,0
18401,2025-09-17,07:06,Wednesday,GREENWOOD YARD,MUSC,0,0,W,BD,5064
18426,2025-09-17,19:04,Wednesday,YONGE BD STATION,SUO,0,0,E,BD,5330
18451,2025-09-18,04:30,Thursday,VMC STATION,SUDP,0,0,,YU,0
18476,2025-09-18,11:30,Thursday,DUFFERIN STATION,PUMEL,0,0,,BD,0
18501,2025-09-18,19:20,Thursday,FINCH STATION,MUIS,0,0,,YU,0
18526,2025-09-19,05:40,Friday,CASTLE FRANK STATION,TUNCA,0,0,,BD,0
18551,2025-09-19,15:53,Friday,FINCH STATION,SUDP,0,0,,YU,0
18576,2025-09-19,00:21,Friday,FINCH STATION,MUIS,0,0,,YU,0
18601,2025-09-20,17:17,Saturday,EGLINTON WEST STATION,PUMEL,0,0,,YU,0
18626,2025-09-20,01:23,Saturday,DAVISVILLE STATION,SUDP,0,0,S,YU,0
18651,2025-09-21,14:45,Sunday,UNION STATION,SUDP,3,7,N,YU,5776
18676,2025-09-21,22:45,Sunday,WARDEN STATION,MUIR,4,10,E,BD,5056
18701,2025-09-22,10:46,Monday,CHRISTIE STATION,MUD,6,11,W,BD,5308
18726,2025-09-22,20:16,Monday,KENNEDY BD STATION,MUIR,0,0,W,BD,5290
18751,2025-09-23,11:43,Tuesday,BATHURST STATION,MUIR,4,8,E,BD,5334
18776,2025-09-23,22:00,Tuesday,YONGE-UNIVERSITY AND B,MUO,0,0,,YU/BD,0
18801,2025-09-24,10:51,Wednesday,KEELE STATION,MUSC,0,0,W,BD,5256
18826,2025-09-24,18:05,Wednesday,LAWRENCE WEST STATION,PUOPO,4,6,S,YU,5866
18851,2025-09-24,00:47,Wednesday,ST GEORGE YUS STATION,MUIS,0,0,S,YU,0
18876,2025-09-25,09:25,Thursday,KING STATION,MUPAA,5,7,S,YU,5586
18901,2025-09-25,14:48,Thursday,BLOOR STATION,PUMST,0,0,,YU,0
18926,2025-09-25,22:14,Thursday,LAWRENCE STATION,PUMEL,0,0,,YU,0
18951,2025-09-26,06:32,Friday,KENNEDY BD STATION,MUIS,0,0,,BD,0
18976,2025-09-26,13:11,Friday,ISLINGTON STATION,PUMST,0,0,,BD,0
19001,2025-09-26,23:36,Friday,FINCH STATION,MUIS,0,0,,YU,0
19026,2025-09-27,12:32,Saturday,BLOOR STATION,SUDP,5,9,S,YU,5861
19051,2025-09-27,21:58,Saturday,UNION STATION,MUIR,18,24,N,YU,5841
19076,2025-09-28,08:15,Sunday,VICTORIA PARK STATION,PUSI,5,10,W,BD,5308
19101,2025-09-28,21:05,Sunday,HIGHWAY 407 STATION,MUPAA,0,0,N,YU,5736
19126,2025-09-29,08:04,Monday,DUNDAS WEST STATION,MUDD,3,5,E,BD,5142
19151,2025-09-29,16:19,Monday,DUNDAS STATION,MUIRS,0,0,,YU,0
19176,2025-09-29,23:59,Monday,ST GEORGE STATION - OS,MUCP,0,0,,BD,0
19201,2025-09-30,09:25,Tuesday,FINCH WEST STATION,PUOPO,7,11,N,YU,5941
19226,2025-09-30,17:06,Tuesday,COXWELL STATION,MUIR,0,0,E,BD,5178
19251,2025-09-30,00:41,Tuesday,BROADVIEW STATION,SUO,0,0,,BD,0
19276,2025-10-01,12:43,Wednesday,MAIN STREET STATION,SUO,0,0,,BD,0
19301,2025-10-01,19:35,Wednesday,YONGE BD STATION,SUAE,8,11,W,BD,5342
19326,2025-10-01,01:47,Wednesday,WOODBINE STATION,SUDP,0,0,W,BD,0
19351,2025-10-02,10:47,Thursday,DUNDAS WEST STATION,MUIS,0,0,,BD,0
19376,2025-10-02,17:41,Thursday,ST GEORGE BD STATION,MUPAA,0,0,E,BD,5213
19401,2025-10-02,01:02,Thursday,WOODBINE STATION,SUPOL,0,0,E,BD,5130
19426,2025-10-03,11:31,Friday,SUMMERHILL STATION,MUIR,6,11,N,YU,5626
19451,2025-10-03,16:50,Friday,BATHURST STATION,PUMST,0,0,,BD,0
19476,2025-10-03,01:53,Friday,KIPLING STATION,MUIRS,0,0,,BD,0
19501,2025-10-04,13:41,Saturday,KIPLING STATION,MUIS,0,0,,BD,0
19526,2025-10-04,21:40,Saturday,DUNDAS STATION,MUIS,0,0,S,YUS/BD,0
19551,2025-10-05,13:11,Sunday,VMC STATION,EUBK,3,7,S,YU,5736
19576,2025-10-05,20:51,Sunday,VMC STATION,MUSAN,6,11,S,YU,5946
19601,2025-10-06,08:45,Monday,WILSON STATION,PUMEL,0,0,,YU,0
19626,2025-10-06,19:10,Monday,ISLINGTON STATION,PUMEL,0,0,,BD,0
19651,2025-10-07,07:52,Tuesday,BROADVIEW STATION,SUAP,6,8,E,BD,5304
19676,2025-10-07,16:38,Tuesday,ROYAL YORK STATION,TUSC,0,0,E,BD,5297
19701,2025-10-07,02:12,Tuesday,LESLIE STATION,EUSC,0,0,W,SHP,6186
19726,2025-10-08,09:20,Wednesday,OLD MILL STATION,TUSC,0,0,W,BD,5060
19751,2025-10-08,16:47,Wednesday,DAVISVILLE STATION,MUO,6,10,N,YU,5916
19776,2025-10-08,23:59,Wednesday,DUNDAS STATION,SUO,0,0,,YU,0
19801,2025-10-09,10:50,Thursday,ST GEORGE BD STATION,MUIS,0,0,E,BD,0
19826,2025-10-09,20:12,Thursday,SPADINA BD STATION,SUO,0,0,W,BD,5189
19851,2025-10-10,05:34,Friday,WELLESLEY STATION,TUNCA,0,0,,YU,0
19876,2025-10-10,13:03,Friday,DUNDAS STATION,PUMEL,0,0,,YU,0
19901,2025-10-10,21:54,Friday,KIPLING STATION,MUSC,0,0,W,BD,5066
19926,2025-10-11,13:05,Saturday,ROSEDALE STATION,MUFS,0,0,N,YU,6106
19951,2025-10-11,00:49,Saturday,KIPLING STATION,MUI,6,12,E,BD,5058
19976,2025-10-12,17:05,Sunday,ROYAL YORK STATION,SUUT,10,14,W,BD,5238
20001,2025-10-13,04:24,Monday,ISLINGTON STATION,SUG,0,0,W,BD,0
20026,2025-10-13,17:35,Monday,SHEPPARD WEST STATION,SUO,0,0,,YU,0
20051,2025-10-14,07:34,Tuesday,YONGE BD STATION,SUDP,0,0,,BD,0
20076,2025-10-14,13:44,Tuesday,KENNEDY BD STATION,MUDD,4,7,W,BD,5281
20101,2025-10-14,01:40,Tuesday,KIPLING STATION - PLAT,MUI,0,0,E,BD,5162
20126,2025-10-15,09:43,Wednesday,YORK MILLS STATION,MUIR,0,0,N,YU,5826
20151,2025-10-15,16:19,Wednesday,YORK MILLS STATION,PUSCA,11,15,S,YU,5676
20176,2025-10-15,07:23,Wednesday,SHEPPARD-YONGE STATION,MUSC,0,0,W,SHP,6156
20201,2025-10-16,10:12,Thursday,COLLEGE STATION,SUDP,0,0,N,YU,5581
20226,2025-10-16,20:05,Thursday,SHEPPARD STATION,SUO,19,23,S,YU,5866
20251,2025-10-17,04:53,Friday,DOWNSVIEW PARK STATION,MUFS,0,0,N,YU,0
20276,2025-10-17,10:33,Friday,RUNNYMEDE STATION,TUSC,0,0,W,BD,5203
20301,2025-10-17,17:18,Friday,VMC STATION - PLAT 2,MUIR,3,6,S,YU,5486
20326,2025-10-17,21:42,Friday,DAVISVILLE STATION,MUPAA,5,10,S,YU,5676
20351,2025-10-18,07:50,Saturday,OSSINGTON STATION,TUS,5,10,W,BD,5062
20376,2025-10-18,18:54,Saturday,YONGE BD STATION,SUAP,0,0,W,BD,5187
20401,2025-10-19,08:12,Sunday,KEELE STATION,MUO,4,8,W,BD,5189
20426,2025-10-19,16:37,Sunday,BLOOR STATION,SUDP,4,8,N,YU,5986
20451,2025-10-19,09:11,Sunday,SHEPPARD-YONGE STATION,MUSC,0,0,E,SHP,6161
20476,2025-10-20,10:47,Monday,BLOOR STATION,SUDP,0,0,S,YU,0
20501,2025-10-20,18:25,Monday,SHEPPARD STATION,MUIS,0,0,,YU,0
20526,2025-10-21,05:58,Tuesday,DAVISVILLE STATION,EUVE,15,20,N,YU,5526
20551,2025-10-21,14:31,Tuesday,VMC STATION,MUSAN,4,8,S,YU,5461
20576,2025-10-21,19:28,Tuesday,YONGE BD STATION,SUO,4,7,W,BD,5357
20601,2025-10-21,18:04,Tuesday,SHEPPARD-YONGE STATION,TUO,8,13,E,SHP,6171
20626,2025-10-22,16:26,Wednesday,CASTLE FRANK STATION,MUIRS,0,0,,BD,0
20651,2025-10-22,00:41,Wednesday,FINCH PLATFORM 2,MUDD,0,0,S,YU,5991
20676,2025-10-23,13:29,Thursday,YORKDALE STATION,PUOPO,5,9,S,YU,5656
20701,2025-10-23,20:55,Thursday,BAY STATION,EUME,5,9,W,BD,5001
20726,2025-10-24,07:21,Friday,BROADVIEW STATION,MUIS,0,0,W,BD,5102
20751,2025-10-24,15:34,Friday,GREENWOOD STATION,MUIRS,0,0,E,BD,0
20776,2025-10-24,22:30,Friday,YORK MILLS STATION,SUUT,0,0,S,YU,5406
20801,2025-10-25,06:13,Saturday,DOWNSVIEW PARK STATION,PUOPO,12,24,N,YU,5426
20826,2025-10-25,19:17,Saturday,SPADINA BD STATION,MUIRS,0,0,,BD,0
20851,2025-10-25,05:32,Saturday,SHEPPARD-YONGE STATION,PUOPO,0,0,E,SHP,6171
20876,2025-10-26,14:15,Sunday,KING STATION,SUO,0,0,N,YU,5536
20901,2025-10-27,06:28,Monday,KENNEDY BD STATION,MUSC,0,0,W,BD,5357
20926,2025-10-27,13:41,Monday,COLLEGE STATION,MUIRS,0,0,,YU,0
20951,2025-10-27,21:31,Monday,QUEEN STATION,SUO,0,0,N,YU,0
20976,2025-10-28,07:26,Tuesday,YORK MILLS STATION,TUOS,3,6,S,YU,5391
21001,2025-10-28,16:15,Tuesday,BAY STATION,MUIE,0,0,,BD,0
21026,2025-10-28,22:00,Tuesday,YONGE-UNIVERSITY AND B,MUO,0,0,,YU/BD,0
21051,2025-10-29,09:13,Wednesday,KIPLING STATION,MUIE,0,0,,BD,0
21076,2025-10-29,17:40,Wednesday,PAPE STATION,SUDP,5,8,E,BD,5210
21101,2025-10-29,01:31,Wednesday,PIONEER VILLAGE STATIO,MUIRS,0,0,,YU,0
21126,2025-10-30,11:03,Thursday,WOODBINE STATION,MUSAN,5,8,E,BD,5370
21151,2025-10-30,16:21,Thursday,KING STATION,PUMST,0,0,,YU,0
21176,2025-10-30,21:04,Thursday,EGLINTON STATION,PUMEL,0,0,,YU,0
21201,2025-10-31,07:09,Friday,ST CLAIR STATION,PUOPO,8,10,S,YU,5951
21226,2025-10-31,14:19,Friday,WARDEN STATION,TUCC,9,12,E,BD,5242
21251,2025-10-31,21:28,Friday,PAPE STATION,SUO,0,0,W,BD,5116
21276,2025-10-31,01:46,Friday,WARDEN STATION,SUUT,0,0,E,BD,5346
21301,2025-11-01,11:45,Saturday,ISLINGTON STATION,MUIS,0,0,,BD,0
21326,2025-11-01,00:58,Saturday,KENNEDY BD STATION,MUIR,0,0,W,BD,5356
21351,2025-11-02,17:18,Sunday,DUNDAS STATION,MUO,3,7,S,YU,5791
21376,2025-11-03,02:25,Monday,VMC STATION,MUIS,0,0,,YU,0
21401,2025-11-03,12:00,Monday,QUEEN'S PARK STATION,SUO,0,0,S,YU,0
21426,2025-11-03,16:52,Monday,YONGE BD STATION,SUO,2,9,E,BD,5128
21451,2025-11-03,23:19,Monday,GREENWOOD YARD,SUO,0,0,,BD,0
21476,2025-11-04,08:31,Tuesday,ST CLAIR STATION,MUO,0,0,S,YU,5736
21501,2025-11-04,16:13,Tuesday,DUNDAS STATION W/S,SUDP,0,0,S,YU,0
21526,2025-11-04,22:45,Tuesday,BAY STATION,MUDD,4,9,E,BD,5205
21551,2025-11-05,10:41,Wednesday,OLD MILL STATION,MUIS,0,0,,BD,0
21576,2025-11-05,15:13,Wednesday,MAIN STREET STATION,MUIRS,0,0,E,BD,0
21601,2025-11-05,21:59,Wednesday,KENNEDY BD STATION - P,SUDP,0,0,W,BD,5048
21626,2025-11-06,07:09,Thursday,OSSINGTON STATION,PUSI,0,0,W,BD,5181
21651,2025-11-06,14:40,Thursday,KING STATION,MUIE,0,0,,YU,0
21676,2025-11-06,22:00,Thursday,YONGE-UNIVERSITY AND B,MUO,0,0,,YUS/BD,0
21701,2025-11-07,07:03,Friday,OSSINGTON STATION,PUSI,7,9,W,BD,5309
21726,2025-11-07,13:45,Friday,DUNDAS STATION,SUUT,7,12,N,YU,5676
21751,2025-11-07,21:07,Friday,WARDEN STATION,TUO,8,12,W,BD,5275
21776,2025-11-08,05:44,Saturday,GREENWOOD STATION,MUO,20,0,E,BD,5312
21801,2025-11-08,11:23,Saturday,ST CLAIR WEST STATION,SUDP,0,0,,YU,0
21826,2025-11-08,18:11,Saturday,EGLINTON WEST STATION,MUPAA,3,9,N,YU,5786
21851,2025-11-08,22:48,Saturday,FINCH STATION,MUIS,0,0,,YU,0
21876,2025-11-09,10:36,Sunday,ST ANDREW STATION,SUDP,0,0,N,YU,5644
21901,2025-11-09,19:12,Sunday,CHRISTIE STATION,SUUT,20,24,W,BD,5008
21926,2025-11-09,22:03,Sunday,SHEPPARD-YONGE STATION,MUIR,5,10,W,SHP,6186
21951,2025-11-10,07:44,Monday,WOODBINE STATION,MUSC,0,0,W,BD,5343
21976,2025-11-10,11:59,Monday,LAWRENCE STATION,MUPAA,0,0,N,YU,5956
22001,2025-11-10,17:04,Monday,BROADVIEW STATION,SUAP,0,0,W,BD,5123
22026,2025-11-10,23:27,Monday,SHEPPARD STATION,MUIS,0,0,,YU,0
22051,2025-11-11,10:04,Tuesday,MAIN STREET STATION,MUIS,0,0,,BD,0
22076,2025-11-11,18:34,Tuesday,COXWELL STATION,MUPAA,0,0,W,BD,5158
22101,2025-11-11,00:35,Tuesday,YONGE BD STATION,MUIRS,0,0,W,BD,0
22126,2025-11-12,10:38,Wednesday,BAY STATION,MUIR,13,16,E,BD,5018
22151,2025-11-12,16:23,Wednesday,BLOOR STATION,MUPAA,4,8,N,YU,5911
22176,2025-11-12,23:32,Wednesday,MUSEUM STATION,PUOPO,0,0,S,YU,5771
22201,2025-11-13,06:27,Thursday,EGLINTON STATION,MUIE,0,0,,YU,7211
22226,2025-11-13,12:38,Thursday,KENNEDY BD STATION,MUSC,0,0,W,BD,5241
22251,2025-11-13,21:27,Thursday,YONGE BD STATION,SUAP,0,0,E,BD,5022
22276,2025-11-14,09:12,Friday,ISLINGTON STATION,MUSAN,3,5,E,BD,5296
22301,2025-11-14,20:30,Friday,SHEPPARD WEST STATION,SUUT,0,0,N,YU,5811
22326,2025-11-15,08:34,Saturday,NORTH YORK CTR STATION,PUOPO,0,0,N,YU,5721
22351,2025-11-15,17:34,Saturday,ST GEORGE BD STATION,PUMEL,0,0,,BD,0
22376,2025-11-15,01:10,Saturday,VMC STATION - PLAT 1,MUIR,0,0,S,YU,5696
22401,2025-11-16,11:51,Sunday,JANE STATION,MUIRS,0,0,,BD,0
22426,2025-11-16,20:04,Sunday,SPADINA YUS STATION,SUDP,0,0,N,YU,5541
22451,2025-11-17,05:40,Monday,KIPLING STATION,PUTR,23,0,E,BD,5115
22476,2025-11-17,12:27,Monday,EGLINTON STATION,MUIR,8,11,N,YU,5961
22501,2025-11-17,18:51,Monday,FINCH STATION,MUIS,0,0,,YU,0
22526,2025-11-17,01:30,Monday,SHEPPARD WEST STATION,SUDP,23,28,S,YU,5946
22551,2025-11-18,15:23,Tuesday,ST CLAIR WEST STATION,MUIS,0,0,,YU,0
22576,2025-11-18,21:14,Tuesday,BLOOR STATION,SUSA,0,0,S,YU,5571
22601,2025-11-19,06:30,Wednesday,HIGHWAY 407 STATION,PUOPO,3,5,S,YU,5991
22626,2025-11-19,16:22,Wednesday,OSSINGTON STATION,PUMEL,0,0,,BD,0
22651,2025-11-19,20:56,Wednesday,OSGOODE STATION,TUATC,3,6,N,YU,5931
22676,2025-11-20,05:44,Thursday,HIGH PARK STATION,EUDO,6,0,W,BD,5220
22701,2025-11-20,15:42,Thursday,DONLANDS STATION,EUOE,4,7,W,BD,5006
22726,2025-11-20,21:51,Thursday,DUNDAS WEST STATION,EUSC,0,0,W,BD,5300
22751,2025-11-21,06:43,Friday,BATHURST STATION,SUDP,0,0,,BD,0
22776,2025-11-21,13:14,Friday,KENNEDY BD STATION,MUTO,6,9,W,BD,5142
22801,2025-11-21,19:28,Friday,VMC STATION- PLAT 1,SUDP,3,6,S,YU,5921
22826,2025-11-22,02:01,Saturday,PIONEER VILLAGE STATIO,SUDP,0,0,,YU,0
22851,2025-11-22,15:16,Saturday,LAWRENCE STATION,PUOPO,3,6,N,YU,5396
22876,2025-11-22,00:58,Saturday,DUPONT STATION,TUATC,0,0,N,YU,5911
22901,2025-11-23,17:37,Sunday,KENNEDY BD STATION,SUAE,4,8,E,BD,5101
22926,2025-11-24,02:04,Monday,SHEPPARD WEST STATION,SUO,0,0,,YU,0
22951,2025-11-24,07:45,Monday,WARDEN STATION,MUSC,0,0,E,BD,5177
22976,2025-11-24,11:29,Monday,DUFFERIN STATION,SUO,0,0,,BD,0
23001,2025-11-24,18:55,Monday,ST ANDREW STATION,SUAP,0,0,S,YU,5701
23026,2025-11-25,03:12,Tuesday,ST. GEORGE STATION,PUMO,0,0,,YU,0
23051,2025-11-25,13:57,Tuesday,DUNDAS WEST STATION,SUDP,0,0,,BD,0
23076,2025-11-25,17:47,Tuesday,SUMMERHILL STATION,MUIRS,0,0,,YU,0
23101,2025-11-25,23:56,Tuesday,SHEPPARD STATION,TUO,5,10,S,YU,5591
23126,2025-11-26,08:12,Wednesday,WARDEN STATION,MUIS,0,0,E,BD,5149
23151,2025-11-26,15:06,Wednesday,YORK MILLS STATION,SUUT,0,0,N,YU,5576
23176,2025-11-26,18:41,Wednesday,FINCH STATION,PUOPO,0,0,S,YU,5571
23201,2025-11-26,00:04,Wednesday,WARDEN STATION,MUIS,0,0,,BD,0
23226,2025-11-27,07:48,Thursday,BLOOR STATION,MUIS,0,0,N,YU,0
23251,2025-11-27,13:29,Thursday,HIGH PARK STATION,MUSC,0,0,W,BD,5288
23276,2025-11-27,17:46,Thursday,COXWELL STATION,MUIR,0,0,E,BD,5332
23301,2025-11-27,23:29,Thursday,YONGE BD STATION,SUDP,0,0,E,BD,5311
23326,2025-11-28,09:18,Friday,WELLESLEY STATION,MUIR,0,0,S,YU,5811
23351,2025-11-28,17:20,Friday,FINCH STATION,MUIR,3,5,S,YU,6136
23376,2025-11-28,21:43,Friday,BROADVIEW STATION,MUIS,0,0,,BD,0
23401,2025-11-29,06:33,Saturday,KENNEDY BD STATION,SUDP,0,0,,BD,0
23426,2025-11-29,22:55,Saturday,QUEEN'S PARK STATION,SUDP,5,10,N,YU,5896
23451,2025-11-30,11:31,Sunday,UNION STATION,MUIRS,0,0,,YU,0
23476,2025-11-30,21:17,Sunday,KENNEDY STATION,SUDP,0,0,W,BD,0
23501,2025-12-01,06:11,Monday,BLOOR STATION,MUWR,0,0,,YU,0
23526,2025-12-01,12:47,Monday,BROADVIEW STATION,TUO,6,9,E,BD,5222
23551,2025-12-01,20:06,Monday,PAPE STATION,EUDO,12,15,E,BD,5176
23576,2025-12-01,00:05,Monday,KIPLING STATION,EUSC,0,0,E,BD,5236
23601,2025-12-02,07:06,Tuesday,KENNEDY BD STATION,MUIS,0,0,,BD,0
23626,2025-12-02,16:10,Tuesday,VMC STATION,MUIR,3,6,,YU,5591
23651,2025-12-02,00:41,Tuesday,KENNEDY BD STATION (AP,SUDP,6,10,E,BD,5071
23676,2025-12-03,09:54,Wednesday,BLOOR STATION,TUO,4,6,S,YU,5506
23701,2025-12-03,18:44,Wednesday,KIPLING STATION,MUSAN,3,6,E,BD,5325
23726,2025-12-03,12:06,Wednesday,SHEPPARD-YONGE STATION,MUPAA,3,8,E,SHP,6166
23751,2025-12-04,11:18,Thursday,SPADINA YUS STATION,SUDP,6,9,S,YU,5781
23776,2025-12-04,18:22,Thursday,MUSEUM STATION,MUPAA,0,0,N,YU,5786
23801,2025-12-04,23:48,Thursday,BLOOR STATION,EUOPO,7,12,N,YU,5846
23826,2025-12-05,07:39,Friday,SPADINA YUS STATION,SUAE,0,0,,YU,4654
23851,2025-12-05,15:13,Friday,OLD MILL STATION,SUDP,3,5,W,BD,5143
23876,2025-12-05,22:30,Friday,OSGOODE STATION,PUOPO,0,0,N,YU,5631
23901,2025-12-06,10:28,Saturday,ST CLAIR WEST STATION,PUMEL,0,0,,YU,0
23926,2025-12-06,17:31,Saturday,OSSINGTON STATION,SUDP,6,10,W,BD,5276
23951,2025-12-06,01:07,Saturday,QUEEN'S PARK STATION,MUIRS,0,0,N,YU,0
23976,2025-12-07,13:33,Sunday,JANE STATION,SUAP,0,0,W,BD,5302
24001,2025-12-07,19:36,Sunday,WELLESLEY STATION,SUAP,0,0,,YU,0
24026,2025-12-07,13:58,Sunday,SHEPPARD-YONGE STATION,SUAP,0,0,E,SHP,6186
24051,2025-12-08,09:22,Monday,SHERBOURNE STATION,MUI,8,11,W,BD,5302
24076,2025-12-08,18:01,Monday,FINCH WEST STATION,SUDP,0,0,,YU,0
24101,2025-12-08,01:38,Monday,OSGOODE STATION,MUIS,0,0,,YU,0
24126,2025-12-09,09:13,Tuesday,CHESTER STATION,MUIRS,0,0,,BD,0
24151,2025-12-09,14:59,Tuesday,VICTORIA PARK STATION,TUOS,6,9,W,BD,5143
24176,2025-12-09,23:00,Tuesday,LINE 1- YONGE UNIVERSI,MUCP,0,0,,YU,0
24201,2025-12-10,07:57,Wednesday,KIPLING STATION,PUTR,19,22,E,BD,5364
24226,2025-12-10,13:40,Wednesday,ROYAL YORK STATION,SUDP,5,8,W,BD,5243
24251,2025-12-10,19:07,Wednesday,LANSDOWNE STATION,SUAP,9,11,W,BD,5164
24276,2025-12-11,06:27,Thursday,WILSON STATION,PUTR,7,0,N,YU,5596
24301,2025-12-11,15:02,Thursday,LAWRENCE WEST STATION,SUDP,33,36,S,YU,5506
24326,2025-12-11,22:43,Thursday,SUMMERHILL STATION,MUIR,4,9,N,YU,5741
24351,2025-12-12,08:40,Friday,MAIN STREET STATION,MUD,3,5,W,BD,5334
24376,2025-12-12,17:22,Friday,SPADINA YUS STATION,SUDP,8,11,N,YU,5571
24401,2025-12-12,01:27,Friday,FINCH WEST STATION,TUO,5,10,S,YU,5686
24426,2025-12-13,12:46,Saturday,HIGHWAY 407 STATION,MUPAA,0,0,S,YU,5331
24451,2025-12-13,20:11,Saturday,FINCH STATION - PLATFO,TUO,5,10,S,YU,5611
24476,2025-12-14,08:07,Sunday,KEELE STATION,SUG,6,12,W,BD,5215
24501,2025-12-14,17:24,Sunday,ARROW GARAGE,SUAE,0,0,,,0
24526,2025-12-14,13:58,Sunday,LESLIE STATION,MUSC,9,14,W,SHP,6176
24551,2025-12-15,10:52,Monday,QUEEN'S PARK STATION,PUOPO,0,0,S,YU,5541
24576,2025-12-15,19:24,Monday,COLLEGE STATION,PUOPO,0,0,S,YU,6096
24601,2025-12-16,07:30,Tuesday,WARDEN STATION,EUSC,0,0,W,BD,5316
24626,2025-12-16,18:11,Tuesday,SPADINA YUS STATION,MUIRS,0,0,N,YU,5686
24651,2025-12-16,01:35,Tuesday,VMC STATION,MUIS,0,0,,YU,0
24676,2025-12-17,10:20,Wednesday,KENNEDY BD STATION,PUMST,0,0,,BD,0
24701,2025-12-17,16:12,Wednesday,COXWELL STATION,MUIR,4,6,E,BD,5309
24726,2025-12-17,21:31,Wednesday,MAIN STREET STATION,SUAP,0,0,W,BD,0
24751,2025-12-18,02:50,Thursday,HIGHWAY 407 STATION,SUAP,0,0,,YU,0
24776,2025-12-18,12:52,Thursday,FINCH STATION,MUPAA,0,0,S,YU,5746
24801,2025-12-18,18:01,Thursday,EGLINTON STATION,PUOPO,0,0,S,YU,5896
24826,2025-12-18,01:07,Thursday,ROSEDALE STATION,MUWEA,0,0,N,YU,6041
24851,2025-12-19,09:31,Friday,BLOOR STATION,MUIS,0,0,S,YU,0
24876,2025-12-19,17:32,Friday,COXWELL STATION,TUNOA,3,6,W,BD,0
24901,2025-12-19,22:49,Friday,BLOOR STATION,SUDP,0,0,S,YU,0
24926,2025-12-20,10:42,Saturday,FINCH WEST STATION (AP,EUATC,0,0,N,YU,5816
24951,2025-12-20,18:17,Saturday,WOODBINE STATION,EUSC,0,0,E,BD,5023
24976,2025-12-20,23:09,Saturday,SUMMERHILL STATION,MUIS,0,0,N,YU,5836
25001,2025-12-21,08:33,Sunday,SHEPPARD WEST STATION,PUOPO,0,0,N,YU,5651
25026,2025-12-21,18:24,Sunday,UNION STATION (TO KING,SUAP,0,0,S,YU,5426
25051,2025-12-22,05:45,Monday,SHEPPARD WEST STATION,MUIE,0,0,,YU,0
25076,2025-12-22,11:59,Monday,BAY STATION,MUIR,9,12,E,BD,5100
25101,2025-12-22,16:13,Monday,OSSINGTON STATION,SUDP,0,0,W,BD,5347
25126,2025-12-22,22:57,Monday,BLOOR STATION,MUIS,0,0,,YU,0
25151,2025-12-23,06:24,Tuesday,EGLINTON STATION,EUYRD,5,10,N,YU,5821
25176,2025-12-23,10:43,Tuesday,RUNNYMEDE STATION,SUAP,0,0,,BD,0
25201,2025-12-23,16:41,Tuesday,VMC STATION,SUAP,3,6,S,YU,5696
25226,2025-12-23,22:03,Tuesday,DOWNSVIEW PARK STATION,SUO,0,0,,YU,0
25251,2025-12-24,08:37,Wednesday,DUNDAS WEST STATION,PUTO,5,8,W,BD,5344
25276,2025-12-24,15:59,Wednesday,WILSON STATION,MUI,12,15,N,YU,5511
25301,2025-12-24,22:33,Wednesday,ST CLAIR WEST STATION,SUO,0,0,,YU,0
25326,2025-12-25,14:15,Thursday,UNION TO ST ANDREW STA,MUPAA,5,9,N,YU,5976
25351,2025-12-25,08:09,Thursday,SHEPPARD-YONGE STATION,TUCC,5,10,E,SHP,6196
25376,2025-12-26,13:46,Friday,ST PATRICK STATION,MUIR,4,8,S,YU,5671
25401,2025-12-26,01:22,Friday,YONGE BD STATION,MUPAA,3,7,E,BD,5283
25426,2025-12-27,13:29,Saturday,FINCH WEST STATION,PUMEL,0,0,,YU,0
25451,2025-12-27,22:00,Saturday,WARDEN STATION,SUO,0,0,W,BD,5220
25476,2025-12-28,08:31,Sunday,KENNEDY BD STATION,SUO,0,0,W,BD,0
25501,2025-12-28,17:43,Sunday,WILSON TRACK AND STRUC,MUO,0,0,,,0
25526,2025-12-28,22:47,Sunday,COXWELL STATION,MUIE,0,0,E,BD,0
25551,2025-12-29,06:41,Monday,SPADINA YUS STATION,PUOPO,9,12,S,YU,5456
25576,2025-12-29,16:30,Monday,KEELE STATION,MUSC,0,0,E,BD,5084
25601,2025-12-29,01:46,Monday,KENNEDY BD STATION,MUIS,0,0,W,BD,5245
25626,2025-12-30,15:20,Tuesday,WILSON STATION,MUSAN,6,9,N,YU,5571
25651,2025-12-30,23:58,Tuesday,SHERBOURNE STATION,SUAP,0,0,E,BD,0
25676,2025-12-31,14:03,Wednesday,ST CLAIR WEST STATION,SUO,0,0,N,YU,5741
25701,2025-12-31,20:25,Wednesday,VMC STATION- PLAT 2,MUIR,3,6,S,YU,5896
25726,2025-12-31,23:23,Wednesday,FINCH WEST STATION,MUIS,0,0,,YU,0
25751,2026-01-01,08:40,Thursday,WILSON STATION,PUTO,7,0,N,YU,5421
25776,2026-01-01,17:23,Thursday,FINCH STATION PL 1,MUSAN,4,8,S,YU,5601
25801,2026-01-01,00:34,Thursday,FINCH STATION - PLAT 2,MUIR,5,10,S,YU,5906
25826,2026-01-02,13:14,Friday,ST CLAIR STATION,PUMST,0,0,,YU,0
25851,2026-01-02,23:37,Friday,WELLESLEY STATION,SUUT,0,0,N,YU,5481
25876,2026-01-03,07:22,Saturday,COXWELL STATION,PUMEL,0,0,,BD,0
25901,2026-01-03,16:27,Saturday,ST CLAIR WEST STATION,PUSRA,4,7,S,YU,5391
25926,2026-01-03,23:05,Saturday,FINCH STATION,MUIS,0,0,,YU,0
25951,2026-01-04,11:13,Sunday,BLOOR STATION,SUAP,0,0,N,YU,0
25976,2026-01-04,01:28,Sunday,UNION STATION,SUO,0,0,N,YU,5811
26001,2026-01-05,10:40,Monday,CASTLE FRANK STATION,MUSC,0,0,W,BD,5266
26026,2026-01-05,19:18,Monday,COLLEGE STATION,SUDP,4,6,S,YU,5926
26051,2026-01-06,02:09,Tuesday,VMC STATION,MUIS,0,0,,YU,0
26076,2026-01-06,11:35,Tuesday,SPADINA BD STATION,SUO,0,0,E,BD,5085
26101,2026-01-06,21:18,Tuesday,KENNEDY BD STATION,MUIR,4,8,W,BD,5267
26126,2026-01-07,09:04,Wednesday,YORKDALE STATION,PUOPO,4,6,S,YU,5556
26151,2026-01-07,15:26,Wednesday,CHRISTIE STATION,SUO,11,14,E,BD,5132
26176,2026-01-07,21:14,Wednesday,BLOOR STATION,MUIS,0,0,,YU,0
26201,2026-01-08,06:37,Thursday,DUFFERIN STATION,PUMEL,0,0,,BD,0
26226,2026-01-08,13:22,Thursday,ROYAL YORK STATION,PUMEL,0,0,,BD,0
26251,2026-01-08,21:16,Thursday,UNION STATION,SUDP,5,8,S,YU,6106
26276,2026-01-09,09:16,Friday,ST GEORGE BD STATION,SUDP,4,6,W,BD,5105
26301,2026-01-09,16:55,Friday,DUFFERIN STATION,SUO,18,20,E,BD,5245
26326,2026-01-09,00:48,Friday,ISLINGTON STATION,SUDP,14,18,E,BD,5254
26351,2026-01-10,13:25,Saturday,CEDARVALE YU STATION,MUIR,8,12,N,YU,6026
26376,2026-01-10,16:52,Saturday,SPADINA BD STATION,MUIS,0,0,,BD,0
26401,2026-01-10,23:08,Saturday,COXWELL STATION,SUUT,7,13,E,BD,5271
26426,2026-01-11,08:01,Sunday,EGLINTON STATION,TUO,20,0,N,YU,6003
26451,2026-01-11,14:21,Sunday,FINCH STATION,PUMEL,0,0,,YU,0
26476,2026-01-11,21:09,Sunday,TMU STATION,MUPAA,0,0,S,YU,5631
26501,2026-01-12,08:13,Monday,ST PATRICK STATION,MUPAA,5,7,N,YU,5456
26526,2026-01-12,14:45,Monday,ST ANDREW STATION,MUIS,0,0,S,YU,0
26551,2026-01-12,23:11,Monday,PIONEER VILLAGE STATIO,PUOPO,0,0,N,YU,6081
26576,2026-01-13,11:05,Tuesday,DUFFERIN STATION,MUIS,0,0,,BD,0
26601,2026-01-13,19:48,Tuesday,ST GEORGE YUS STATION,SUDP,0,0,,YU,0
26626,2026-01-14,06:53,Wednesday,GREENWOOD STATION,MUSC,0,0,E,BD,5286
26651,2026-01-14,11:24,Wednesday,WELLESLEY STATION,MUPAA,0,0,N,YU,5576
26676,2026-01-14,16:44,Wednesday,ST GEORGE YUS STATION,MUO,0,0,,YU,0
26701,2026-01-14,01:09,Wednesday,SHEPPARD STATION,SUO,0,0,,YU,0
26726,2026-01-15,06:29,Thursday,GREENWOOD STATION,PUTIS,0,0,E,BD,5012
26751,2026-01-15,07:54,Thursday,DUFFERIN STATION,MUSC,0,0,E,BD,5231
26776,2026-01-15,14:36,Thursday,DOWNSVIEW PARK STATION,PUMEL,0,0,,YU,0
26801,2026-01-15,19:14,Thursday,WARDEN STATION,EUNT,9,12,E,BD,5170
26826,2026-01-15,09:21,Thursday,DON MILLS STATION,PUOPO,0,0,W,SHP,6141
26851,2026-01-16,12:50,Friday,CHESTER STATION,EUTL,16,19,W,BD,5165
26876,2026-01-16,22:00,Friday,YONGE-UNIVERSITY AND B,MUO,0,0,,YU/BD,0
26901,2026-01-17,02:25,Saturday,EGLINTON STATION,EUVE,0,0,N,YU,6086
26926,2026-01-17,14:14,Saturday,PAPE STATION,MUIE,0,0,,BD,0
26951,2026-01-17,21:51,Saturday,ST CLAIR STATION,SUUT,15,18,S,YU,5896
26976,2026-01-18,08:15,Sunday,KIPLING STATION,PUEO,53,58,W,BD,5257
27001,2026-01-18,17:07,Sunday,BLOOR STATION,SUDP,7,11,N,YU,5656
27026,2026-01-18,01:40,Sunday,YONGE BD STATION LEAVI,MUDD,4,10,E,BD,5173
27051,2026-01-19,08:11,Monday,WARDEN STATION,TUMVS,8,10,W,BD,5330
27076,2026-01-19,16:02,Monday,SPADINA YUS STATION,PUMST,0,0,N,YU,0
27101,2026-01-19,01:32,Monday,VMC STATION,MUIS,0,0,,YU,0
27126,2026-01-20,10:22,Tuesday,PAPE STATION,SUDP,3,6,E,BD,5072
27151,2026-01-20,16:53,Tuesday,SHERBOURNE STATION,SUO,0,0,,BD,0
27176,2026-01-20,20:04,Tuesday,CHRISTIE STATION,SUO,11,14,W,BD,5081
27201,2026-01-20,22:05,Tuesday,DON MILLS STATION,MUPAA,3,8,E,SHP,6186
27226,2026-01-21,12:23,Wednesday,MAIN STREET STATION,MUSC,0,0,W,BD,5092
27251,2026-01-21,19:45,Wednesday,UNION STATION,SUO,0,0,,YU,0
27276,2026-01-22,05:42,Thursday,SHEPPARD STATION,PUSAC,0,0,S,YU,0
27301,2026-01-22,12:03,Thursday,ISLINGTON STATION ( AP,PUSTS,0,0,W,BD,5164
27326,2026-01-22,17:17,Thursday,MUSEUM STATION,MUDD,11,13,N,YU,5601
27351,2026-01-22,22:28,Thursday,DUFFERIN STATION,PUMEL,0,0,,BD,0
27376,2026-01-23,06:49,Friday,KENNEDY BD STATION - P,MUSC,0,0,W,BD,5205
27401,2026-01-23,14:08,Friday,KEELE STATION,MUD,0,0,W,BD,5051
27426,2026-01-23,19:42,Friday,PAPE STATION,MUSAN,3,6,E,BD,5227
27451,2026-01-23,01:38,Friday,SPADINA BD STATION,SUDP,0,0,E,BD,5251
27476,2026-01-24,11:13,Saturday,BAY STATION,MUDD,10,15,E,BD,5220
27501,2026-01-24,20:15,Saturday,YORK UNIVERSITY STATIO,SUDP,6,11,N,YU,5641
27526,2026-01-24,16:14,Saturday,SHEPPARD-YONGE STATION,TUSC,0,0,E,SHP,6161
27551,2026-01-25,11:35,Sunday,WELLESLEY STATION,SUAP,5,10,N,YU,5646
27576,2026-01-25,14:49,Sunday,EGLINTON STATION,MUIRS,6,10,N,YU,5536
27601,2026-01-25,17:34,Sunday,CEDARVALE YU STATION,TUNCA,0,0,,YU,0
27626,2026-01-25,21:44,Sunday,KEELE STATION (APPROAC,PUTIS,0,0,W,BD,5325
27651,2026-01-26,04:01,Monday,KEELE STATION APPROACH,PUTIS,0,0,,BD,5049
27676,2026-01-26,08:33,Monday,OSSINGTON STATION,MUIS,0,0,,BD,0
27701,2026-01-26,14:55,Monday,DONLANDS STATION,PUTIS,3,6,W,BD,0
27726,2026-01-26,19:44,Monday,ISLINGTON STATION (APP,PUSIS,5,7,E,BD,5142
27751,2026-01-26,01:39,Monday,WARDEN STATION (APPROA,PUTIS,15,20,E,BD,5303
27776,2026-01-27,06:51,Tuesday,DONLANDS STATION,MUWEA,5,10,W,BD,5000
27801,2026-01-27,09:03,Tuesday,BAY STATION,MUWEA,3,6,W,BD,5346
27826,2026-01-27,14:24,Tuesday,TMU STATION,PUOPO,5,8,N,YU,6026
27851,2026-01-27,18:53,Tuesday,SHEPPARD STATION,SUO,0,0,S,YU,0
27876,2026-01-27,23:19,Tuesday,FINCH STATION (APPROAC,MUSAN,9,0,N,YU,5691
27901,2026-01-28,05:52,Wednesday,TMU STATION,SUAP,0,0,S,YU,0
27926,2026-01-28,12:00,Wednesday,KING STATION,PUOPO,0,0,N,YU,5506
27951,2026-01-28,17:55,Wednesday,KIPLING STATION,SUDP,0,0,,BD,0
27976,2026-01-28,05:19,Wednesday,SHEPPARD-YONGE STATION,PUOPO,0,0,E,SHP,6146
28001,2026-01-29,08:51,Thursday,DAVISVILLE STATION,SUDP,8,12,N,YU,5381
28026,2026-01-29,16:25,Thursday,FINCH STATION,PUMO,0,0,,YU,0
28051,2026-01-29,21:32,Thursday,LAWRENCE WEST STATION,EUBK,4,6,N,YU,5961
28076,2026-01-30,03:00,Friday,STORM TRAINS LINE 1 YO,TUST,0,0,S,YU,5871
28101,2026-01-30,11:52,Friday,KENNEDY BD STATION,MUIRS,0,0,,BD,0
28126,2026-01-30,18:03,Friday,TMU STATION,PUOPO,3,6,N,YU,5791
28151,2026-01-30,01:04,Friday,YONGE BD STATION,MUPAA,0,0,E,BD,5292
28176,2026-01-31,13:14,Saturday,ROSEDALE STATION,SUPOL,7,12,S,YU,6096
28201,2026-01-31,22:00,Saturday,YONGE-UNIVERSITY AND B,MUO,0,0,,YU/BD,0
28226,2026-02-01,08:10,Sunday,KENNEDY BD STATION,TUSC,0,0,W,BD,5093
28251,2026-02-01,14:27,Sunday,ROSEDALE STATION,MUIRS,0,0,,YU,0
28276,2026-02-01,23:25,Sunday,DONLANDS STATION,SUPOL,0,0,E,BD,5283
28301,2026-02-02,09:57,Monday,BLOOR STATION,SUO,0,0,N,YU,5991
28326,2026-02-02,18:55,Monday,ST CLAIR STATION,MUO,3,6,S,YU,5536
28351,2026-02-02,18:56,Monday,DON MILLS STATION (APP,PUSI,4,9,E,SHP,6146
28376,2026-02-03,11:28,Tuesday,KEELE STATION,EUDO,9,12,W,BD,5314
28401,2026-02-03,19:35,Tuesday,OSSINGTON STATION,SUDP,5,8,W,BD,5100
28426,2026-02-04,03:46,Wednesday,UNION STATION,SUO,0,0,,YU,0
28451,2026-02-04,13:26,Wednesday,SUMMERHILL STATION,SUDP,8,11,S,YU,5381
28476,2026-02-04,20:35,Wednesday,COXWELL STATION,EUSC,0,0,E,BD,5349
28501,2026-02-05,02:13,Thursday,VMC STATION,MUIS,0,0,,YU,0
28526,2026-02-05,11:07,Thursday,GREENWWOD YARD,PUMO,0,0,,BD,0
28551,2026-02-05,17:20,Thursday,DUFFERIN STATION,MUIRS,0,0,,BD,0
28576,2026-02-05,01:25,Thursday,WARDEN STATION (LEAVIN,TUCC,7,11,W,BD,5080
28601,2026-02-06,10:25,Friday,WOODBINE STATION,PUSTC,9,12,E,BD,5055
28626,2026-02-06,16:40,Friday,BLOOR STATION,SUO,0,0,N,YU,5731
28651,2026-02-06,21:35,Friday,VMC STATION,MUIS,0,0,,YU,0
28676,2026-02-06,01:34,Friday,SHEPPARD WEST STATION,SUDP,0,0,N,YU,6011
28701,2026-02-07,07:33,Saturday,MUSEUM STATION,MUWEA,0,0,S,YU,5786
28726,2026-02-07,12:11,Saturday,ST GEORGE YUS STATION,MUWEA,0,0,S,YU,5776
28751,2026-02-07,18:51,Saturday,BLOOR STATION,SUO,4,7,S,YU,5734
28776,2026-02-08,02:44,Sunday,GREENWOOD YARD,SUG,0,0,,BD,5289
28801,2026-02-08,16:27,Sunday,BLOOR STATION,MUIS,0,0,,YU,0
28826,2026-02-08,23:50,Sunday,EGLINTON STATION,PUOPO,4,9,S,YU,6026
28851,2026-02-09,07:19,Monday,KIPLING STATION PLATFO,EUNT,4,6,E,BD,5261
28876,2026-02-09,12:53,Monday,YONGE BD STATION,SUO,0,0,E,BD,5344
28901,2026-02-09,16:58,Monday,DAVISVILLE YARD,PUMO,0,0,,,0
28926,2026-02-09,16:21,Monday,SHEPPARD-YONGE STATION,EUCD,5,10,,SHP,6161
28951,2026-02-10,09:01,Tuesday,SUMMERHILL STATION,MUI,9,12,S,YU,5851
28976,2026-02-10,17:23,Tuesday,KING STATION,MUIS,0,0,,YU,0
29001,2026-02-10,01:33,Tuesday,VICTORIA PARK STATION,MUO,9,14,W,BD,5011
29026,2026-02-11,10:07,Wednesday,UNION STATION,MUIRS,0,0,,YU,0
29051,2026-02-11,17:52,Wednesday,SUMMERHILL STATION,MUPAA,0,0,N,YU,5871
29076,2026-02-11,17:12,Wednesday,SHEPPARD-YONGE STATION,TUMVS,4,9,W,SHP,6156
29101,2026-02-12,12:17,Thursday,BATHURST STATION,MUIRS,0,0,,BD,0
29126,2026-02-12,19:51,Thursday,KEELE STATION,MUIS,0,0,,BD,0
29151,2026-02-12,23:04,Thursday,BATHURST STATION,MUIRS,0,0,W,BD,0
29176,2026-02-13,10:43,Friday,PAPE STATION,MUPAA,0,0,E,BD,5163
29201,2026-02-13,17:19,Friday,ST CLAIR STATION,TUATC,11,13,N,YU,6016
29226,2026-02-13,21:57,Friday,FINCH STATION,MUIS,0,0,,YU,0
29251,2026-02-14,02:22,Saturday,JANE STATION,SUDP,0,0,,BD,0
29276,2026-02-14,16:12,Saturday,ROSEDALE STATION,EUO,10,13,N,YU,5501
29301,2026-02-14,00:31,Saturday,DON MILLS STATION,MUIS,0,0,,SHP,0
29326,2026-02-15,21:45,Sunday,LINE 1 YONGE - UNIVERS,MUO,0,0,,YU,0
29351,2026-02-16,12:09,Monday,FINCH WEST STATION,SUDP,7,11,S,YU,5781
29376,2026-02-16,19:52,Monday,ISLINGTON STATION,MUSC,0,0,W,BD,5290
29401,2026-02-17,06:43,Tuesday,VICTORIA PARK STATION,PUTTP,15,18,W,BD,5041
29426,2026-02-17,14:33,Tuesday,DOWNSVIEW PARK STATION,PUMO,0,0,,YU,0
29451,2026-02-17,20:54,Tuesday,SHEPPARD WEST STATION,MUIS,0,0,,YU,0
29476,2026-02-18,06:43,Wednesday,KIPLING STATION,EUSC,0,0,E,BD,5072
29501,2026-02-18,16:07,Wednesday,ISLINGTON STATION,SUDP,12,14,W,BD,5170
29526,2026-02-18,23:22,Wednesday,ROYAL YORK STATION,SUDP,0,0,,BD,0
29551,2026-02-19,08:23,Thursday,VMC STATION,PUOPO,0,0,S,YU,5386
29576,2026-02-19,18:21,Thursday,BLOOR STATION,MUIR,0,0,S,YU,5536
29601,2026-02-20,05:36,Friday,GREENWOOD YARD,EUME,0,0,W,BD,5193
29626,2026-02-20,13:37,Friday,MAIN STREET STATION,TUNCA,0,0,,BD,0
29651,2026-02-20,17:43,Friday,VMC STATION,MUIS,0,0,S,YU,0
29676,2026-02-20,00:04,Friday,KEELE STATION,TUSC,0,0,E,BD,5147
29701,2026-02-21,11:54,Saturday,UNION STATION,MUIS,0,0,,YU,0
29726,2026-02-21,18:32,Saturday,TMU STATION,SUUT,0,0,N,YU,0
29751,2026-02-21,23:08,Saturday,FINCH STATION,MUSAN,3,8,S,YU,5686
29776,2026-02-22,10:34,Sunday,CEDARVALE YU STATION,PUOPO,0,0,S,YU,6016
29801,2026-02-22,19:19,Sunday,RUNNYMEDE STATION,MUIRS,0,0,,BD,0
29826,2026-02-23,06:47,Monday,KIPLING STATION,PUMEL,0,0,,BD,0
29851,2026-02-23,15:28,Monday,ST CLAIR STATION,SUDP,0,0,,YU,0
29876,2026-02-23,21:19,Monday,ST PATRICK STATION,PUMST,0,0,,YU,0
29901,2026-02-24,04:53,Tuesday,YORK MILLS STATION,PUTWZ,0,0,S,YU,0
29926,2026-02-24,15:28,Tuesday,COXWELL STATION,PUMO,0,0,,BD,0
29951,2026-02-24,22:32,Tuesday,MAIN STREET STATION,SUUT,0,0,W,BD,5117
29976,2026-02-25,08:28,Wednesday,DONLANDS STATION,MUDD,8,10,W,BD,5364
30001,2026-02-25,15:31,Wednesday,YORK MILLS STATION (AP,SUO,11,15,N,YU,5486
30026,2026-02-25,20:47,Wednesday,NORTH YORK CTR STATION,MUPAA,6,9,S,YU,5951
30051,2026-02-26,06:41,Thursday,DAVISVILLE STATION,MUWEA,3,5,N,YU,5941
30076,2026-02-26,15:01,Thursday,DUNDAS WEST STATION (L,PUTD,0,0,W,BD,5193
30101,2026-02-26,20:43,Thursday,YONGE BD STATION,SUDP,7,10,E,BD,5296
30126,2026-02-27,05:40,Friday,FINCH STATION,PUOPO,0,0,S,YU,5591
30151,2026-02-27,13:46,Friday,BAY STATION,SUAP,0,0,W,BD,5145
30176,2026-02-27,18:58,Friday,PIONEER VILLAGE STATIO,SUDP,0,0,N,YU,5866
30201,2026-02-27,23:59,Friday,LINE 2 EARLY ACCESS CL,MUCP,0,0,,BD,0
30226,2026-02-28,11:56,Saturday,ST PATRICK STATION,PUOPO,5,8,S,YU,5846
30251,2026-02-28,20:11,Saturday,PIONEER VILLAGE STATIO,SUO,0,0,,YU,0
30276,2026-03-01,08:20,Sunday,WARDEN STATION,SUG,5,10,E,BD,5317
30301,2026-03-01,17:02,Sunday,KEELE STATION,SUDP,7,11,E,BD,5638
30326,2026-03-01,01:16,Sunday,CHESTER STATION,TUSC,0,0,E,BD,5026
30351,2026-03-02,11:50,Monday,ROSEDALE STATION,PUMO,3,7,S,YU,5901
30376,2026-03-02,18:27,Monday,TMU STATION,MUPAA,0,0,N,YU,5861
30401,2026-03-02,23:10,Monday,EGLINTON STATION,SUDP,0,0,,YU,0
30426,2026-03-03,09:40,Tuesday,OSGOODE STATION,PUOPO,0,0,N,YU,5596
30451,2026-03-03,17:46,Tuesday,LANSDOWNE STATION,SUUT,0,0,W,BD,5074
30476,2026-03-03,07:03,Tuesday,SHEPPARD-YONGE STATION,SUO,0,0,,SHP,0
30501,2026-03-04,13:47,Wednesday,KIPLING STATION,MUIRS,0,0,,BD,0
30526,2026-03-04,20:39,Wednesday,OSSINGTON STATION,MUIRS,0,0,,BD,0
30551,2026-03-05,07:06,Thursday,WILSON STATION,MUI,16,20,N,YU,5651
30576,2026-03-05,16:00,Thursday,WARDEN STATION,MUIR,9,11,E,BD,5041
30601,2026-03-05,21:04,Thursday,MAIN STREET STATION,PUMEL,0,0,,BD,0
30626,2026-03-06,06:19,Friday,OSGOODE STATION,PUOPO,3,7,N,YU,5896
30651,2026-03-06,13:32,Friday,YORK UNIVERSITY STATIO,PUMEL,0,0,,YU,0
30676,2026-03-06,18:49,Friday,YONGE UNIVERSITY SPADI,MUO,0,0,,YU/BD,0
30701,2026-03-07,02:56,Saturday,VMC STATION,SUO,0,0,,YU,0
30726,2026-03-07,13:07,Saturday,YORK MILLS STATION,PUMO,0,0,,YU,0
30751,2026-03-07,22:14,Saturday,BROADVIEW STATION,MUIRS,0,0,E,BD,5142
30776,2026-03-08,09:58,Sunday,KIPLING STATION (APPRO,TUO,0,0,W,BD,5088
30801,2026-03-08,19:22,Sunday,BROADVIEW STATION,MUDD,3,8,W,BD,5212
30826,2026-03-09,05:45,Monday,KENNEDY BD STATION,PUSO,3,7,W,BD,5155
30851,2026-03-09,12:03,Monday,KIPLING STATION,MUTO,3,6,E,BD,5188
30876,2026-03-09,23:09,Monday,YORKDALE STATION,MUPAA,0,0,N,YU,5941
30901,2026-03-10,12:16,Tuesday,LAWRENCE WEST STATION,SUUT,0,0,N,YU,6136
30926,2026-03-10,22:26,Tuesday,SHEPPARD STATION,MUIR,16,21,N,YU,5551
30951,2026-03-11,11:42,Wednesday,YORK UNIVERSITY STATIO,PUOPO,0,0,S,YU,5706
30976,2026-03-11,19:35,Wednesday,VMC STATION,MUIS,0,0,,YU,0
31001,2026-03-12,02:49,Thursday,E/END BROADVIEW - W/EN,MUWR,0,0,,BD,0
31026,2026-03-12,09:30,Thursday,FINCH WEST STATION,MUPAA,0,0,N,YU,5676
31051,2026-03-12,14:40,Thursday,QUEEN STATION,MUIRS,0,0,,YU,0
31076,2026-03-12,18:17,Thursday,KENNEDY BD STATION,MUNOA,3,6,W,BD,5316
31101,2026-03-12,00:46,Thursday,SHEPPARD STATION,SUO,0,0,,YU,0
31126,2026-03-13,09:33,Friday,YONGE BD STATION,MUDD,4,6,E,BD,5309
31151,2026-03-13,15:26,Friday,FINCH STATION,TUO,3,5,S,YU,6061
31176,2026-03-13,20:39,Friday,CHRISTIE STATION,MUIS,0,0,,BD,0
31201,2026-03-13,01:39,Friday,DAVISVILLE STATION,MUIS,0,0,,YU,0
31226,2026-03-14,11:44,Saturday,KIPLING STATION,PUSRA,5,10,E,BD,5115
31251,2026-03-14,19:58,Saturday,LANSDOWNE STATION,SUO,0,0,,BD,0
31276,2026-03-15,02:17,Sunday,KENNEDY BD STATION,SUDP,0,0,W,BD,5174
31301,2026-03-15,17:16,Sunday,KEELE STATION,SUUT,0,0,E,BD,5255
31326,2026-03-15,22:47,Sunday,WELLESLEY STATION,SUDP,0,0,,YU,0
31351,2026-03-16,07:13,Monday,TMU STATION,SUDP,3,5,S,YU,5721
31376,2026-03-16,12:52,Monday,TMU STATION,MUIRS,0,0,S,YU,0
31401,2026-03-16,20:56,Monday,ISLINGTON STATION,TUO,31,34,E,BD,5072
31426,2026-03-17,05:47,Tuesday,ST PATRICK STATION,TUNCA,0,0,,YU,0
31451,2026-03-17,11:33,Tuesday,OSSINGTON STATION,TUSC,0,0,W,BD,5156
31476,2026-03-17,20:33,Tuesday,OSSINGTON STATION,MUD,4,7,W,BD,5207
31501,2026-03-18,07:37,Wednesday,ST GEORGE YUS STATION,SUO,0,0,S,YU,5381
31526,2026-03-18,14:00,Wednesday,NORTH YORK CTR STATION,SUEAS,6,9,N,YU,5456
31551,2026-03-18,19:59,Wednesday,SHEPPARD STATION,PUOPO,0,0,,YU,5611
31576,2026-03-18,00:50,Wednesday,DAVISVILLE STATION,EUVE,15,21,N,YU,0
31601,2026-03-19,08:48,Thursday,OLD MILL STATION,MUO,0,0,W,BD,5190
31626,2026-03-19,15:34,Thursday,KING STATION,MUO,0,0,S,YU,5421
31651,2026-03-19,22:00,Thursday,YONGE-UNIVERSITY AND B,MUO,0,0,,YU/BD,0
31676,2026-03-20,08:07,Friday,KENNEDY BD STATION,PUMST,0,0,,BD,0
31701,2026-03-20,10:54,Friday,DUNDAS WEST STATION,SUO,0,0,W,BD,5337
31726,2026-03-20,16:54,Friday,VICTORIA PARK STATION,SUAE,0,0,,BD,0
31751,2026-03-20,23:59,Friday,ST ANDREW STATION - ST,MUCP,0,0,,YU,0
31776,2026-03-21,08:45,Saturday,VICTORIA PARK STATION,TUS,5,10,E,BD,5152
31801,2026-03-21,20:48,Saturday,FINCH STATION,SUO,0,0,,YU,0
31826,2026-03-22,08:30,Sunday,FINCH WEST STATION,TUNCA,0,0,,YU,0
31851,2026-03-22,18:20,Sunday,VMC STATION,MUIS,0,0,,YU,0
31876,2026-03-23,06:35,Monday,LAWRENCE WEST STATION,PUTWZ,7,0,N,YU,5511
31901,2026-03-23,09:24,Monday,DUNDAS WEST STATION,SUO,0,0,E,BD,5329
31926,2026-03-23,14:52,Monday,WILSON STATION,MUIRS,0,0,,YU,0
31951,2026-03-23,22:00,Monday,YONGE-UNIVERSITY AND B,MUO,0,0,B,YUS/BD,0
31976,2026-03-24,06:14,Tuesday,EGLINTON STATION,PUTOE,5,10,N,YU,5561
32001,2026-03-24,11:33,Tuesday,YONGE BD STATION,SUO,0,0,S,BD,0
32026,2026-03-24,17:30,Tuesday,KIPLING STATION,EUNT,3,5,E,BD,5332
32051,2026-03-25,03:15,Wednesday,UNION STATION,SUO,0,0,,YU,0
32076,2026-03-25,09:04,Wednesday,ROSEDALE STATION,MUIR,5,7,S,YU,5756
32101,2026-03-25,17:30,Wednesday,BLOOR STATION,SUO,0,0,N,YU,6061
32126,2026-03-25,09:46,Wednesday,SHEPPARD-YONGE STATION,TUNIP,3,8,E,SHP,6146
32151,2026-03-26,10:33,Thursday,KIPLING STATION,MUSC,0,0,W,BD,5219
32176,2026-03-26,15:29,Thursday,LAWRENCE STATION,MUPAA,3,6,N,YU,5796
32201,2026-03-26,20:03,Thursday,BLOOR STATION,SUO,0,0,S,YU,5811
32226,2026-03-26,00:59,Thursday,FINCH WEST STATION,PUOPO,0,0,N,YU,5491
32251,2026-03-27,07:51,Friday,DUNDAS WEST STATION,SUO,0,0,E,BD,5300
32276,2026-03-27,13:01,Friday,WARDEN STATION (LEAVIN,TUMVS,3,6,E,BD,5063
32301,2026-03-27,19:50,Friday,VICTORIA PARK STATION,SUDP,0,0,,BD,0
32326,2026-03-27,00:54,Friday,CASTLE FRANK STATION,SUDP,29,34,E,BD,5072
32351,2026-03-28,09:16,Saturday,KEELE STATION,SUO,0,0,,BD,0
32376,2026-03-28,20:57,Saturday,MUSEUM STATION,MUIR,17,21,N,YU,6046
32401,2026-03-29,08:40,Sunday,GLENCAIRN STATION,PUTWZ,7,0,N,YU,5951
32426,2026-03-29,18:37,Sunday,CHESTER STATION,TUOS,13,18,E,BD,5040
32451,2026-03-29,00:50,Sunday,SHEPPARD-YONGE STATION,MUO,5,10,W,SHP,6171
32476,2026-03-30,09:12,Monday,QUEEN'S PARK STATION,SUO,0,0,S,YU,6071
32501,2026-03-30,15:56,Monday,KENNEDY BD STATION,TUNIP,5,7,W,BD,5188
32526,2026-03-30,21:55,Monday,LAWRENCE STATION,SUAP,0,0,,YU,0
32551,2026-03-31,06:09,Tuesday,WELLESLEY STATION,MUWEA,3,5,N,YU,5471
32576,2026-03-31,09:30,Tuesday,KIPLING STATION,SUO,0,0,W,BD,5321
32601,2026-03-31,13:58,Tuesday,FINCH STATION,TUO,3,6,S,YU,5391
32626,2026-03-31,16:58,Tuesday,KENNEDY BD STATION,TUNIP,0,0,W,BD,0
32651,2026-03-31,21:53,Tuesday,CEDARVALE YU STATION,MUIS,0,0,,YU,0
32676,2026-04-01,07:57,Wednesday,GLENCAIRN STATION,PUMST,0,0,,YU,0
32701,2026-04-01,09:44,Wednesday,FINCH STATION,TUNIP,0,0,S,YU,5891
32726,2026-04-01,14:18,Wednesday,COXWELL STATION,MUNOA,3,5,E,BD,0
32751,2026-04-01,19:25,Wednesday,OSSINGTON AND ST. GEOR,MUINF,0,0,,BD,0
32776,2026-04-02,06:41,Thursday,ST GEORGE BD STATION,MUSC,0,0,E,BD,5287
32801,2026-04-02,10:04,Thursday,VMC STATION,SUO,0,0,S,YU,5716
32826,2026-04-02,16:01,Thursday,FINCH STATION- PLATFOR,MUSAN,3,6,S,YU,5571
32851,2026-04-02,21:24,Thursday,WOODBINE STATION,SUDP,0,0,W,BD,5029
32876,2026-04-03,08:04,Friday,VMC STATION,MUIR,5,10,S,YU,5531
32901,2026-04-03,17:46,Friday,HIGH PARK STATION,MUNCA,0,0,,BD,0
32926,2026-04-03,23:04,Friday,ROSEDALE STATION,PUOPO,0,0,S,YU,5571
32951,2026-04-04,10:39,Saturday,KENNEDY BD STATION,EUOE,5,10,E,BD,5259
32976,2026-04-04,21:24,Saturday,JANE STATION,MUPAA,3,8,W,BD,5120
33001,2026-04-05,06:18,Sunday,CASTLE FRANK STATION,SUDP,0,0,,BD,0
33026,2026-04-05,19:06,Sunday,YORK MILLS STATION,SUO,5,10,S,YU,5601
33051,2026-04-05,01:14,Sunday,ST ANDREW STATION,MUIS,0,0,,YU,0
33076,2026-04-06,08:18,Monday,KIPLING STATION,SUL,0,0,E,BD,5312
33101,2026-04-06,14:14,Monday,ST CLAIR WEST STATION,SUUT,0,0,N,YU,5436
33126,2026-04-06,21:01,Monday,EGLINTON STATION,SUO,0,0,N,YU,6066
33151,2026-04-06,22:47,Monday,DON MILLS STATION,TUO,5,10,W,SHP,6176
33176,2026-04-07,08:52,Tuesday,KENNEDY BD STATION,MUIRS,0,0,,BD,0
33201,2026-04-07,16:16,Tuesday,JANE STATION,EUSC,0,0,E,BD,5056
33226,2026-04-07,20:32,Tuesday,BROADVIEW STATION,SUDP,0,0,,BD,0
33251,2026-04-08,06:21,Wednesday,GLENCAIRN STATION,PUTO,5,0,N,YU,5776
33276,2026-04-08,10:12,Wednesday,FINCH STATION,SUL,0,0,N,YU,5956
33301,2026-04-08,16:20,Wednesday,ST ANDREW STATION,EUTL,3,8,S,YU,5471
33326,2026-04-08,22:16,Wednesday,ROYAL YORK STATION,SUDP,0,0,E,BD,5222
33351,2026-04-09,06:53,Thursday,FINCH STATION,TUNIP,0,0,S,YU,5416
33376,2026-04-09,09:59,Thursday,WOODBINE STATION,PUTO,203,206,W,BD,5058
33401,2026-04-09,14:42,Thursday,KEELE STATION,MUIR,20,23,E,BD,5069
33426,2026-04-09,19:33,Thursday,SUMMERHILL STATION,PUOPO,0,0,S,YU,5661
33451,2026-04-10,05:59,Friday,SHEPPARD WEST STATION,MUO,6,12,N,YU,5666
33476,2026-04-10,08:28,Friday,UNION STATION,SUDP,0,0,,YU,0
33501,2026-04-10,12:18,Friday,KENNEDY BD STATION,TUSC,0,0,E,BD,5087
33526,2026-04-10,18:51,Friday,YONGE BD STATION,SUO,0,0,W,BD,5018
33551,2026-04-10,05:43,Friday,SHEPPARD-YONGE STATION,PUOPO,0,0,E,SHP,6181
33576,2026-04-11,14:25,Saturday,COXWELL STATION,MUIS,0,0,,BD,0
33601,2026-04-11,21:15,Saturday,DUFFERIN STATION,SUDP,0,0,,BD,0
33626,2026-04-12,02:35,Sunday,FINCH STATION,SUAE,0,0,,YU,0
33651,2026-04-12,12:15,Sunday,OLD MILL STATION,SUO,0,0,E,BD,5028
33676,2026-04-12,20:18,Sunday,RUNNYMEDE STATION,MUIS,0,0,,BD,0
33701,2026-04-13,02:34,Monday,KIPLING STATION,MUIS,0,0,,BD,0
33726,2026-04-13,10:48,Monday,LAWRENCE STATION,MUPAA,5,9,N,YU,5801
33751,2026-04-13,17:06,Monday,KIPLING STATION PLATFO,TUMVS,0,0,W,BD,5321
33776,2026-04-13,09:53,Monday,SHEPPARD-YONGE STATION,TUNIP,4,9,E,SHP,6000
33801,2026-04-14,07:50,Tuesday,PIONEER VILLAGE STATIO,PUMEL,0,0,,YU,0
33826,2026-04-14,10:00,Tuesday,ST PATRICK STATION,PUOPO,4,6,S,YU,5876
33851,2026-04-14,17:17,Tuesday,BATHURST STATION,MUIR,0,0,W,BD,5146
33876,2026-04-14,22:33,Tuesday,SPADINA BD STATION,SUDP,0,0,W,BD,5025
33901,2026-04-15,06:12,Wednesday,EGLINTON STATION,PUOPO,4,8,N,YU,5456
33926,2026-04-15,09:10,Wednesday,SHERBOURNE STATION,SUL,0,0,E,BD,5100
33951,2026-04-15,15:39,Wednesday,KIPLING STATION,MUTO,3,5,E,BD,5218
33976,2026-04-15,20:43,Wednesday,MUSEUM STATION,PUMEL,0,0,,YU,0
34001,2026-04-15,01:32,Wednesday,DON MILLS STATION,SUDP,5,10,W,SHP,6141
34026,2026-04-16,09:25,Thursday,DUNDAS WEST STATION,SUDP,0,0,W,BD,5366
34051,2026-04-16,17:43,Thursday,BLOOR STATION,SUDP,4,6,N,YU,5906
34076,2026-04-16,23:18,Thursday,OSGOODE STATION,MUPLB,28,34,S,YU,6021
34101,2026-04-17,07:20,Friday,FINCH STATION,TUNIP,0,0,S,YU,5906
34126,2026-04-17,13:16,Friday,MAIN STREET STATION,MUIR,9,12,E,BD,5045
34151,2026-04-17,22:00,Friday,SUMMERHILL STATION,SUUT,27,31,S,YU,5776
34176,2026-04-18,06:42,Saturday,ST CLAIR WEST STATION,SUL,0,0,N,YU,5891
34201,2026-04-18,15:34,Saturday,ST GEORGE BD STATION,MUDD,3,7,E,BD,5041
34226,2026-04-18,20:42,Saturday,SHEPPARD STATION,TUNCA,0,0,,YU,0
34251,2026-04-19,06:01,Sunday,SHERBOURNE STATION,SUUT,0,0,,BD,0
34276,2026-04-19,17:53,Sunday,SHERBOURNE STATION,MUI,15,19,E,BD,5144
34301,2026-04-19,00:07,Sunday,MAIN STREET STATION,SUDP,0,0,,BD,0
34326,2026-04-20,07:49,Monday,BLOOR STATION,SUO,0,0,S,YU,5541
34351,2026-04-20,09:54,Monday,ST GEORGE YUS STATION,SUDP,0,0,N,YU,5421
34376,2026-04-20,17:33,Monday,COLLEGE STATION,SUDP,3,6,N,YU,5851
34401,2026-04-20,21:58,Monday,WELLESLEY STATION,MUIS,0,0,,YU,0
34426,2026-04-21,07:03,Tuesday,YONGE BD STATION,SUL,0,0,E,BD,5301
34451,2026-04-21,08:57,Tuesday,ST ANDREW STATION,SUL,3,5,S,YU,5876
34476,2026-04-21,15:41,Tuesday,KENNEDY BD STATION,MUIRS,0,0,,BD,0
34501,2026-04-21,21:32,Tuesday,MAIN STREET STATION,MUIRS,0,0,,BD,0
34526,2026-04-22,06:53,Wednesday,GREENWOOD STATION,TUNIP,2,4,E,BD,5068
34551,2026-04-22,11:01,Wednesday,COXWELL STATION,TUSUP,5,8,W,BD,5087
34576,2026-04-22,16:15,Wednesday,KIPLING STATION,SUO,0,0,,BD,0
34601,2026-04-22,22:00,Wednesday,TRACK LEVEL ACTIVITY,MUINF,0,0,B,BD/YU,0
34626,2026-04-23,07:05,Thursday,YONGE BD STATION,SUL,0,0,W,BD,5269
34651,2026-04-23,09:20,Thursday,BROADVIEW STATION,SUL,4,6,E,BD,5132
34676,2026-04-23,14:08,Thursday,QUEEN'S PARK STATION,PUOPO,0,0,S,YU,5426
34701,2026-04-23,19:10,Thursday,HIGHWAY 407 STATION,PUOPO,0,0,S,YU,5816
34726,2026-04-23,00:41,Thursday,UNION STATION,MUIRS,0,0,,YU,0
34751,2026-04-24,07:32,Friday,ROSEDALE STATION,MUPLB,23,25,N,YU,5768
34776,2026-04-24,13:23,Friday,EGLINTON STATION,MUPAA,4,7,S,YU,5646
34801,2026-04-24,18:13,Friday,KENNEDY BD STATION,MUSAN,3,6,E,BD,5350
34826,2026-04-24,22:00,Friday,YONGE UNIVERSITY AND B,MUINF,0,0,,YU/BD,0
34851,2026-04-24,01:57,Friday,RUNNYMEDE STATION,SUO,0,0,W,BD,5366
34876,2026-04-25,10:59,Saturday,WARDEN STATION,SUDP,5,10,W,BD,5041
34901,2026-04-25,18:57,Saturday,SPADINA YUS STATION,MUIS,0,0,N,YU,0
34926,2026-04-25,07:46,Saturday,BESSARION STATION,EUSC,0,0,E,SHP,6161
34951,2026-04-26,13:25,Saturday,BLOOR STATION,SUAP,0,0,N,YU,0
34976,2026-04-26,20:46,Saturday,BATHURST STATION,MUDD,3,7,W,BD,5041
35001,2026-04-27,08:00,Monday,CEDARVALE YU STATION,SUO,0,0,N,YU,5654
35026,2026-04-27,12:19,Monday,BLOOR STATION,SUL,0,0,N,YU,5891
35051,2026-04-27,19:35,Monday,FINCH STATION,TUATC,3,6,S,YU,5646
35076,2026-04-28,02:20,Tuesday,FINCH STATION,SUDP,0,0,,YU,0
35101,2026-04-28,08:36,Tuesday,DONLANDS STATION,SUDP,0,0,W,BD,0
35126,2026-04-28,11:52,Tuesday,KENNEDY BD STATION,SUDP,0,0,,BD,0
35151,2026-04-28,16:38,Tuesday,BLOOR STATION,SUDP,3,5,S,YU,6051
35176,2026-04-28,22:00,Tuesday,YONGE-UNIVERSITY AND B,MUINF,0,0,,YU/BD,0
35201,2026-04-29,08:42,Wednesday,SPADINA YUS STATION,SUL,6,8,S,YU,5921
35226,2026-04-29,15:23,Wednesday,KENNEDY BD STATION,MUIRS,0,0,,BD,0
35251,2026-04-29,19:45,Wednesday,SHEPPARD STATION,PUMST,0,0,,YU,0
35276,2026-04-29,01:33,Wednesday,UNION STATION,MUIS,0,0,,YU,0
35301,2026-04-30,09:10,Thursday,VMC STATION,PUOPO,0,0,S,YU,6021
35326,2026-04-30,14:10,Thursday,OLD MILL STATION,SUG,0,0,,BD,0
35351,2026-04-30,20:25,Thursday,KENNEDY BD STATION (PL,MUIR,3,6,W,BD,5231
35376,2026-04-30,01:16,Thursday,WELLESLEY STATION,MUIS,0,0,,YU,0
35401,2026-05-01,07:33,Friday,ST GEORGE YUS STATION,SUL,0,0,S,YU,6001
35426,2026-05-01,12:42,Friday,ST GEORGE YUS STATION,SUDP,0,0,S,YU,5781
35451,2026-05-01,18:11,Friday,BLOOR STATION,SUL,0,0,S,YU,5511
35476,2026-05-01,22:41,Friday,YONGE UNIVERSITY SUBWA,MUINF,0,0,S,YU,0
35501,2026-05-02,07:46,Saturday,SUMMERHILL STATION,SUL,0,0,N,YU,5411
35526,2026-05-02,16:05,Saturday,SPADINA BD STATION,SUO,0,0,W,BD,5340
35551,2026-05-02,23:35,Saturday,COLLEGE STATION,MUIRS,0,0,,YU,0
35576,2026-05-03,09:00,Sunday,MAIN STREET STATION,EUSC,0,0,W,BD,5026
35601,2026-05-03,18:14,Sunday,DOWNSVIEW PARK STATION,PUOPO,4,9,S,YU,6016
35626,2026-05-03,00:18,Sunday,FINCH STATION,TUATC,0,0,S,YU,6121
35651,2026-05-04,09:10,Monday,KIPLING STATION,SUL,0,0,E,BD,5062
35676,2026-05-04,13:48,Monday,VICTORIA PARK STATION,PUMEL,0,0,,BD,0
35701,2026-05-04,19:52,Monday,ST GEORGE YUS STATION,MUIS,0,0,,YU,0
35726,2026-05-05,06:43,Tuesday,QUEEN'S PARK STATION,MUIR,3,5,S,YU,6091
35751,2026-05-05,12:10,Tuesday,FINCH STATION,MUPAA,7,13,S,YU,5416
35776,2026-05-05,17:11,Tuesday,WARDEN STATION (APPROA,TUMVS,3,5,W,BD,5268
35801,2026-05-05,22:15,Tuesday,YUS SUBWAY,MUGD,0,0,,YU,0
35826,2026-05-06,07:02,Wednesday,SHEPPARD STATION,MUIRS,0,0,,YU,0
35851,2026-05-06,11:08,Wednesday,UNION STATION - KING,MUPAA,11,14,N,YU,6031
35876,2026-05-06,15:10,Wednesday,KENNEDY BD STATION PLA,MUDD,3,5,W,BD,5100
35901,2026-05-06,18:48,Wednesday,CHESTER STATION,TUSC,3,6,E,BD,5166
35926,2026-05-06,23:20,Wednesday,DON MILLS STATION,MUO,4,9,W,SHP,6171
35951,2026-05-07,09:47,Thursday,EGLINTON STATION,SUL,0,0,N,YU,6031
35976,2026-05-07,15:50,Thursday,BROADVIEW STATION,MUIS,0,0,,BD,0
36001,2026-05-07,20:19,Thursday,LANSDOWNE STATION,MUSC,0,0,W,BD,5094
36026,2026-05-07,00:52,Thursday,BATHURST STATION,MUIRS,0,0,,BD,0
36051,2026-05-08,07:57,Friday,COLLEGE STATION,SUL,0,0,S,YU,5506
36076,2026-05-08,12:08,Friday,EGLINTON STATION,SUL,3,6,S,YU,5641
36101,2026-05-08,17:18,Friday,BATHURST STATION,EUSC,0,0,W,BD,5032
36126,2026-05-08,23:55,Friday,COLLEGE STATION,SUL,0,0,N,YU,0
36151,2026-05-09,13:56,Saturday,TMU STATION,MUPAA,3,6,N,YU,6076
36176,2026-05-09,19:34,Saturday,RUNNYMEDE STATION,MUIS,0,0,,BD,0
36201,2026-05-10,07:53,Sunday,MAIN STREET STATION,SUO,0,0,,BD,0
36226,2026-05-10,13:30,Sunday,RUNNYMEDE STATION (APP,PUTIJ,0,0,W,BD,5058
36251,2026-05-10,19:55,Sunday,ST ANDREW STATION,SUDP,0,0,,YU,0
36276,2026-05-11,05:35,Monday,NORTH YORK CTR STATION,PUTWZ,13,17,S,YU,5701
36301,2026-05-11,09:17,Monday,ST ANDREW STATION,SUL,3,6,S,YU,5776
36326,2026-05-11,14:37,Monday,BLOOR STATION,MUI,12,15,N,YU,6116
36351,2026-05-11,21:01,Monday,ISLINGTON STATION,MUPLB,5,8,E,BD,5098
36376,2026-05-11,15:26,Monday,DON MILLS STATION,PUMEL,0,0,,SHP,0
36401,2026-05-12,09:15,Tuesday,KIPLING STATION,SUDP,3,5,E,BD,5160
36426,2026-05-12,16:15,Tuesday,KENNEDY BD STATION,TUSC,0,0,E,BD,5322
36451,2026-05-12,21:39,Tuesday,ST GEORGE YUS STATION,PUMO,0,0,,YU,0
36476,2026-05-13,05:34,Wednesday,FINCH STATION,MUSE,0,0,,YU,0
36501,2026-05-13,09:58,Wednesday,QUEEN STATION,MUPAA,3,5,S,YU,5586
36526,2026-05-13,15:13,Wednesday,LAWRENCE WEST STATION,MUPAA,0,0,N,YU,6006
36551,2026-05-13,20:00,Wednesday,FINCH STATION,SUO,0,0,S,YU,6026
36576,2026-05-14,03:37,Thursday,GREENWOOD YARD,SUG,0,0,,BD,0
36601,2026-05-14,11:15,Thursday,BLOOR STATION,PUSCR,5,8,S,YU,5466
36626,2026-05-14,16:10,Thursday,YORKDALE STATION,EUO,3,6,S,YU,5661
36651,2026-05-14,21:38,Thursday,VMC STATION,MUIR,5,10,S,YU,5786
36676,2026-05-15,05:02,Friday,DAVISVILLE YARD (ENTER,PUTOE,0,0,S,YU,62
36701,2026-05-15,09:02,Friday,YONGE BD STATION,SUL,0,0,W,BD,5276
36726,2026-05-15,15:22,Friday,FINCH STATION,SUL,0,0,S,YU,5496
36751,2026-05-15,21:21,Friday,YONGE BD STATION,SUDP,0,0,W,BD,5109
36776,2026-05-16,05:45,Saturday,DONLANDS STATION,TUSC,0,0,E,BD,5297
36801,2026-05-16,13:50,Saturday,SHEPPARD WEST STATION,TUS,5,8,N,YU,5476
36826,2026-05-16,21:29,Saturday,PIONEER VILLAGE STATIO,MUIS,0,0,,YU,0
36851,2026-05-17,10:37,Sunday,UNION STATION,MUIS,0,0,,YU,0
36876,2026-05-17,18:49,Sunday,FINCH STATION,SUDP,0,0,,YU,0
36901,2026-05-17,22:36,Sunday,ROYAL YORK STATION,SUO,0,0,,BD,0
36926,2026-05-18,13:55,Monday,ST GEORGE BD STATION,MUPAA,0,0,W,BD,5068
36951,2026-05-18,22:12,Monday,DOWNSVIEW PARK STATION,PUOPO,5,10,N,YU,5411
36976,2026-05-19,07:43,Tuesday,KIPLING STATION - LEAV,TUO,0,0,E,BD,5212
37001,2026-05-19,15:17,Tuesday,FINCH STATION,MUPAA,3,6,S,YU,5996
37026,2026-05-19,21:01,Tuesday,ST GEORGE YUS STATION,PUTNT,10,13,S,YU,5521
37051,2026-05-20,08:17,Wednesday,FINCH WEST STATION,EUO,8,11,S,YU,5586
37076,2026-05-20,13:07,Wednesday,DUNDAS WEST STATION,MUSC,5,8,W,BD,5328
37101,2026-05-20,20:23,Wednesday,PAPE STATION,SUDP,3,6,W,BD,5027
37126,2026-05-20,23:59,Wednesday,BLOOR-DANFORTH LINE 2,MUCP,0,0,,BD,0
37151,2026-05-21,08:22,Thursday,ST GEORGE BD STATION,SUL,0,0,E,BD,5227
37176,2026-05-21,16:00,Thursday,BATHURST STATION,MUPAA,5,7,W,BD,5179
37201,2026-05-21,22:12,Thursday,BLOOR STATION,SUDP,10,13,N,YU,6096
37226,2026-05-22,07:35,Friday,FINCH STATION,PUMEL,0,0,,YU,0
37251,2026-05-22,14:53,Friday,NORTH YORK CTR STATION,PUOPO,4,7,S,YU,5561
37276,2026-05-22,22:20,Friday,WOODBINE STATION,MUIR,7,11,E,BD,5126
37301,2026-05-23,07:41,Saturday,FINCH STATION,MUSAN,5,10,S,YU,5911
37326,2026-05-23,15:00,Saturday,KEELE STATION,SUDP,0,0,,BD,0
37351,2026-05-23,19:24,Saturday,BLOOR STATION,SUDP,0,0,S,YU,5721
37376,2026-05-23,21:22,Saturday,SHEPPARD-YONGE STATION,MUSAN,5,10,W,SHP,6196
37401,2026-05-24,11:41,Sunday,BLOOR STATION,SUL,0,0,N,YU,6071
37426,2026-05-24,18:18,Sunday,FINCH STATION,SUO,0,0,N,YU,5471
37451,2026-05-25,05:47,Monday,VICTORIA PARK STATION,PUSTS,7,10,W,BD,5100
37476,2026-05-25,10:24,Monday,GREENWOOD SHOP,MUIE,0,0,,,0
37501,2026-05-25,18:40,Monday,DOWNSVIEW PARK STATION,PUOPO,8,10,S,YU,6011
37526,2026-05-25,00:50,Monday,PAPE STATION,SUDP,0,0,W,BD,5160
37551,2026-05-26,10:05,Tuesday,ST GEORGE YUS STATION,PUMEL,0,0,,YU,0
37576,2026-05-26,17:02,Tuesday,FINCH STATION (PLATFOR,TUO,3,6,N,YU,6046
37601,2026-05-26,22:49,Tuesday,WELLESLEY STATION,SUPOL,0,0,,YU,0
37626,2026-05-27,07:17,Wednesday,SPADINA YUS STATION,SUL,0,0,S,YU,5861
37651,2026-05-27,11:54,Wednesday,KENNEDY BD STATION,MUSC,0,0,E,BD,5168
37676,2026-05-27,16:59,Wednesday,FINCH STATION,SUDP,0,0,,YU,0
37701,2026-05-27,01:05,Wednesday,SHEPPARD WEST STATION,MUIR,17,23,S,YU,5546
37726,2026-05-28,08:41,Thursday,KIPLING STATION,SUL,0,0,E,BD,5270
37751,2026-05-28,15:15,Thursday,KIPLING STATION,MUTO,0,0,E,BD,5164
37776,2026-05-28,20:03,Thursday,KIPLING STATION,TUSC,0,0,W,BD,5261
37801,2026-05-29,06:00,Friday,DUNDAS WEST STATION,SUDP,0,0,W,BD,5237
37826,2026-05-29,13:23,Friday,WILSON STATION,PUOPO,0,0,S,YU,5926
37851,2026-05-29,20:33,Friday,SPADINA YUS STATION,MUPAA,0,0,N,YU,5551
37876,2026-05-29,01:16,Friday,FINCH STATION,MUI,12,17,N,YU,5536
37901,2026-05-30,10:57,Saturday,CASTLE FRANK STATION,MUO,5,10,E,BD,5272
37926,2026-05-30,20:43,Saturday,ST GEORGE BD STATION,MUSC,0,0,W,BD,5072
37951,2026-05-30,05:45,Saturday,SHEPPARD-YONGE STATION,PUCSC,0,0,E,SHP,6186
37976,2026-05-31,14:05,Sunday,KIPLING STATION,TUMVS,0,0,W,BD,5022
38001,2026-05-31,20:53,Sunday,BLOOR STATION,MUIS,0,0,,YU,0
38026,2026-06-01,06:47,Monday,VMC STATION,TUSET,3,5,S,YU,5751
38051,2026-06-01,11:02,Monday,KIPLING STATION,SUG,0,0,W,BD,5173
38076,2026-06-01,16:43,Monday,KIPLING STATION,TUSC,0,0,E,BD,5041
38101,2026-06-01,23:06,Monday,SHEPPARD STATION,PUSAC,0,0,N,YU,0
38126,2026-06-02,07:50,Tuesday,BLOOR STATION,SUDP,0,0,,YU,0
38151,2026-06-02,13:36,Tuesday,FINCH STATION,SUL,0,0,,YU,0
38176,2026-06-02,17:49,Tuesday,ISLINGTON STATION,MUPLB,5,7,E,BD,5191
38201,2026-06-02,00:24,Tuesday,FINCH STATION,MUIRS,0,0,,YU,0
38226,2026-06-03,09:16,Wednesday,BLOOR STATION,SUL,0,0,N,YU,5746
38251,2026-06-03,19:17,Wednesday,GLENCAIRN STATION,EUATC,0,0,S,YU,5456
38276,2026-06-03,01:34,Wednesday,FINCH STATION #2,SUL,0,0,S,YU,5886
38301,2026-06-04,08:26,Thursday,DUNDAS WEST STATION,TUMVS,0,0,W,BD,5214
38326,2026-06-04,12:56,Thursday,QUEEN STATION,PUOPO,0,0,S,YU,5386
38351,2026-06-04,16:32,Thursday,BLOOR STATION,MUPAA,0,0,N,YU,5776
38376,2026-06-04,22:16,Thursday,WARDEN STATION,MUIRS,8,12,E,BD,5057
38401,2026-06-05,08:15,Friday,ST GEORGE BD STATION,EUSC,0,0,W,BD,5183
38426,2026-06-05,14:02,Friday,NORTH YORK CTR STATION,PUOPO,0,0,N,YU,5996
38451,2026-06-05,19:57,Friday,YONGE BD STATION,SUDP,0,0,E,BD,5286
38476,2026-06-05,00:10,Friday,COXWELL STATION,MUTO,6,11,W,BD,5057
38501,2026-06-06,08:26,Saturday,ST CLAIR WEST STATION,SUL,0,0,S,YU,5811
38526,2026-06-06,14:27,Saturday,KENNEDY BD STATION,MUSAN,4,8,W,BD,5191
38551,2026-06-06,21:26,Saturday,OSSINGTON STATION,SUL,0,0,E,BD,0
38576,2026-06-07,02:25,Sunday,KENNEDY BD STATION,MUIS,0,0,,BD,0
38601,2026-06-07,14:49,Sunday,KEELE STATION,SUDP,3,7,E,BD,5124
38626,2026-06-07,22:09,Sunday,ST CLAIR STATION,TUO,5,10,S,YU,5516
38651,2026-06-08,07:58,Monday,MAIN STREET STATION,MUTD,0,0,E,BD,5098
38676,2026-06-08,12:16,Monday,DAVISVILLE STATION,MUIR,0,0,N,YU,5886
38701,2026-06-08,18:59,Monday,DAVISVILLE STATION,MUSAN,4,8,S,YU,5761
38726,2026-06-08,01:44,Monday,FINCH STATION PLATFORM,MUIR,0,0,S,YU,5511
38751,2026-06-09,09:15,Tuesday,QUEEN'S PARK STATION,PUOPO,4,6,S,YU,5601
38776,2026-06-09,15:20,Tuesday,COLLEGE STATION,MUPAA,5,8,S,YU,5406
38801,2026-06-09,21:36,Tuesday,COXWELL STATION,TUNIP,7,12,W,BD,5368
38826,2026-06-10,08:08,Wednesday,EGLINTON STATION,PUOPO,0,0,S,YU,5621
38851,2026-06-10,12:49,Wednesday,RUNNYMEDE STATION,MUPAA,3,6,E,BD,5057
38876,2026-06-10,16:59,Wednesday,VMC STATION,MUIS,0,0,,YU,0
38901,2026-06-10,21:50,Wednesday,FINCH STATION,MUIR,3,6,S,YU,5701
38926,2026-06-11,06:38,Thursday,KENNEDY BD STATION (AP,TUSC,0,0,E,BD,5337
38951,2026-06-11,12:31,Thursday,KENNEDY BD STATION - P,MUI,3,6,E,BD,5108
38976,2026-06-11,16:11,Thursday,OLD MILL STATION,MUSC,4,7,W,BD,5153
39001,2026-06-11,21:54,Thursday,VMC STATION,MUI,0,0,S,YU,5586
39026,2026-06-12,08:15,Friday,BATHURST STATION,MUDD,7,9,E,BD,5206
39051,2026-06-12,14:43,Friday,BATHURST STATION,MUPAA,3,6,E,BD,5250
39076,2026-06-12,20:01,Friday,DUPONT STATION,PUOPO,3,6,S,YU,6121
39101,2026-06-12,00:25,Friday,TMU STATION,SUL,0,0,N,YU,5971
39126,2026-06-13,08:00,Saturday,CHRISTIE STATION,SUO,0,0,,BD,0
39151,2026-06-13,15:41,Saturday,YORK UNIVERSITY STATIO,SUO,30,33,N,YU,5441
39176,2026-06-13,20:44,Saturday,ST GEORGE BD STATION,MUO,0,0,E,BD,5010
39201,2026-06-13,01:43,Saturday,VMC STATION (PLATFORM,PUOPO,0,0,S,YU,5806
39226,2026-06-14,13:00,Sunday,BLOOR-DANFORTH SUBWAY,MUO,0,0,,BD,0
39251,2026-06-14,20:20,Sunday,KENNEDY BD STATION,MUIR,4,8,W,BD,5230
39276,2026-06-15,02:01,Monday,KENNEDY BD STATION,MUIS,0,0,,BD,0
39301,2026-06-15,08:56,Monday,KENNEDY BD STATION,EUSC,3,5,E,BD,5221
39326,2026-06-15,14:45,Monday,KIPLING STATION,MUTO,3,6,W,BD,5787
39351,2026-06-15,19:28,Monday,CHRISTIE STATION,PUMST,0,0,,BD,0
39376,2026-06-15,00:17,Monday,JANE STATION,MUIS,0,0,E,BD,0
39401,2026-06-16,08:24,Tuesday,BROADVIEW STATION,MUIR,5,7,E,BD,5025
39426,2026-06-16,15:04,Tuesday,RUNNYMEDE STATION,MUFL,0,0,W,BD,5304
39451,2026-06-16,21:34,Tuesday,OLD MILL STATION,EUSC,0,0,E,BD,5220
39476,2026-06-17,07:18,Wednesday,WELLESLEY STATION,SUDP,0,0,S,YU,5861
39501,2026-06-17,12:17,Wednesday,LINE 2 BLOOR DANFORTH,MUGD,0,0,,BD,0
39526,2026-06-17,16:40,Wednesday,WILSON STATION,EUNEA,3,6,S,YU,0
39551,2026-06-17,21:42,Wednesday,DUFFERIN STATION,MUIRS,0,0,,BD,0
39576,2026-06-18,05:44,Thursday,GREENWOOD STATION,EUNEA,3,7,E,BD,5172
39601,2026-06-18,09:50,Thursday,GLENCAIRN STATION,MUPF,0,0,N,YU,6076
39626,2026-06-18,15:58,Thursday,WILSON STATION,SUDP,10,13,S,YU,6016
39651,2026-06-18,19:43,Thursday,KING STATION,SUDP,0,0,S,YU,5616
39676,2026-06-18,00:48,Thursday,YORKDALE STATION,MUIRS,0,0,S,YU,5451
39701,2026-06-19,11:06,Friday,ST CLAIR STATION,SUL,0,0,S,YU,0
39726,2026-06-19,18:33,Friday,TMU STATION,MUPAA,3,5,S,YU,6121
39751,2026-06-20,08:06,Saturday,YONGE BD STATION,MUSAN,4,9,E,BD,5041
39776,2026-06-20,12:42,Saturday,COXWELL STATION,EUCD,4,8,W,BD,5037
39801,2026-06-20,21:44,Saturday,SPADINA BD STATION,SUL,0,0,,BD,0
39826,2026-06-21,10:36,Sunday,DUNDAS WEST STATION,SUO,0,0,,BD,0
39851,2026-06-21,19:57,Sunday,VICTORIA PARK STATION,EUSC,0,0,E,BD,5205
39876,2026-06-21,01:37,Sunday,YORK UNIVERSITY STATIO,SUAP,10,15,N,YU,5526
39901,2026-06-22,09:48,Monday,YONGE BD STATION,MUO,0,0,W,BD,5264
39926,2026-06-22,15:19,Monday,KIPLING STATION,TUS,0,0,E,BD,5085
39951,2026-06-22,23:18,Monday,BLOOR DANFORTH LINE,MUGD,0,0,,BD,0
39976,2026-06-23,06:22,Tuesday,GLENCAIRN STATION,MUTO,4,0,N,YU,5696
40001,2026-06-23,13:28,Tuesday,DUNDAS WEST STATION,PUMST,0,0,,BD,0
40026,2026-06-23,18:27,Tuesday,COLLEGE STATION,SUUT,3,5,N,YU,5536
40051,2026-06-24,06:17,Wednesday,EGLINTON STATION,TUO,3,8,N,YU,6006
40076,2026-06-24,13:19,Wednesday,WOODBINE STATION,SUDP,0,0,W,BD,5172
40101,2026-06-24,18:36,Wednesday,SPADINA BD STATION,PUMEL,0,0,,BD,0
40126,2026-06-24,01:22,Wednesday,VICTORIA PARK STATION,MUIS,0,0,,BD,0
40151,2026-06-25,11:23,Thursday,TMU STATION,PUMST,0,0,,YU,0
40176,2026-06-25,16:49,Thursday,LAWRENCE STATION,MUIRS,0,0,,YU,0
40201,2026-06-25,00:50,Thursday,SPADINA YUS STATION,PUMST,0,0,,YU,0
40226,2026-06-26,07:57,Friday,ST GEORGE BD STATION,SUDP,5,8,W,BD,5027
40251,2026-06-26,12:24,Friday,MUSEUM STATION,MUIR,15,18,N,YU,6081
40276,2026-06-26,16:40,Friday,FINCH STATION,PUMEL,0,0,,YU,0
40301,2026-06-26,22:05,Friday,ST CLAIR STATION,MUIS,0,0,,YU,0
40326,2026-06-27,08:40,Saturday,YONGE BD STATION,SUL,0,0,E,BD,5264
40351,2026-06-27,14:05,Saturday,ST GEORGE YUS STATION,TUS,5,10,N,YU,5416
40376,2026-06-27,20:08,Saturday,DAVISVILLE STATION,SUL,0,0,S,YU,0
40401,2026-06-27,00:59,Saturday,YONGE BD STATION,SUO,10,16,W,BD,5266
40426,2026-06-28,11:46,Sunday,YONGE BD STATION,SUDP,0,0,E,BD,0
40451,2026-06-28,18:50,Sunday,BLOOR STATION,SUDP,3,7,S,YU,5801
40476,2026-06-29,02:34,Monday,VMC STATION (PLATFORM,SUDP,0,0,S,YU,5466
40501,2026-06-29,10:04,Monday,BLOOR STATION,SUUT,0,0,S,YU,5721
40526,2026-06-29,17:13,Monday,DONLANDS STATION,PUMEL,0,0,,,0
40551,2026-06-29,22:34,Monday,PAPE STATION,SUPOL,10,14,W,BD,5279
40576,2026-06-30,09:12,Tuesday,WOODBINE STATION,EUSC,0,0,E,BD,5226
40601,2026-06-30,13:02,Tuesday,WOODBINE STATION,EUSC,0,0,E,BD,5226
40626,2026-06-30,17:16,Tuesday,BLOOR STATION,SUAP,0,0,,YU,0
40651,2026-06-30,01:28,Tuesday,SHEPPARD WEST STATION,SUDP,13,17,S,YU,5831
40676,2026-07-01,12:37,Wednesday,FINCH STATION-PLAT 2,MUIR,0,0,S,YU,5821
40701,2026-07-01,18:07,Wednesday,CEDARVALE YU STATION,MUIS,0,0,,YU,0
40726,2026-07-01,01:56,Wednesday,CEDARVALE YU STATION,MUPF,0,0,N,YU,5941
40751,2026-07-02,09:52,Thursday,BROADVIEW STATION,SUL,0,0,W,BD,5080
40776,2026-07-02,17:40,Thursday,BLOOR STATION,SUL,0,0,N,YU,5701
40801,2026-07-02,00:14,Thursday,DUFFERIN STATION,MUIRS,0,0,,BD,0
40826,2026-07-03,09:13,Friday,QUEEN'S PARK STATION,SUDP,0,0,,YU,0
40851,2026-07-03,13:57,Friday,KIPLING STATION,TUNIP,3,6,E,BD,5040
40876,2026-07-03,18:39,Friday,KENNEDY BD STATION,MUSAN,4,6,W,BD,5257
40901,2026-07-03,00:25,Friday,NORTH YORK CTR STATION,SUUT,0,0,S,YU,6051
40926,2026-07-04,11:57,Saturday,ROYAL YORK STATION,TUS,6,10,W,BD,5188
40951,2026-07-04,18:10,Saturday,VMC STATION,MUPAA,0,0,N,YU,5786
40976,2026-07-04,23:56,Saturday,DUFFERIN STATION,MUIS,0,0,,BD,0
41001,2026-07-05,13:57,Sunday,FINCH STATION,SUO,0,0,,YU,0
41026,2026-07-05,18:36,Sunday,KIPLING TAIL TRACK,SUO,0,0,,BD,0
41051,2026-07-06,02:00,Monday,UNION STATION,SUL,0,0,,YU,0
41076,2026-07-06,10:51,Monday,YORK UNIVERSITY STATIO,PUOPO,0,0,S,YU,6041
41101,2026-07-06,16:17,Monday,BLOOR STATION,EUATC,0,0,N,YU,5426
41126,2026-07-06,22:06,Monday,LANSDOWNE STATION,SUDP,3,7,W,BD,5028
41151,2026-07-07,07:43,Tuesday,ST CLAIR WEST STATION,MUIS,0,0,S,YU,0
41176,2026-07-07,13:32,Tuesday,BATHURST STATION,TUSC,0,0,E,BD,5219
41201,2026-07-07,18:50,Tuesday,MUSEUM STATION,PUSAC,4,6,S,YU,6131
41226,2026-07-07,06:43,Tuesday,LESLIE STATION,EUSC,0,0,W,SHP,6181
41251,2026-07-08,11:41,Wednesday,OLD MILL STATION,MUIRS,0,0,,BD,0
41276,2026-07-08,16:03,Wednesday,UNION STATION,SUDP,0,0,S,YU,6041
41301,2026-07-08,18:49,Wednesday,EGLINTON STATION,MUPAA,0,0,S,YU,5966
41326,2026-07-08,01:35,Wednesday,FINCH STATION,MUIR,0,0,S,YU,5726
41351,2026-07-09,10:01,Thursday,ROSEDALE STATION,MUWEA,3,6,N,YU,5836
41376,2026-07-09,15:48,Thursday,HIGHWAY 407 STATION,PUOPO,0,0,N,YU,5711
41401,2026-07-09,21:18,Thursday,GREENWOOD STATION,TUSC,0,0,W,BD,5329
41426,2026-07-10,07:59,Friday,KIPLING STATION,TUO,0,0,W,BD,5038
41451,2026-07-10,14:57,Friday,KIPLING STATION - PLAT,MUTO,0,0,E,BD,5122
41476,2026-07-10,20:34,Friday,CHRISTIE STATION - APP,TUMVS,3,7,E,BD,5285
41501,2026-07-11,09:56,Saturday,BLOOR STATION,SUDP,4,9,N,YU,5721
41526,2026-07-11,16:46,Saturday,CASTLE FRANK STATION,MUIRS,0,0,E,BD,5136
41551,2026-07-11,22:19,Saturday,WARDEN STATION,MUIRS,0,0,,BD,0
41576,2026-07-12,11:34,Sunday,YONGE BD STATION,SUDP,0,0,E,BD,5255
41601,2026-07-12,19:42,Sunday,SPADINA BD STATION,SUO,0,0,W,BD,0
41626,2026-07-12,12:59,Sunday,DON MILLS STATION,TUMVS,3,8,E,SHP,6191
41651,2026-07-13,09:04,Monday,ISLINGTON STATION,EUPI,3,5,W,BD,5159
41676,2026-07-13,17:02,Monday,KENNEDY BD STATION,TUSC,0,0,E,BD,5240
41701,2026-07-13,22:15,Monday,YONGE BD STATION,SUO,0,0,E,BD,5355
41726,2026-07-14,07:41,Tuesday,OSSINGTON STATION,TUMVS,0,0,W,BD,5053
41751,2026-07-14,11:49,Tuesday,YONGE BD STATION,SUL,0,0,,BD,0
41776,2026-07-14,16:47,Tuesday,DUNDAS WEST STATION,PUMEL,0,0,W,BD,0
41801,2026-07-14,00:39,Tuesday,YORK MILLS STATION,MUDD,4,9,N,YU,5846
41826,2026-07-15,07:33,Wednesday,COXWELL STATION,MUIS,0,0,,BD,0
41851,2026-07-15,14:06,Wednesday,DAVISVILLE STATION,MUTO,3,6,S,YU,5511
41876,2026-07-15,19:43,Wednesday,SHEPPARD WEST STATION,PUOPO,5,7,N,YU,6106
41901,2026-07-16,06:41,Thursday,YORK MILLS STATION,SUL,0,0,,YU,0
41926,2026-07-16,13:39,Thursday,YORK MILLS STATION,SUDP,0,0,,YU,0
41951,2026-07-16,19:18,Thursday,WARDEN STATION (APPROA,TUMVS,0,0,W,BD,5245
41976,2026-07-16,02:59,Thursday,BAYVIEW STATION,PUMEL,0,0,,SHP,0
42001,2026-07-17,08:45,Friday,ROSEDALE STATION,MUPAA,5,7,S,YU,6126
42026,2026-07-17,14:27,Friday,FINCH STATION,PUTWZ,4,7,,YU,5866
42051,2026-07-17,18:53,Friday,FINCH STATION,PUTWZ,0,0,,YU,5846
42076,2026-07-17,08:20,Friday,BESSARION STATION,PUOPO,0,0,E,SHP,6156
42101,2026-07-18,13:49,Saturday,WOODBINE STATION,TUNCA,0,0,,BD,0
42126,2026-07-18,18:57,Saturday,VMC STATION,EUO,4,8,S,YU,5786
42151,2026-07-18,23:32,Saturday,TMU STATION,SUO,0,0,,YU,0
42176,2026-07-19,11:35,Sunday,WARDEN STATION,MUPAA,0,0,W,BD,5084
42201,2026-07-19,20:29,Sunday,KENNEDY BD STATION,TUNOA,4,8,W,BD,0
42226,2026-07-20,08:10,Monday,CHRISTIE STATION,SUDP,0,0,E,BD,5100
42251,2026-07-20,17:03,Monday,BLOOR STATION,SUDP,0,0,N,YU,5566
42276,2026-07-20,22:00,Monday,YONGE-UNIVERSITY AND B,MUINF,0,0,,YUS/BD,0
42301,2026-07-21,06:28,Tuesday,VICTORIA PARK STATION,MUSC,0,0,W,BD,5106
42326,2026-07-21,11:57,Tuesday,SHEPPARD STATION,SUDP,0,0,N,YU,5511
42351,2026-07-21,17:27,Tuesday,EGLINTON STATION,MUTO,3,5,S,YU,5456
42376,2026-07-21,21:43,Tuesday,DONLANDS STATION,MUIR,9,13,E,BD,5199
42401,2026-07-22,05:07,Wednesday,MAIN STREET STATION,SUL,0,0,,BD,0
42426,2026-07-22,15:15,Wednesday,ST GEORGE BD STATION,PUMEL,0,0,,BD,0
42451,2026-07-22,22:18,Wednesday,YONGE BD STATION,MUIS,0,0,,BD,0
42476,2026-07-23,09:10,Thursday,BLOOR STATION,MUIS,0,0,,YU,0
42501,2026-07-23,13:43,Thursday,MUSEUM STATION,PUOPO,0,0,S,YU,5786
42526,2026-07-23,21:05,Thursday,ST ANDREW STATION,MUPAA,3,5,N,YU,5906
42551,2026-07-24,05:58,Friday,FINCH STATION,EUDO,0,0,S,YU,5396
42576,2026-07-24,12:15,Friday,BLOOR DANFORTH SUBWAY,MUGD,0,0,,BD,0
42601,2026-07-24,20:03,Friday,BROADVIEW STATION,MUIRS,0,0,,BD,0
42626,2026-07-25,05:52,Saturday,FINCH STATION,EUBK,5,10,S,YU,5806
42651,2026-07-25,15:38,Saturday,SPADINA BD STATION,MUIS,0,0,E,BD,0
42676,2026-07-25,00:46,Saturday,ST ANDREW STATION,PUOPO,0,0,S,YU,5976
42701,2026-07-26,14:05,Sunday,BLOOR STATION,MUIRS,0,0,S,YU,0
42726,2026-07-26,22:00,Sunday,YONGE-UNIVERSITY AND B,MUINF,0,0,,YU/BD,0
42751,2026-07-27,07:35,Monday,EGLINTON STATION,SUL,0,0,,YU,0
42776,2026-07-27,14:51,Monday,CEDARVALE YU STATION,MUIRS,0,0,,YU,0
42801,2026-07-27,21:14,Monday,EGLINTON STATION,PUSRA,4,7,S,YU,5486
42826,2026-07-28,06:01,Tuesday,GLENCAIRN STATION,PUTWZ,4,0,N,YU,5961
42851,2026-07-28,09:52,Tuesday,FINCH STATION,MUSAN,3,6,S,YU,5441
42876,2026-07-28,17:16,Tuesday,VICTORIA PARK STATION,MUIS,0,0,,BD,0
42901,2026-07-28,01:04,Tuesday,RUNNYMEDE STATION,MUIRS,0,0,,BD,0
42926,2026-07-29,11:05,Wednesday,SHEPPARD STATION,TUOS,0,0,N,YU,6041
42951,2026-07-29,16:23,Wednesday,WELLESLEY STATION,SUO,5,8,S,YU,5461
42976,2026-07-29,22:45,Wednesday,ST GEORGE YU STATION,MUPAA,7,12,S,YU,5411
43001,2026-07-30,07:59,Thursday,BAY STATION,SUDP,0,0,E,BD,5123
43026,2026-07-30,14:51,Thursday,BLOOR STATION,SUAE,0,0,N,YU,5723
43051,2026-07-30,21:34,Thursday,FINCH STATION (PLATFOR,MUIR,3,7,N,YU,5906
43076,2026-07-30,15:35,Thursday,BAYVIEW STATION,PUSTS,7,12,E,SHP,6191
43101,2026-07-31,09:34,Friday,KENNEDY BD STATION,TUNIP,0,0,W,BD,5330
43126,2026-07-31,15:25,Friday,SHERBOURNE STATION,SUDP,3,6,E,BD,5291
43151,2026-07-31,23:16,Friday,DOWNSVIEW PARK STATION,MUIS,0,0,N,YU,0
43176,2026-08-01,06:44,Saturday,KENNEDY BD STATION,MUSC,0,0,W,BD,5235
43201,2026-08-01,14:51,Saturday,MUSEUM STATION,SUAP,0,0,S,YU,5541
43226,2026-08-01,22:00,Saturday,YONGE-UNIVERSITY AND B,MUINF,0,0,,,0
43251,2026-08-01,17:36,Saturday,DON MILLS STATION,SUL,0,0,,SHP,0
43276,2026-08-02,14:21,Sunday,YONGE BD STATION,PUMST,0,0,,BD,0
43301,2026-08-02,23:55,Sunday,ST CLAIR STATION,SUAP,0,0,S,YU,5611
43326,2026-08-03,14:31,Monday,ST GEORGE BD STATION,PUMEL,0,0,,BD,0
43351,2026-08-03,23:28,Monday,BROADVIEW STATION,MUIRS,0,0,E,BD,0
43376,2026-08-04,11:54,Tuesday,BLOOR STATION,SUDP,7,10,S,YU,5706
43401,2026-08-04,18:40,Tuesday,YONGE BD STATION,MUIS,0,0,,BD,0
43426,2026-08-05,02:00,Wednesday,PIONEER VILLAGE,SUDP,0,0,,YU,0
43451,2026-08-05,11:39,Wednesday,MAIN STREET STATION,MUO,0,0,,BD,0
43476,2026-08-05,17:02,Wednesday,ROYAL YORK STATION,SUO,0,0,E,BD,5186
43501,2026-08-05,22:54,Wednesday,DOWNSVIEW PARK STATION,PUMEL,0,0,,YU,0
43526,2026-08-06,06:57,Thursday,QUEEN'S PARK STATION,MUIRS,0,0,,YU,0
43551,2026-08-06,14:13,Thursday,UNION STATION,SUL,0,0,N,YU,5561
43576,2026-08-06,19:52,Thursday,LINE 2 BLOOR DANFORTH,MUGD,0,0,,BD,0
43601,2026-08-06,01:43,Thursday,FINCH STATION,SUDP,7,12,N,YU,5466
43626,2026-08-07,10:43,Friday,YONGE BD STATION,SUDP,0,0,W,BD,5274
43651,2026-08-07,18:54,Friday,COLLEGE STATION,SUAP,10,12,N,YU,5986
43676,2026-08-07,21:56,Friday,SHEPPARD-YONGE STATION,SUDP,4,7,W,SHP,6151
43701,2026-08-08,11:57,Saturday,DONLANDS STATION,EUCD,6,11,E,BD,5026
43726,2026-08-08,20:23,Saturday,DUNDAS WEST STATION,MUIS,0,0,W,BD,0
43751,2026-08-09,08:43,Sunday,NORTH YORK CTR STATION,PUOPO,6,11,S,YU,5636
43776,2026-08-09,21:21,Sunday,DUNDAS WEST STATION,SUL,0,0,,BD,0
43801,2026-08-10,06:11,Monday,BLOOR STATION,TUO,3,0,N,YU,5471
43826,2026-08-10,13:10,Monday,BAY STATION,TUO,0,0,W,BD,5333
43851,2026-08-10,21:41,Monday,ST CLAIR WEST STATION,MUPAA,5,8,S,YU,6041
43876,2026-08-11,05:46,Tuesday,GREENWOOD STATION,EUVE,4,0,E,BD,5157
43901,2026-08-11,12:54,Tuesday,BLOOR STATION,SUL,0,0,S,YU,5501
43926,2026-08-11,18:35,Tuesday,SUMMERHILL STATION,MUPAA,3,5,S,YU,5651
43951,2026-08-11,23:53,Tuesday,SHEPPARD WEST STATION,MUIS,0,0,,YU,0
43976,2026-08-12,09:46,Wednesday,VMC STATION,MUSAN,0,0,S,YU,5631
44001,2026-08-12,18:00,Wednesday,WARDEN STATION,SUO,0,0,,BD,0
44026,2026-08-12,00:03,Wednesday,KIPLING STATION,TUCC,0,0,W,BD,5283
44051,2026-08-13,08:43,Thursday,DUNDAS WEST STATION,SUAP,0,0,,BD,0
44076,2026-08-13,14:38,Thursday,CASTLE FRANK STATION,TUNCA,0,0,,BD,0
44101,2026-08-13,21:53,Thursday,DONLANDS STATION,MUIR,9,12,E,BD,5189
44126,2026-08-14,09:31,Friday,QUEEN'S PARK STATION,PUOPO,0,0,N,YU,5861
44151,2026-08-14,17:44,Friday,DUPONT STATION,MUPAA,0,0,S,YU,5716
44176,2026-08-14,23:06,Friday,ST ANDREW STATION,MUPAA,0,0,N,YU,5541
44201,2026-08-15,10:30,Saturday,PAPE STATION,EUPI,3,8,W,BD,5368
44226,2026-08-15,18:18,Saturday,KIPLING STATION,MUPAA,0,0,E,BD,5001
44251,2026-08-16,07:55,Sunday,COXWELL STATION,TUNCA,0,0,,BD,0
44276,2026-08-16,18:19,Sunday,PIONEER VILLAGE STATIO,MUIS,0,0,,YU,0
44301,2026-08-16,21:19,Sunday,LESLIE STATION,TUSC,0,0,W,SHP,6146
44326,2026-08-17,12:04,Monday,LINE 2 - BLOOR DANFORT,MUGD,0,0,,BD,0
44351,2026-08-17,20:22,Monday,ST GEORGE YU STATION,MUPAA,5,7,N,YU,5471
44376,2026-08-18,06:32,Tuesday,ST GEORGE YU STATION,PUOPO,4,7,S,YU,5826
44401,2026-08-18,13:32,Tuesday,KENNEDY BD STATION,MUO,5,8,W,BD,5142
44426,2026-08-18,20:47,Tuesday,WELLESLEY STATION,MUIRS,0,0,S,YU,0
44451,2026-08-18,07:04,Tuesday,BAYVIEW STATION,MUSC,0,0,E,SHP,6186
44476,2026-08-19,10:14,Wednesday,FINCH STATION,SUO,0,0,,YU,0
44501,2026-08-19,16:26,Wednesday,KENNEDY BD STATION,MUTO,3,5,W,BD,5284
44526,2026-08-19,22:06,Wednesday,ISLINGTON STATION,MUPAA,3,6,E,BD,5293
44551,2026-08-20,06:33,Thursday,COLLEGE STATION,SUL,0,0,N,YU,5806
44576,2026-08-20,14:15,Thursday,BLOOR STATION,SUDP,0,0,N,YU,0
44601,2026-08-20,19:11,Thursday,LINE 2 BLOOR DANFORTH,MUGD,0,0,,,0
44626,2026-08-20,01:04,Thursday,PIONEER VILLAGE STATIO,SUL,0,0,,YU,0
44651,2026-08-21,12:00,Friday,BLOOR-DANFORTH SUBWAY,MUGD,0,0,,BD,0
44676,2026-08-21,17:14,Friday,KIPLING STATION,EUSC,0,0,W,BD,5280
44701,2026-08-21,23:24,Friday,DUNDAS WEST STATION,MUIS,0,0,,BD,0
44726,2026-08-22,10:21,Saturday,BROADVIEW STATION,TUMVS,5,10,E,BD,5250
44751,2026-08-22,18:29,Saturday,DAVISVILLE STATION,EUNT,3,6,N,YU,5866
44776,2026-08-22,22:46,Saturday,KIPLING STATION,MUIRS,0,0,,BD,0
44801,2026-08-23,09:02,Sunday,SHEPPARD STATION,PUOPO,5,10,S,YU,5581
44826,2026-08-23,15:45,Sunday,COLLEGE STATION,TUNCA,0,0,,YU,0
44851,2026-08-23,22:23,Sunday,SHEPPARD-YONGE STATION,PUOPO,0,0,E,SHP,6166
44876,2026-08-24,09:43,Monday,ST GEORGE YU STATION,MUIR,0,0,N,YU,5831
44901,2026-08-24,15:57,Monday,DONLANDS STATION,EUNEA,3,5,W,BD,5216
44926,2026-08-24,20:04,Monday,HIGH PARK STATION,MUI,3,6,W,BD,5232
44951,2026-08-25,05:58,Tuesday,FINCH STATION,EUPI,4,8,S,YU,5696
44976,2026-08-25,15:27,Tuesday,ROSEDALE STATION,MUIS,0,0,N,YU,0
45001,2026-08-25,22:55,Tuesday,CEDARVALE YU STATION,MUIS,0,0,,YU,0
45026,2026-08-26,09:01,Wednesday,VICTORIA PARK STATION,EUSC,0,0,W,BD,5280
45051,2026-08-26,16:16,Wednesday,UNION STATION,MUIRS,0,0,,YU,0
45076,2026-08-26,23:33,Wednesday,KIPLING STATION,SUDP,5,10,E,BD,5027
45101,2026-08-27,11:01,Thursday,GLENCAIRN STATION,MUSE,0,0,,YU,0
45126,2026-08-27,16:51,Thursday,HIGH PARK STATION,TUSC,0,0,E,BD,5108
45151,2026-08-27,20:55,Thursday,OSSINGTON CENTRE TRACK,MUSC,0,0,E,BD,5260
45176,2026-08-28,07:41,Friday,KENNEDY BD STATION,MUTO,3,5,W,BD,5110
45201,2026-08-28,12:45,Friday,UNION STATION,MUNCA,0,0,,YU,0
45226,2026-08-28,16:59,Friday,ST CLAIR STATION,EUO,3,5,N,YU,5946
45251,2026-08-28,00:52,Friday,EGLINTON STATION,TUO,15,20,S,YU,5651
45276,2026-08-29,13:47,Saturday,KENNEDY BD STATION,MUTO,4,8,W,BD,5304
45301,2026-08-29,22:31,Saturday,KENNEDY BD STATION,MUIR,3,9,E,BD,5314
45326,2026-08-30,09:08,Sunday,FINCH STATION,PUOPO,0,0,S,YU,6096
45351,2026-08-30,18:13,Sunday,KIPLING STATION,MUIS,0,0,,BD,0
45376,2026-08-30,22:28,Sunday,FINCH STATION,MUIS,0,0,,YU,0
45401,2026-08-31,09:09,Monday,VMC STATION,SUDP,0,0,S,YU,6111
45426,2026-08-31,15:35,Monday,JANE STATION,SUO,0,0,W,BD,5282
45451,2026-08-31,20:58,Monday,ST GEORGE YU STATION,EUDO,0,0,S,YU,5386
